Spinghar Institute Of Higher Education,AFG,Afghanistan,Nangarhar,,Physician,7275dbe6-7416-4352-b2d9-ebf3d580cc0d
Bayazid Roshan University Of Nangarhar Faculty Of Medicine,AFG,Afghanistan,Nangarhar,,Physician,7275dbe6-7416-4352-b2d9-ebf3d580cc0d
Kabul Medical University Faculty Of Curative Medicine,AFG,Afghanistan,Kabul,KUMS,Physician,7275dbe6-7416-4352-b2d9-ebf3d580cc0d
Balkh University Faculty Of Medicine,AFG,Afghanistan,Balkh,BU,Physician,7275dbe6-7416-4352-b2d9-ebf3d580cc0d
Griffith University,AGO,Angola,Queensland,,Physician,7275dbe6-7416-4352-b2d9-ebf3d580cc0d
Universidade Agostinho Neto,AGO,Angola,Luanda,UAN,Physician,7275dbe6-7416-4352-b2d9-ebf3d580cc0d
Universidade Katyavala Buila,AGO,Angola,Benguela,UKB,Physician,7275dbe6-7416-4352-b2d9-ebf3d580cc0d
Universidade 11 De Novembro,AGO,Angola,Cabinda,UON,Physician,7275dbe6-7416-4352-b2d9-ebf3d580cc0d
Universidade Lueji A ́Nkonde,AGO,Angola,Dundo,ULAN,Physician,7275dbe6-7416-4352-b2d9-ebf3d580cc0d
Hebei North University,AGO,Angola,Hebei,HBNU,Physician,7275dbe6-7416-4352-b2d9-ebf3d580cc0d
Universidade Mandume Ya Ndemufayo,AGO,Angola,Lubango,UMN,Physician,7275dbe6-7416-4352-b2d9-ebf3d580cc0d
Universidade Jean Piaget De Angola,AGO,Angola,Benguela,UNIPIAGET,Physician,7275dbe6-7416-4352-b2d9-ebf3d580cc0d
Universiteti Zoja E Këshillit Të Mirë Fakulteti I Mjekësisë,ALB,Albania,Autonome e Trentos,,Physician,7275dbe6-7416-4352-b2d9-ebf3d580cc0d
Dubai Medical College For Girls,ARE,United Arab Emirates,Dubai,DMC,Physician,7275dbe6-7416-4352-b2d9-ebf3d580cc0d
Gulf Medical University,ARE,United Arab Emirates,Ajman,GMU,Physician,7275dbe6-7416-4352-b2d9-ebf3d580cc0d
Rak College Of Medical Sciences,ARE,United Arab Emirates,Ras Al-Khaimah,,Physician,7275dbe6-7416-4352-b2d9-ebf3d580cc0d
United Arab Emirates University College Of Medicine And Health Sciences,ARE,United Arab Emirates,Al Ain,UAEU,Physician,7275dbe6-7416-4352-b2d9-ebf3d580cc0d
University Of Sharjah College Of Medicine,ARE,United Arab Emirates,Sharjah,UOS,Physician,7275dbe6-7416-4352-b2d9-ebf3d580cc0d
Universidad De Ciencias Empresariales Y Sociales Facultad De Ciencias De La Salud,ARG,Argentina,Buenos Aires,UCES,Physician,7275dbe6-7416-4352-b2d9-ebf3d580cc0d
Universidad Nacional De Mar Del Plata Escuela Superior De Medicina,ARG,Argentina,de Buenos Aires,UNMDP,Physician,7275dbe6-7416-4352-b2d9-ebf3d580cc0d
Instituto Universitario De Ciencias De La Salud Facultad De Medicina Fundación Barceló,ARG,Argentina,de Buenos Aires,,Physician,7275dbe6-7416-4352-b2d9-ebf3d580cc0d
Universidad De Buenos Aires Facultad De Medicina,ARG,Argentina,de Buenos Aires,,Physician,7275dbe6-7416-4352-b2d9-ebf3d580cc0d
Universidad Nacional De Córdoba Facultad De Ciencias Médicas,ARG,Argentina,Cordoba,,Physician,7275dbe6-7416-4352-b2d9-ebf3d580cc0d
Universidad Nacional De Rosario Facultad De Ciencias Médicas ,ARG,Argentina,Santa Fe,FCM,Physician,7275dbe6-7416-4352-b2d9-ebf3d580cc0d
Universidad Adventista Del Plata Facultad De Ciencias De La Salud,ARG,Argentina,Entre Rios,UAP,Physician,7275dbe6-7416-4352-b2d9-ebf3d580cc0d
Universidad Favaloro Facultad De Ciencias Médicas,ARG,Argentina,Buenos Aires,,Physician,7275dbe6-7416-4352-b2d9-ebf3d580cc0d
Universidad De Mendoza Facultad De Ciencias De La Salud,ARG,Argentina,Mendoza,,Physician,7275dbe6-7416-4352-b2d9-ebf3d580cc0d
Universidad De Morón Facultad De Medicina,ARG,Argentina,Buenos Aires,,Physician,7275dbe6-7416-4352-b2d9-ebf3d580cc0d
Universidad Fasta,ARG,Argentina,Mar del Plata,FASTA,Physician,7275dbe6-7416-4352-b2d9-ebf3d580cc0d
Universidad Nacional De Tucumán Facultad De Medicina,ARG,Argentina,Tucumán,UNT,Physician,7275dbe6-7416-4352-b2d9-ebf3d580cc0d
Universidad Del Aconcagua Facultad De Ciencias Médicas,ARG,Argentina,Mendoza,,Physician,7275dbe6-7416-4352-b2d9-ebf3d580cc0d
Instituto Universitario Escuela De Medicina Del Hospital Italiano,ARG,Argentina,Buenos Aires,IUHI,Physician,7275dbe6-7416-4352-b2d9-ebf3d580cc0d
Universidad Católica De Córdoba Facultad De Medicina,ARG,Argentina,Cordoba,,Physician,7275dbe6-7416-4352-b2d9-ebf3d580cc0d
Universidad Nacional De La Plata Facultad De Ciencias Médicas ,ARG,Argentina,Buenos Aires,UNLP,Physician,7275dbe6-7416-4352-b2d9-ebf3d580cc0d
Universidad Nacional De Cuyo Facultad De Ciencias Médicas,ARG,Argentina,Buenos Aires,,Physician,7275dbe6-7416-4352-b2d9-ebf3d580cc0d
"Universidad Abierta Interamericana Facultad De Medicina y Ciencias De La Salud, Sede Buenos Aires",ARG,Argentina,Buenos Aires,UAI,Physician,7275dbe6-7416-4352-b2d9-ebf3d580cc0d
Universidad Nacional Del Litoral Facultad De Ciencias Médicas,ARG,Argentina,Santa Fe,UNL,Physician,7275dbe6-7416-4352-b2d9-ebf3d580cc0d
Universidad Del Salvador Facultad De Medicina,ARG,Argentina,Manitoba,,Physician,7275dbe6-7416-4352-b2d9-ebf3d580cc0d
Universidad Nacional Del Nordeste Facultad De Medicina,ARG,Argentina,Corrientes,UNNE,Physician,7275dbe6-7416-4352-b2d9-ebf3d580cc0d
Universidad Nacional De La Rioja Escuela De Medicina,ARG,Argentina,La Rioja,UNLAR,Physician,7275dbe6-7416-4352-b2d9-ebf3d580cc0d
Universidad Nacional De La Rioja Escuela De Medicina ,ARG,Argentina,La Rioja,UNLAR,Physician,7275dbe6-7416-4352-b2d9-ebf3d580cc0d
Universidad Nacional Del Sur,ARG,Argentina,Buenos Aires,UNS,Physician,7275dbe6-7416-4352-b2d9-ebf3d580cc0d
Universidad Maimonides,ARG,Argentina,Ontario,,Physician,7275dbe6-7416-4352-b2d9-ebf3d580cc0d
Universidad Nacional Del Comahue,ARG,Argentina,de Neuquén,,Physician,7275dbe6-7416-4352-b2d9-ebf3d580cc0d
Armenian Medical Institute Faculty Of Medicine,ARM,Armenia,Yerevan,AMI,Physician,7275dbe6-7416-4352-b2d9-ebf3d580cc0d
Yerevan Haybusak University Faculty Of Medicine,ARM,Armenia,Yerevan,,Physician,7275dbe6-7416-4352-b2d9-ebf3d580cc0d
Yerevan State Medical University Named For Mkhitar Heratsi,ARM,Armenia,Yerevan,,Physician,7275dbe6-7416-4352-b2d9-ebf3d580cc0d
Yerevan University Of Traditional Medicine,ARM,Armenia,Yerevan,,Physician,7275dbe6-7416-4352-b2d9-ebf3d580cc0d
Xavier University School Of Medicine,ABW,Aruba,‎Oranjestad,XUSOM,Physician,7275dbe6-7416-4352-b2d9-ebf3d580cc0d
American University Of Barbados School Of Medicine,ATG,Antigua and Barbuda,Caribbean,,Physician,7275dbe6-7416-4352-b2d9-ebf3d580cc0d
University Of Health Sciences Antigua School Of Medicine,ATG,Antigua and Barbuda,Caribbean,UHSA,Physician,7275dbe6-7416-4352-b2d9-ebf3d580cc0d
Metropolitan University College Of Medicine,ATG,Antigua and Barbuda,Hebei,,Physician,7275dbe6-7416-4352-b2d9-ebf3d580cc0d
American University Of Antigua College Of Medicine,ATG,Antigua and Barbuda,Caribbean,AUA,Physician,7275dbe6-7416-4352-b2d9-ebf3d580cc0d
Medical University Of The Americas,ATG,Antigua and Barbuda,Saint kitts and Nevis,MUA,Physician,7275dbe6-7416-4352-b2d9-ebf3d580cc0d
Australian National University,AUS,Australia,Canberra,ANU,Physician,7275dbe6-7416-4352-b2d9-ebf3d580cc0d
Sydney Medical School,AUS,Australia,New South Wales,,Physician,7275dbe6-7416-4352-b2d9-ebf3d580cc0d
Macquarie University Faculty Of Medicine & Health Sciences,AUS,Australia,New South Wales,,Physician,7275dbe6-7416-4352-b2d9-ebf3d580cc0d
University Of New South Wales Faculty Of Medicine,AUS,Australia,New South Wales,,Physician,7275dbe6-7416-4352-b2d9-ebf3d580cc0d
University Of Western Sydney School Of Medicine,AUS,Australia,Greater Western,WSU,Physician,7275dbe6-7416-4352-b2d9-ebf3d580cc0d
University Of Wollongong Graduate School Of Medicine,AUS,Australia,New South Wales,UOW,Physician,7275dbe6-7416-4352-b2d9-ebf3d580cc0d
University Of Newcastle School Of Medicine And Public Health,AUS,Australia,New South Wales,,Physician,7275dbe6-7416-4352-b2d9-ebf3d580cc0d
University Of New England School Of Rural Medicine,AUS,Australia,New South Wales,,Physician,7275dbe6-7416-4352-b2d9-ebf3d580cc0d
"University Of Notre Dame School Of Medicine, Sydney",AUS,Australia,New South Wales,,Physician,7275dbe6-7416-4352-b2d9-ebf3d580cc0d
Bond University Faculty Of Health Sciences And Medicine,AUS,Australia,New South Wales,,Physician,7275dbe6-7416-4352-b2d9-ebf3d580cc0d
Griffith University School Of Medicine,AUS,Australia,Queensland,,Physician,7275dbe6-7416-4352-b2d9-ebf3d580cc0d
James Cook University School Of Medicine And Dentistry,AUS,Australia,North Queensland,JCU,Physician,7275dbe6-7416-4352-b2d9-ebf3d580cc0d
Curtin Medical School,AUS,Australia,Western Australia,,Physician,7275dbe6-7416-4352-b2d9-ebf3d580cc0d
University Of Queensland School Of Medicine,AUS,Australia,Queensland,,Physician,7275dbe6-7416-4352-b2d9-ebf3d580cc0d
University Of Adelaide Medical School,AUS,Australia,South Australia,AMS,Physician,7275dbe6-7416-4352-b2d9-ebf3d580cc0d
Flinders University School Of Medicine,AUS,Australia,South Australia,,Physician,7275dbe6-7416-4352-b2d9-ebf3d580cc0d
University Of Tasmania School Of Medicine,AUS,Australia,Tasmania,UTAS,Physician,7275dbe6-7416-4352-b2d9-ebf3d580cc0d
University Of Melbourne,AUS,Australia,Victoria,UM,Physician,7275dbe6-7416-4352-b2d9-ebf3d580cc0d
"Monash University Faculty Of Medicine, Nursing And Health Sciences",AUS,Australia,Victoria,,Physician,7275dbe6-7416-4352-b2d9-ebf3d580cc0d
Deakin University School Of Medicine,AUS,Australia,Victoria,,Physician,7275dbe6-7416-4352-b2d9-ebf3d580cc0d
"University Of Notre Dame School Of Medicine, Fremantle",AUS,Australia,Western Australia,,Physician,7275dbe6-7416-4352-b2d9-ebf3d580cc0d
"University Of Western Australia Faculty Of Medicine, Dentistry And Health Sciences",AUS,Australia,Western Australia,UWA,Physician,7275dbe6-7416-4352-b2d9-ebf3d580cc0d
Sigmund Freud Privatuniversität Medizinischen Fakultät,AUT,Austria,Vienna,,Physician,7275dbe6-7416-4352-b2d9-ebf3d580cc0d
Medical University Of Graz,AUT,Austria,GRAZ,,Physician,7275dbe6-7416-4352-b2d9-ebf3d580cc0d
Innsbruck Medical University,AUT,Austria,Innsbruck,MUI,Physician,7275dbe6-7416-4352-b2d9-ebf3d580cc0d
Medical University Of Vienna,AUT,Austria,Vienna,,Physician,7275dbe6-7416-4352-b2d9-ebf3d580cc0d
Paracelsus Private Medical University Of Salzburg,AUT,Austria,Salzburg,PMU,Physician,7275dbe6-7416-4352-b2d9-ebf3d580cc0d
Medical Faculty At Johannes Kepler University Linz,AUT,Austria,Upper Austria,JKU,Physician,7275dbe6-7416-4352-b2d9-ebf3d580cc0d
Karl Landsteiner Private University Of Health Sciences,AUT,Austria,Upper Austria,KL,Physician,7275dbe6-7416-4352-b2d9-ebf3d580cc0d
Innsbruck Medical University,AUT,Austria,Innsbruck,MUI,Physician,7275dbe6-7416-4352-b2d9-ebf3d580cc0d
Medical University Of Vienna,AUT,Austria,Vienna,,Physician,7275dbe6-7416-4352-b2d9-ebf3d580cc0d
Medical Faculty At Johannes Kepler University Linz,AUT,Austria,Upper Austria,JKU,Physician,7275dbe6-7416-4352-b2d9-ebf3d580cc0d
Karl Landsteiner Private University Of Health Sciences,AUT,Austria,Upper Austria,KL,Physician,7275dbe6-7416-4352-b2d9-ebf3d580cc0d
Innsbruck Medical University,AUT,Austria,Innsbruck,MUI,Physician,7275dbe6-7416-4352-b2d9-ebf3d580cc0d
Medical University Of Vienna,AUT,Austria,Vienna,,Physician,7275dbe6-7416-4352-b2d9-ebf3d580cc0d
Universiteit Antwerpen – Faculty Of Medicine,BEL,Belgium,Antwerp,UA,Physician,7275dbe6-7416-4352-b2d9-ebf3d580cc0d
Vrije Universiteit Brussel – Faculty Of Medicine And Pharmacy,BEL,Belgium,Brussels,,Physician,7275dbe6-7416-4352-b2d9-ebf3d580cc0d
Universiteit Gent – Faculty Of Medicine And Health Sciences,BEL,Belgium,Ghent,,Physician,7275dbe6-7416-4352-b2d9-ebf3d580cc0d
Universiteit Hasselt – Faculty Of Medicine,BEL,Belgium,Limburg,,Physician,7275dbe6-7416-4352-b2d9-ebf3d580cc0d
Katholieke Universiteit Leuven – Faculty Of Medicine,BEL,Belgium,West Flanders,KU,Physician,7275dbe6-7416-4352-b2d9-ebf3d580cc0d
Université Libre De Bruxelles – Faculty Of Medicine,BEL,Belgium,Brussels,ULB,Physician,7275dbe6-7416-4352-b2d9-ebf3d580cc0d
Facultés Universitaires Notre-Dame De La Paix – Faculty Of Medicine,BEL,Belgium,Southeast Brussels,,Physician,7275dbe6-7416-4352-b2d9-ebf3d580cc0d
Université Catholique De Louvain – Faculty Of Medicine And Dental Sciences,BEL,Belgium,Southeast Brussels,,Physician,7275dbe6-7416-4352-b2d9-ebf3d580cc0d
Université De Liège – Faculty Of Medicine,BEL,Belgium,Wallonia,,Physician,7275dbe6-7416-4352-b2d9-ebf3d580cc0d
Université De Mons – Faculty Of Medicine,BEL,Belgium,Wallonia,UMONS,Physician,7275dbe6-7416-4352-b2d9-ebf3d580cc0d
University Of Namur,BEL,Belgium,Wallonia,Unamur,Physician,7275dbe6-7416-4352-b2d9-ebf3d580cc0d
Shaheed Ziaur Rahman Medical College,BGD,Bangladesh,North Bengal,SZMC,Physician,7275dbe6-7416-4352-b2d9-ebf3d580cc0d
Enam Medical College And Hospital,BGD,Bangladesh,Dhaka,EMCH,Physician,7275dbe6-7416-4352-b2d9-ebf3d580cc0d
Ibrahim Medical College,BGD,Bangladesh,Dhaka,IMC,Physician,7275dbe6-7416-4352-b2d9-ebf3d580cc0d
Chittagong Medical College And Hospital,BGD,Bangladesh,Southeastern Bangladesh,CMC,Physician,7275dbe6-7416-4352-b2d9-ebf3d580cc0d
Community Based Medical College,BGD,Bangladesh,Winnerpar,CBMCB,Physician,7275dbe6-7416-4352-b2d9-ebf3d580cc0d
Rajshahi Medical College,BGD,Bangladesh,Rajshahi,RMC,Physician,7275dbe6-7416-4352-b2d9-ebf3d580cc0d
Zhejiang University School Of Medicine,BGD,Bangladesh,Zhejiand,ZUSM,Physician,7275dbe6-7416-4352-b2d9-ebf3d580cc0d
Prime Medical College,BGD,Bangladesh,Rangpur,PMC,Physician,7275dbe6-7416-4352-b2d9-ebf3d580cc0d
Faridpur Medical College,BGD,Bangladesh,South-central Bangladesh,FMC,Physician,7275dbe6-7416-4352-b2d9-ebf3d580cc0d
Khwaja Yunus Ali Medical College,BGD,Bangladesh,North-central Bangladesh,,Physician,7275dbe6-7416-4352-b2d9-ebf3d580cc0d
Chattagram Maa-O-Shishu Hospital Medical College,BGD,Bangladesh,Southeastern Bangladesh,CMO SHMC,Physician,7275dbe6-7416-4352-b2d9-ebf3d580cc0d
Shaheed Suhrawardy Medical College,BGD,Bangladesh,Dhaka,ShSMC,Physician,7275dbe6-7416-4352-b2d9-ebf3d580cc0d
Jalalabad Ragib-Rabeya Medical College,BGD,Bangladesh,Northeastern Bangladesh,JRRMC,Physician,7275dbe6-7416-4352-b2d9-ebf3d580cc0d
Diabetic Association Medical College,BGD,Bangladesh,South-central Bangladesh,DAMCF,Physician,7275dbe6-7416-4352-b2d9-ebf3d580cc0d
Southern Medical College & Hospital,BGD,Bangladesh,Southeastern Bangladesh,,Physician,7275dbe6-7416-4352-b2d9-ebf3d580cc0d
Sher-E-Bangla Medical College,BGD,Bangladesh,South-central Bangladesh,SBMC,Physician,7275dbe6-7416-4352-b2d9-ebf3d580cc0d
Holy Family Red Crescent Medical College,BGD,Bangladesh,Dhaka,,Physician,7275dbe6-7416-4352-b2d9-ebf3d580cc0d
Dhaka National Medical College & Hospital,BGD,Bangladesh,Dhaka,,Physician,7275dbe6-7416-4352-b2d9-ebf3d580cc0d
"Eastern Medical College, Comilla",BGD,Bangladesh,Southeastern Bangladesh,EMC,Physician,7275dbe6-7416-4352-b2d9-ebf3d580cc0d
Shaheed Monsur Ali Medical College,BGD,Bangladesh,Dhaka,,Physician,7275dbe6-7416-4352-b2d9-ebf3d580cc0d
Cox'S Bazar Medical College,BGD,Bangladesh,Southeastern Bangladesh,,Physician,7275dbe6-7416-4352-b2d9-ebf3d580cc0d
Dr. Sirajul Islam Medical College And Hospital,BGD,Bangladesh,Dhaka,SIMC,Physician,7275dbe6-7416-4352-b2d9-ebf3d580cc0d
International Medical College,BGD,Bangladesh,Dhaka,,Physician,7275dbe6-7416-4352-b2d9-ebf3d580cc0d
University Of Science And Technology Chittagong,BGD,Bangladesh,Southeastern Bangladesh,USTC,Physician,7275dbe6-7416-4352-b2d9-ebf3d580cc0d
Manikganj Medical College,BGD,Bangladesh,Dhaka,,Physician,7275dbe6-7416-4352-b2d9-ebf3d580cc0d
Popular Medical College And Hospital,BGD,Bangladesh,Dhaka,PMC,Physician,7275dbe6-7416-4352-b2d9-ebf3d580cc0d
Anwer Khan Modern Medical College,BGD,Bangladesh,Dhaka,AKMMC,Physician,7275dbe6-7416-4352-b2d9-ebf3d580cc0d
Abdul Malek Ukil Medical College,BGD,Bangladesh,Southeastern Bangladesh,,Physician,7275dbe6-7416-4352-b2d9-ebf3d580cc0d
Rangpur Community Medical College,BGD,Bangladesh,Rangpur,RCMC,Physician,7275dbe6-7416-4352-b2d9-ebf3d580cc0d
Khulna Medical College,BGD,Bangladesh,Khulana,KMC,Physician,7275dbe6-7416-4352-b2d9-ebf3d580cc0d
University Of Baghdad College Of Medicine,BGD,Bangladesh,Baghdad,,Physician,7275dbe6-7416-4352-b2d9-ebf3d580cc0d
Medical University Of Sofia Faculty Of Medicine,BGR,Bulgaria,Sofia,,Physician,7275dbe6-7416-4352-b2d9-ebf3d580cc0d
Medical University Of Plovdiv Faculty Of Medicine,BGR,Bulgaria,Plovdiv,,Physician,7275dbe6-7416-4352-b2d9-ebf3d580cc0d
Medical University Varna Faculty Of Medicine,BGR,Bulgaria,Northeastern Bulgaria.,MU,Physician,7275dbe6-7416-4352-b2d9-ebf3d580cc0d
Trakia University Faculty Of Medicine,BGR,Bulgaria,Zagora,,Physician,7275dbe6-7416-4352-b2d9-ebf3d580cc0d
Pleven Medical University,BGR,Bulgaria,Northwestern Bulgaria,MU,Physician,7275dbe6-7416-4352-b2d9-ebf3d580cc0d
Arabian Gulf University College Of Medicine And Medical Sciences,BHR,Bahrain,Manama,CMMS AGU,Physician,7275dbe6-7416-4352-b2d9-ebf3d580cc0d
University Of Tuzla Faculty Of Medicine,BIH,Bosnia and Herzegovina,Tuzla Canton,,Physician,7275dbe6-7416-4352-b2d9-ebf3d580cc0d
American Northwest University School Of Medicine,BIH,Bosnia and Herzegovina,Northwestern Bulgaria,ANU,Physician,7275dbe6-7416-4352-b2d9-ebf3d580cc0d
University Of Banja Luka Faculty Of Medicine,BIH,Bosnia and Herzegovina,Republika Srpska,UNIBL,Physician,7275dbe6-7416-4352-b2d9-ebf3d580cc0d
University Of Mostar Faculty Of Medicine,BIH,Bosnia and Herzegovina,Zagora,UNMO,Physician,7275dbe6-7416-4352-b2d9-ebf3d580cc0d
University Of Sarajevo Faculty Of Medicine,BIH,Bosnia and Herzegovina,Sarajevo,,Physician,7275dbe6-7416-4352-b2d9-ebf3d580cc0d
University Of Tuzla Faculty Of Medicine,BIH,Bosnia and Herzegovina,Tuzla Canton,,Physician,7275dbe6-7416-4352-b2d9-ebf3d580cc0d
"Sarajevo Medical School, Sarajevo School Of Science And Technology",BIH,Bosnia and Herzegovina,Sarajevo,,Physician,7275dbe6-7416-4352-b2d9-ebf3d580cc0d
University Of Tuzla (Univerzitet U Tuzli),BIH,Bosnia and Herzegovina,Tuzla Canton,,Physician,7275dbe6-7416-4352-b2d9-ebf3d580cc0d
Evropski Univerzitet Kallos (Private),BIH,Bosnia and Herzegovina,Tuzla Canton,,Physician,7275dbe6-7416-4352-b2d9-ebf3d580cc0d
University Of East Sarajevo,BIH,Bosnia and Herzegovina,East Sarajevo,,Physician,7275dbe6-7416-4352-b2d9-ebf3d580cc0d
Belarusian State Medical University,BLR,Belarus,Minsk,BSMU,Physician,7275dbe6-7416-4352-b2d9-ebf3d580cc0d
Gomel State Medical University,BLR,Belarus,Gomel,,Physician,7275dbe6-7416-4352-b2d9-ebf3d580cc0d
Grodno State Medical University,BLR,Belarus,Grodno,,Physician,7275dbe6-7416-4352-b2d9-ebf3d580cc0d
Vitebsk State Medical University,BLR,Belarus,Vitebsk,VSMU,Physician,7275dbe6-7416-4352-b2d9-ebf3d580cc0d
Avicina Medical Academy,BLZ,Belize,Avicina,AMA,Physician,7275dbe6-7416-4352-b2d9-ebf3d580cc0d
Central America Health Sciences University Belize Medical College,BLZ,Belize,Central America,CAHSUBMC,Physician,7275dbe6-7416-4352-b2d9-ebf3d580cc0d
Washington University Of Health And Sciences,BLZ,Belize,Caribbean,,Physician,7275dbe6-7416-4352-b2d9-ebf3d580cc0d
Universidad Autónoma Gabriel René Moreno Facultad De Ciencias De La Salud Humana,BOL,Bolivia,Santa Cruz,,Physician,7275dbe6-7416-4352-b2d9-ebf3d580cc0d
Universidad Católica Boliviana San Pablo Facultad De Medicina,BOL,Bolivia,Central Bolivia,,Physician,7275dbe6-7416-4352-b2d9-ebf3d580cc0d
Universidad Cristiana De Bolivia ,BOL,Bolivia,Santa Cruz,UCEBOL,Physician,7275dbe6-7416-4352-b2d9-ebf3d580cc0d
"Universidad De Aquino Bolivia Facultad De Ciencias De La Salud, Sede Cochabamba",BOL,Bolivia,Santa Cruz,UDABOL,Physician,7275dbe6-7416-4352-b2d9-ebf3d580cc0d
"Universidad De Aquino Bolivia Facultad De Ciencias De La Salud, Sede La Paz",BOL,Bolivia,Santa Cruz,,Physician,7275dbe6-7416-4352-b2d9-ebf3d580cc0d
"Universidad De Aquino Bolivia Facultad De Ciencias De La Salud, Sede Oruro",BOL,Bolivia,Santa Cruz,,Physician,7275dbe6-7416-4352-b2d9-ebf3d580cc0d
"Universidad De Aquino Bolivia Facultad De Ciencias De La Salud, Sede Santa Cruz",BOL,Bolivia,Santa Cruz,,Physician,7275dbe6-7416-4352-b2d9-ebf3d580cc0d
Universidad Del Altiplano Facultad De Medicina,BOL,Bolivia,Puno,UNAP,Physician,7275dbe6-7416-4352-b2d9-ebf3d580cc0d
"Universidad Iberoamericana, La Paz Facultad De Medicina",BOL,Bolivia,Santa Fe,UIA,Physician,7275dbe6-7416-4352-b2d9-ebf3d580cc0d
Universidad Mayor De San Andrés Facultad De Medicina,BOL,Bolivia,Pedro Domingo Murillo,UMSA,Physician,7275dbe6-7416-4352-b2d9-ebf3d580cc0d
Universidad Mayor De San Simón Facultad De Medicina ,BOL,Bolivia,Central Bolivia,UMMSS,Physician,7275dbe6-7416-4352-b2d9-ebf3d580cc0d
Universidad Nacional Ecologica ,BOL,Bolivia,Santa Cruz,UNE,Physician,7275dbe6-7416-4352-b2d9-ebf3d580cc0d
Universidad Nuestra Señora De La Paz Facultad De Medicina,BOL,Bolivia,Central Bolivia,UNSLP,Physician,7275dbe6-7416-4352-b2d9-ebf3d580cc0d
Universidad Privada Abierta Latinoamericana Escuela De Medicina ,BOL,Bolivia,Central Bolivia,UPAL,Physician,7275dbe6-7416-4352-b2d9-ebf3d580cc0d
Universidad Privada Del Valle Facultad De Ciencias De La Salud,BOL,Bolivia,SouthWest,,Physician,7275dbe6-7416-4352-b2d9-ebf3d580cc0d
"Universidad Privada Del Valle Facultad De Medicina, La Paz",BOL,Bolivia,Central Bolivia,,Physician,7275dbe6-7416-4352-b2d9-ebf3d580cc0d
"Universidad Privada Franz Tamayo Facultad De Ciencias De La Salud, El Alto (Unifranz)",BOL,Bolivia,Central Bolivia,,Physician,7275dbe6-7416-4352-b2d9-ebf3d580cc0d
"Universidad Privada Franz Tamayo Facultad De Ciencias De La Salud, La Paz (Unifranz)",BOL,Bolivia,Central Bolivia,,Physician,7275dbe6-7416-4352-b2d9-ebf3d580cc0d
Universidad San Francisco Xavier De Chuquisaca Facultad De Medicina,BOL,Bolivia,Sucre,USFX,Physician,7275dbe6-7416-4352-b2d9-ebf3d580cc0d
Universidad Técnica Privada Cosmos Facultad Ciencias De La Salud,BOL,Bolivia,Central Bolivia,,Physician,7275dbe6-7416-4352-b2d9-ebf3d580cc0d
"Faculty Of Medicine Of The University Of Brasília, Brasília",BRA,Brazil,Centre Western Brazil,,Physician,7275dbe6-7416-4352-b2d9-ebf3d580cc0d
"Course Of Medicine, Catholic University Of Brasília, Brasília",BRA,Brazil,Centre Western Brazil,UCB,Physician,7275dbe6-7416-4352-b2d9-ebf3d580cc0d
"Faculty Of Medicine Of The Central Planalt, Uniplac, Brasília",BRA,Brazil,Centre Western Brazil,,Physician,7275dbe6-7416-4352-b2d9-ebf3d580cc0d
"Medical Course, Escola Superior De Ciências Da Saúde, Brasília. Emescam",BRA,Brazil,Centre Western Brazil,,Physician,7275dbe6-7416-4352-b2d9-ebf3d580cc0d
Faculty Of Medicine Of The Federal University Of Rio De Janeiro,BRA,Brazil,Rio de Janeiro,UNIRIO,Physician,7275dbe6-7416-4352-b2d9-ebf3d580cc0d
Universidad Do Vale Do Rio Dos Sinos,BRA,Brazil,Southern Brazil,UNISINOS,Physician,7275dbe6-7416-4352-b2d9-ebf3d580cc0d
"Institute Of Medical Sciences, Rio De Janeiro State University",BRA,Brazil,Rio de Janeiro,,Physician,7275dbe6-7416-4352-b2d9-ebf3d580cc0d
Faculdades Pequeno Príncipe ,BRA,Brazil,Centre Western Brazil,FPP,Physician,7275dbe6-7416-4352-b2d9-ebf3d580cc0d
Faculty Of Medicine Of The Federal Fluminense University,BRA,Brazil,Rio de Janeiro,UFF,Physician,7275dbe6-7416-4352-b2d9-ebf3d580cc0d
"Medical School Of The Universidade Souza Marques, Rio De Janeiro",BRA,Brazil,Rio de Janeiro,,Physician,7275dbe6-7416-4352-b2d9-ebf3d580cc0d
Centro Universitário Univates ,BRA,Brazil,Southern Brazil,,Physician,7275dbe6-7416-4352-b2d9-ebf3d580cc0d
"Course Of Medicine Of The Universidade Estácio De Sá, Rio De Janeiro",BRA,Brazil,Rio de Janeiro,,Physician,7275dbe6-7416-4352-b2d9-ebf3d580cc0d
Medical School Of The Universidade Do Grande Rio (Unigranrio),BRA,Brazil,Southern Brazil,,Physician,7275dbe6-7416-4352-b2d9-ebf3d580cc0d
"Universidade De Nova Iguaçu, Faculty Of Biological And Health Sciences,  Nova Iguaçu Campus",BRA,Brazil,Southern Brazil,,Physician,7275dbe6-7416-4352-b2d9-ebf3d580cc0d
"Universidade De Nova Iguaçu, Faculty Of Biological And Health Sciences,  Itaperuna Campus",BRA,Brazil,Southern Brazil,,Physician,7275dbe6-7416-4352-b2d9-ebf3d580cc0d
Centro Universitário De Brusque - Unifebe,BRA,Brazil,Santa Catarina,UNIFEBE,Physician,7275dbe6-7416-4352-b2d9-ebf3d580cc0d
Faculty Of Medicine Of Teresópolis,BRA,Brazil,Rio de Janeiro,,Physician,7275dbe6-7416-4352-b2d9-ebf3d580cc0d
Centro Universitário Fg - Unifg,BRA,Brazil,Pernambuco,UNIFG,Physician,7275dbe6-7416-4352-b2d9-ebf3d580cc0d
Universidade São Judas Tadeu - Usjt,BRA,Brazil,Southeast Brazil,USJT,Physician,7275dbe6-7416-4352-b2d9-ebf3d580cc0d
Universidade Brasil,BRA,Brazil,Southeast Brazil,,Physician,7275dbe6-7416-4352-b2d9-ebf3d580cc0d
Faculty Of Medicine Of Vassouras,BRA,Brazil,Caribbean,,Physician,7275dbe6-7416-4352-b2d9-ebf3d580cc0d
Faculdade Evangélica Mackenzie Do Paraná - Fempar,BRA,Brazil,Parana,,Physician,7275dbe6-7416-4352-b2d9-ebf3d580cc0d
Faculty Of Medicine Of Valença,BRA,Brazil,Valencia,,Physician,7275dbe6-7416-4352-b2d9-ebf3d580cc0d
Faculty Of Medicine Of The Universidade Gama Filho,BRA,Brazil,Rio de Janeiro,,Physician,7275dbe6-7416-4352-b2d9-ebf3d580cc0d
Faculty Of Medicine Of Campos Dos Goitacazes,BRA,Brazil,Rio de Janeiro,,Physician,7275dbe6-7416-4352-b2d9-ebf3d580cc0d
Faculty Of Medicine Of Petrópolis,BRA,Brazil,Rio de Janeiro,,Physician,7275dbe6-7416-4352-b2d9-ebf3d580cc0d
School Of Medical Sciences Of Volta Redonda,BRA,Brazil,Rio de Janeiro,,Physician,7275dbe6-7416-4352-b2d9-ebf3d580cc0d
"Faculty Of Medicine Of The University Of São Paulo, São Paulo City",BRA,Brazil,Southeast Brazil,,Physician,7275dbe6-7416-4352-b2d9-ebf3d580cc0d
"School Of Medicine Of Federal University Of São Paulo, São Paulo City",BRA,Brazil,Southeast Brazil,,Physician,7275dbe6-7416-4352-b2d9-ebf3d580cc0d
"Faculty Of Medical Sciences Of Santa Casa De São Paulo, São Paulo City ",BRA,Brazil,Southeast Brazil,,Physician,7275dbe6-7416-4352-b2d9-ebf3d580cc0d
"Department Of Medicine Of The Federal University Of São Carlos, São Carlos",BRA,Brazil,Southeast Brazil,,Physician,7275dbe6-7416-4352-b2d9-ebf3d580cc0d
"Faculty Of Medicine Of University Of Santo Amaro, São Paulo City",BRA,Brazil,Southeast Brazil,,Physician,7275dbe6-7416-4352-b2d9-ebf3d580cc0d
"Faculty Of Medicine Of The Universidade Nove De Julho, São Paulo City",BRA,Brazil,Southeast Brazil,,Physician,7275dbe6-7416-4352-b2d9-ebf3d580cc0d
"Faculty Of Medicine Of Abc, Santo André",BRA,Brazil,Southeast Brazil,ABC,Physician,7275dbe6-7416-4352-b2d9-ebf3d580cc0d
"Course Of Medicine, Universidade De Mogi Das Cruzes, Mogi Das Cruzes",BRA,Brazil,Southeast Brazil,,Physician,7275dbe6-7416-4352-b2d9-ebf3d580cc0d
"Faculty Of Medicine Of Ribeirão Preto Of The University Of São Paulo, Ribeirão Preto",BRA,Brazil,Southeast Brazil,,Physician,7275dbe6-7416-4352-b2d9-ebf3d580cc0d
Faculty Of Medicine Of The Universidade De Ribeirão Preto (Unaerp),BRA,Brazil,Southeast Brazil,UNAERP,Physician,7275dbe6-7416-4352-b2d9-ebf3d580cc0d
"Faculty Of Medicine Of The Centro Universitário Barão De Mauá, Ribeirão Preto",BRA,Brazil,Centre Western Brazil,,Physician,7275dbe6-7416-4352-b2d9-ebf3d580cc0d
Centro Universitário Presidente Tancredo De Almeida Neves - Uniptan,BRA,Brazil,Southeast Brazil,UNIPTAN,Physician,7275dbe6-7416-4352-b2d9-ebf3d580cc0d
Centro Universitário Metropolitano Da Amazônia - Unifamaz,BRA,Brazil,Southeast Brazil,,Physician,7275dbe6-7416-4352-b2d9-ebf3d580cc0d
Universidade São Francisco ,BRA,Brazil,Southeast Brazil,USF,Physician,7275dbe6-7416-4352-b2d9-ebf3d580cc0d
"Faculty Of Medical Sciences Of The State University Of Campinas, Campinas",BRA,Brazil,Southeast Brazil,UNICAMP,Physician,7275dbe6-7416-4352-b2d9-ebf3d580cc0d
Faculty Of Medical Sciences Of The Pontifical Catholic University Of Campinas,BRA,Brazil,Southeast Brazil,UNICAMP,Physician,7275dbe6-7416-4352-b2d9-ebf3d580cc0d
"Faculty Of Medical Sciences Of The Universidade São Francisco, Bragança Paulista",BRA,Brazil,Southeast Brazil,,Physician,7275dbe6-7416-4352-b2d9-ebf3d580cc0d
Faculty Of Medicine Of Botucatu Of The State University Of São Paulo (Unesp),BRA,Brazil,Southeast Brazil,UNESP,Physician,7275dbe6-7416-4352-b2d9-ebf3d580cc0d
"Medical Faculty Of The Universidade Do Oeste Paulista, Presidente Prudente",BRA,Brazil,Southeast Brazil,,Physician,7275dbe6-7416-4352-b2d9-ebf3d580cc0d
Faculty Of Medicine Of São José Do Rio Preto (Famerp),BRA,Brazil,Rio de Janeiro,,Physician,7275dbe6-7416-4352-b2d9-ebf3d580cc0d
Faculty Of Medicine Of Sorocaba Of The Pontifical University Of São Paulo,BRA,Brazil,Southeast Brazil,,Physician,7275dbe6-7416-4352-b2d9-ebf3d580cc0d
Faculty Of Medicine Of The Universidade De Marília,BRA,Brazil,Southeast Brazil,,Physician,7275dbe6-7416-4352-b2d9-ebf3d580cc0d
Faculty Of Medicine Of Jundiai,BRA,Brazil,Southeast Brazil,,Physician,7275dbe6-7416-4352-b2d9-ebf3d580cc0d
Faculty Of Medicine Of The Metropolitan University Of Santos,BRA,Brazil,Minas Gerais,UNIMES,Physician,7275dbe6-7416-4352-b2d9-ebf3d580cc0d
Centro Universitario Campo Real,BRA,Brazil,Parana,,Physician,7275dbe6-7416-4352-b2d9-ebf3d580cc0d
Centro Universitário Lusíada (Unilus),BRA,Brazil,Parana,UNILUS,Physician,7275dbe6-7416-4352-b2d9-ebf3d580cc0d
"Medical Course Of The Centro Universitario Lusíada, Santos",BRA,Brazil,Minas Gerais,,Physician,7275dbe6-7416-4352-b2d9-ebf3d580cc0d
Faculty Of Medicine Of Taubaté,BRA,Brazil,Southeast Brazil,,Physician,7275dbe6-7416-4352-b2d9-ebf3d580cc0d
Faculty Of Medicine Of Catanduva (Fameca),BRA,Brazil,Southeast Brazil,FAMECA,Physician,7275dbe6-7416-4352-b2d9-ebf3d580cc0d
Faculty Of Medicine Of Fernandópolis,BRA,Brazil,Southeast Brazil,,Physician,7275dbe6-7416-4352-b2d9-ebf3d580cc0d
Centro Universitario Cesmac,BRA,Brazil,Northeast Brazil,,Physician,7275dbe6-7416-4352-b2d9-ebf3d580cc0d
"Faculty Of Medicine Of The Federal University Of Minas Gerais, Belo Horizonte",BRA,Brazil,Southeast Brazil,,Physician,7275dbe6-7416-4352-b2d9-ebf3d580cc0d
"Faculty Of Medical Sciences Of Minas Gerais (Feluma), Belo Horizonte",BRA,Brazil,Minas Gerais,UFMG,Physician,7275dbe6-7416-4352-b2d9-ebf3d580cc0d
Faculty Of Medicine Of The Federal University Of Juiz De Fora,BRA,Brazil,Southeast Brazil,,Physician,7275dbe6-7416-4352-b2d9-ebf3d580cc0d
Faculty Of Medicine Of The Federal University Of Uberlândia,BRA,Brazil,Minas Gerais,,Physician,7275dbe6-7416-4352-b2d9-ebf3d580cc0d
Faculty Of Medical Sciences Of Itajubá,BRA,Brazil,Southeast Brazil,,Physician,7275dbe6-7416-4352-b2d9-ebf3d580cc0d
Faculty Of Medical Sciences Of Alfenas (Unifal),BRA,Brazil,Minas Gerais,UNIFAL,Physician,7275dbe6-7416-4352-b2d9-ebf3d580cc0d
Faculty Of Medicine Of Barbacena,BRA,Brazil,Minas Gerais,,Physician,7275dbe6-7416-4352-b2d9-ebf3d580cc0d
Faculty Of Medicine Of Patos De Minas (Unipam),BRA,Brazil,Minas Gerais,UNIPAM,Physician,7275dbe6-7416-4352-b2d9-ebf3d580cc0d
"Faculty Of Medicine Of Triângulo Mineiro, Uberaba",BRA,Brazil,Minas Gerais,,Physician,7275dbe6-7416-4352-b2d9-ebf3d580cc0d
Medical Course Of The University Of Uberaba,BRA,Brazil,Minas Gerais,,Physician,7275dbe6-7416-4352-b2d9-ebf3d580cc0d
Faculty Of Medicine Of Ipatinga,BRA,Brazil,Minas Gerais,,Physician,7275dbe6-7416-4352-b2d9-ebf3d580cc0d
Faculty Of Medicine Of Caratinga,BRA,Brazil,Minas Gerais,,Physician,7275dbe6-7416-4352-b2d9-ebf3d580cc0d
Faculty Of Medicine Of Pouso Alegre,BRA,Brazil,Minas Gerais,,Physician,7275dbe6-7416-4352-b2d9-ebf3d580cc0d
"Course Of Medicine, State University Of Montes Claros (Unimontes)",BRA,Brazil,Minas Gerais,UNIMONTES,Physician,7275dbe6-7416-4352-b2d9-ebf3d580cc0d
Faculdade De Medicina De Campos - Fmc,BRA,Brazil,Minas Gerais,FMC,Physician,7275dbe6-7416-4352-b2d9-ebf3d580cc0d
Faculty Of Medicine Of The Universidade Federal De Ciências Da Saúde De Porto Alegre,BRA,Brazil,Southern Brazil,,Physician,7275dbe6-7416-4352-b2d9-ebf3d580cc0d
"Faculty Of Medicine Of The Federal University Of Rio Grande Do Sul, Porto Alegre, Rio Grande Do Sul (Ufrgs)",BRA,Brazil,Southern Brazil,,Physician,7275dbe6-7416-4352-b2d9-ebf3d580cc0d
"Faculty Of Medicine Of The Pontifical Catholic University Of Rio Grande Do Sul, Porto Alegre, Rio Grande Do Sul",BRA,Brazil,Southern Brazil,,Physician,7275dbe6-7416-4352-b2d9-ebf3d580cc0d
"Course Of Medicine Of The Lutheran University Of Brazil, Canoas, Rio Grande Do Sul",BRA,Brazil,Southern Brazil,,Physician,7275dbe6-7416-4352-b2d9-ebf3d580cc0d
"Medical Course, Federal University Of Pelotas, Pelotas, Rio Grande Do Sul",BRA,Brazil,Southern Brazil,,Physician,7275dbe6-7416-4352-b2d9-ebf3d580cc0d
Ucpel: Universidade Católica De Pelotas,BRA,Brazil,Southern Brazil,,Physician,7275dbe6-7416-4352-b2d9-ebf3d580cc0d
"Faculty Of Medicine, Federal University Of Rio Grande, Rio Grande, Rio Grande Do Sul",BRA,Brazil,Southern Brazil,,Physician,7275dbe6-7416-4352-b2d9-ebf3d580cc0d
Universidade Federal De São Carlos (Ufscar),BRA,Brazil,Southern Brazil,,Physician,7275dbe6-7416-4352-b2d9-ebf3d580cc0d
"Medical Course, Federal University Of Santa Maria, Santa Maria, Rio Grande Do Sul",BRA,Brazil,Southern Brazil,,Physician,7275dbe6-7416-4352-b2d9-ebf3d580cc0d
"Faculty Of Medicine Of The University Of Caxias Do Sul, Rio Grande Do Sul",BRA,Brazil,Southern Brazil,,Physician,7275dbe6-7416-4352-b2d9-ebf3d580cc0d
"Faculty Of Medicine Of The Universidade De Passo Fundo, Rio Grande Do Sul",BRA,Brazil,Southern Brazil,,Physician,7275dbe6-7416-4352-b2d9-ebf3d580cc0d
"Medical Course Of The Federal University Of Santa Catarina , Florianópolis (Ufsc)",BRA,Brazil,Southern Brazil,UFSC,Physician,7275dbe6-7416-4352-b2d9-ebf3d580cc0d
Regional Faculty Of Medicine Of The University Of Blumenau,BRA,Brazil,Santa Catarina,,Physician,7275dbe6-7416-4352-b2d9-ebf3d580cc0d
"Universidade Do Vale Do Itajaí, Course Of Medicine, ",BRA,Brazil,Santa Catarina,,Physician,7275dbe6-7416-4352-b2d9-ebf3d580cc0d
"Universidade Da Região De Joinville, Course Of Medicine, ",BRA,Brazil,Santa Catarina,UNIVILLE,Physician,7275dbe6-7416-4352-b2d9-ebf3d580cc0d
"Universidade Do Sul De Santa Catarina (Unisul), Course Of Medicine, Tubarão",BRA,Brazil,Santa Catarina,UNISUL,Physician,7275dbe6-7416-4352-b2d9-ebf3d580cc0d
"Universidade Do Extremo Sul Catarinense (Unesc) Course Of Medicine, Criciuma",BRA,Brazil,Santa Catarina,UNESC,Physician,7275dbe6-7416-4352-b2d9-ebf3d580cc0d
"University Of Chapecó Regional Community (Unochapecó), Course Of Medicine,  Chapeco",BRA,Brazil,Santa Catarina,,Physician,7275dbe6-7416-4352-b2d9-ebf3d580cc0d
Centro Universitário De Mineiros - Unifimes,BRA,Brazil,Santa Catarina,UNIFIMES,Physician,7275dbe6-7416-4352-b2d9-ebf3d580cc0d
Centro Universitário Uniftc Salvador,BRA,Brazil,Southeast Brazil,FTC,Physician,7275dbe6-7416-4352-b2d9-ebf3d580cc0d
"Faculty Of Medicine Of The University Of Cuiabá (Unic), Cuiabá",BRA,Brazil,Southeast Brazil,,Physician,7275dbe6-7416-4352-b2d9-ebf3d580cc0d
Universidade Federal Do Paraná (Ufpr) Faculdade De Medicina,BRA,Brazil,Parana,UFPR,Physician,7275dbe6-7416-4352-b2d9-ebf3d580cc0d
Universidade Federal Do Rio De Janeiro (Ufrj) Faculdade De Medicina,BRA,Brazil,Rio de Janeiro,UFRG,Physician,7275dbe6-7416-4352-b2d9-ebf3d580cc0d
Faculdade De Ciências Médicas De Minas Gerais (Fcmmg),BRA,Brazil,Minas Gerais,FCMMG,Physician,7275dbe6-7416-4352-b2d9-ebf3d580cc0d
Universidade Federal De São Paulo (Unifesp) Faculdade De Medicina,BRA,Brazil,Southeast Brazil,UNIFESP,Physician,7275dbe6-7416-4352-b2d9-ebf3d580cc0d
Centro Universitário Das Faculdades Associadas De Ensino - Fae (Unifae),BRA,Brazil,Southeast Brazil,,Physician,7275dbe6-7416-4352-b2d9-ebf3d580cc0d
Pontifícia Universidade Católica Do Paraná (Pucpr) Faculdade De Medicina,BRA,Brazil,Parana,PUCPR,Physician,7275dbe6-7416-4352-b2d9-ebf3d580cc0d
Universidade Estadual Do Ceará (Uece),BRA,Brazil,Ceará,UECE,Physician,7275dbe6-7416-4352-b2d9-ebf3d580cc0d
Universidade Catolica De Pernambuco (Unicap),BRA,Brazil,Northeast Brazil,UNICAP,Physician,7275dbe6-7416-4352-b2d9-ebf3d580cc0d
Universidade Do Estado Do Amazonas (Uea) Escola Superior De Ciências Da Saúde,BRA,Brazil,Amazonas,UEA,Physician,7275dbe6-7416-4352-b2d9-ebf3d580cc0d
Universidade Estadual De Ciências Da Saúde De Alagoas (Uncisal) Faculdade De Medicina,BRA,Brazil,Amazonas,UNCISAL,Physician,7275dbe6-7416-4352-b2d9-ebf3d580cc0d
Universidade Federal De Ouro Preto (Ufop),BRA,Brazil,Minas Gerais,UFOP,Physician,7275dbe6-7416-4352-b2d9-ebf3d580cc0d
Universidade Potiguar (Unp) Escola De Saúde,BRA,Brazil,Northeast Brazil,UnP,Physician,7275dbe6-7416-4352-b2d9-ebf3d580cc0d
Faculdade Evangélica Do Paraná (Fepar) Faculdade De Medicina,BRA,Brazil,Northeast Brazil,FEPAR,Physician,7275dbe6-7416-4352-b2d9-ebf3d580cc0d
Faculdade Christus (Fcc) Curso De Medicina,BRA,Brazil,Northeast Brazil,FCC,Physician,7275dbe6-7416-4352-b2d9-ebf3d580cc0d
Centro Universitario Christus (Unichristus),BRA,Brazil,Ceará,,Physician,7275dbe6-7416-4352-b2d9-ebf3d580cc0d
Universidade Severino Sombra (Uss) Faculdade De Medicina De Vassouras,BRA,Brazil,Rio de Janeiro,USS,Physician,7275dbe6-7416-4352-b2d9-ebf3d580cc0d
Centro Universitário De Maringá (Unicesumar),BRA,Brazil,Southern Brazil,,Physician,7275dbe6-7416-4352-b2d9-ebf3d580cc0d
Centro Universitário Do Maranhão (Uniceuma),BRA,Brazil,Northeast Brazil,,Physician,7275dbe6-7416-4352-b2d9-ebf3d580cc0d
Universidade Federal Do Espírito Santo (Ufes) Faculdade De Medicina,BRA,Brazil,Espirito Santo,UFES,Physician,7275dbe6-7416-4352-b2d9-ebf3d580cc0d
Escola Bahiana De Medicina E Saúde Pública (Ebmsp),BRA,Brazil,Northeast Brazil,EBMSP,Physician,7275dbe6-7416-4352-b2d9-ebf3d580cc0d
Universidade Federal Do Estado Do Rio De Janeiro (Unirio) Escola De Medicina E Cirurgia,BRA,Brazil,Rio de Janeiro,UNIRIO,Physician,7275dbe6-7416-4352-b2d9-ebf3d580cc0d
Universidade Salvador (Unifacs),BRA,Brazil,Bahia,UNIFACS,Physician,7275dbe6-7416-4352-b2d9-ebf3d580cc0d
Universidade Federal Do Ceará Faculdade De Medicina Fortaleza,BRA,Brazil,Ceará,,Physician,7275dbe6-7416-4352-b2d9-ebf3d580cc0d
"Centro Universitário Uninovafapi Faculdade De Saúde, Ciências Humanas E Tecnologia Do Piauí",BRA,Brazil,Ceará,,Physician,7275dbe6-7416-4352-b2d9-ebf3d580cc0d
Universidade Federal De Pernambuco (Ufpe) Faculdade De Medicina,BRA,Brazil,Northeast Brazil,UFPE,Physician,7275dbe6-7416-4352-b2d9-ebf3d580cc0d
Universidade Estadual De Campinas (Unicamp) Faculdade De Ciências Médicas,BRA,Brazil,Southeast Brazil,UNICAMP,Physician,7275dbe6-7416-4352-b2d9-ebf3d580cc0d
Universidade Federal De Mato Grosso (Ufmt) Faculdade De Medicina,BRA,Brazil,Mato Grosso,UFMT,Physician,7275dbe6-7416-4352-b2d9-ebf3d580cc0d
Universidade Federal Dos Vales Do Jequitinhonha E Mucuri (Ufvjm),BRA,Brazil,Minas Gerais,UFVJM,Physician,7275dbe6-7416-4352-b2d9-ebf3d580cc0d
Universidade Positivo ,BRA,Brazil,Parana,UP,Physician,7275dbe6-7416-4352-b2d9-ebf3d580cc0d
"Pontifícia Universidade Católica De São Paulo, Faculdade De Medicina",BRA,Brazil,Southeast Brazil,PUCSP,Physician,7275dbe6-7416-4352-b2d9-ebf3d580cc0d
"Centro Universitário São Camilo, São Paulo (Scamilo)",BRA,Brazil,Southeast Brazil,,Physician,7275dbe6-7416-4352-b2d9-ebf3d580cc0d
Universidade Vila Velha ,BRA,Brazil,Southeast Brazil,UVV,Physician,7275dbe6-7416-4352-b2d9-ebf3d580cc0d
Faculdade De Ciências Médicas Da Paraíba ,BRA,Brazil,Northeast Brazil,FCMPB,Physician,7275dbe6-7416-4352-b2d9-ebf3d580cc0d
Faculdades Integradas Aparício Carvalho ,BRA,Brazil,Northeast Brazil,FIMCA,Physician,7275dbe6-7416-4352-b2d9-ebf3d580cc0d
Faculdade De Ciências Médicas E Da Saúde De Juiz De Fora - Suprema,BRA,Brazil,Minas Gerais,,Physician,7275dbe6-7416-4352-b2d9-ebf3d580cc0d
Centro Universitário Das Américas - Cam,BRA,Brazil,Southeast Brazil,CAM,Physician,7275dbe6-7416-4352-b2d9-ebf3d580cc0d
Universidade De São Paulo Faculdade De Medicina São Paulo (Fmsp-Usp),BRA,Brazil,Southeast Brazil,,Physician,7275dbe6-7416-4352-b2d9-ebf3d580cc0d
"Faculdade De Medicina De Catanduva, Faculdades Integradas Padre Albino (Fipa)",BRA,Brazil,Southeast Brazil,UNIFIPA,Physician,7275dbe6-7416-4352-b2d9-ebf3d580cc0d
Universidade Cidade De São Paulo (Unicid) Faculdade De Medicina,BRA,Brazil,Southeast Brazil,UNICID,Physician,7275dbe6-7416-4352-b2d9-ebf3d580cc0d
Faculdade Integral Diferencial Wyden - Facid Wyden,BRA,Brazil,Southeast Brazil,,Physician,7275dbe6-7416-4352-b2d9-ebf3d580cc0d
Faculdade Brasileira Multivix,BRA,Brazil,Southeast Brazil,,Physician,7275dbe6-7416-4352-b2d9-ebf3d580cc0d
Fundação Universidade Federal Do Pampa (Unipampa),BRA,Brazil,Southern Brazil,UNIPAMPA,Physician,7275dbe6-7416-4352-b2d9-ebf3d580cc0d
Centro Universitário Do Estado Do Pará (Cesupa),BRA,Brazil,Para,CESUPA,Physician,7275dbe6-7416-4352-b2d9-ebf3d580cc0d
Universidade Do Estado Do Pará Faculdade De Medicina Belém (Uepa),BRA,Brazil,Para,UEPA,Physician,7275dbe6-7416-4352-b2d9-ebf3d580cc0d
Faculdade De Saúde Santo Agostinho De Vitória Da Conquista (Fasa),BRA,Brazil,Southeast Brazil,FASA,Physician,7275dbe6-7416-4352-b2d9-ebf3d580cc0d
Faculdades Integradas Do Extremo Sul Da Bahia - Unesulbahia,BRA,Brazil,Bahia,,Physician,7275dbe6-7416-4352-b2d9-ebf3d580cc0d
Centro Universitário Tiradentes (Fits),BRA,Brazil,Amazonas,FITS,Physician,7275dbe6-7416-4352-b2d9-ebf3d580cc0d
Universidade Tiradentes (Unit),BRA,Brazil,Northeast Brazil,UNIT,Physician,7275dbe6-7416-4352-b2d9-ebf3d580cc0d
Universidade De Itaúna (Uit),BRA,Brazil,Minas Gerais,,Physician,7275dbe6-7416-4352-b2d9-ebf3d580cc0d
Faculdade Pernambucana De Saúde (Fps),BRA,Brazil,Northeast Brazil,FPS,Physician,7275dbe6-7416-4352-b2d9-ebf3d580cc0d
Centro Universitário Facisa - Unifacisa,BRA,Brazil,Northeast Brazil,,Physician,7275dbe6-7416-4352-b2d9-ebf3d580cc0d
Pontifícia Universidade Católica De Campinas (Puc-Campinas) Faculdade De Ciências Médicas,BRA,Brazil,Southeast Brazil,,Physician,7275dbe6-7416-4352-b2d9-ebf3d580cc0d
"Faculdade De Medicina Do Abc, Fundação Universitária Do Abc",BRA,Brazil,Southeast Brazil,,Physician,7275dbe6-7416-4352-b2d9-ebf3d580cc0d
"Faculdade De Medicina De Bahia, Universidade Federal Da Bahia",BRA,Brazil,Bahia,UFBA,Physician,7275dbe6-7416-4352-b2d9-ebf3d580cc0d
International Medical Education Directory,BRA,Brazil,Southeast Brazil,IMED,Physician,7275dbe6-7416-4352-b2d9-ebf3d580cc0d
Universidade Federal De Viçosa ,BRA,Brazil,Minas Gerais,UFV,Physician,7275dbe6-7416-4352-b2d9-ebf3d580cc0d
Universidade Regional De Blumenau  Faculdade De Medicina,BRA,Brazil,Santa Catarina,FURB,Physician,7275dbe6-7416-4352-b2d9-ebf3d580cc0d
Universidade Estácio De Sá Faculdade De Medicina,BRA,Brazil,Rio de Janeiro,UNESA,Physician,7275dbe6-7416-4352-b2d9-ebf3d580cc0d
Faculdades Integradas Da União Educacional Do Planalto Central (Faciplac),BRA,Brazil,Brasilia,,Physician,7275dbe6-7416-4352-b2d9-ebf3d580cc0d
Faculdade De Ciências Da Saúde De Barretos (Facisb),BRA,Brazil,Southeast Brazil,FACISB,Physician,7275dbe6-7416-4352-b2d9-ebf3d580cc0d
Faculdade Atenas ,BRA,Brazil,Southeast Brazil,FA,Physician,7275dbe6-7416-4352-b2d9-ebf3d580cc0d
Universidade Federal De Alagoas Faculdade De Medicina,BRA,Brazil,Northeast Brazil,UFAL,Physician,7275dbe6-7416-4352-b2d9-ebf3d580cc0d
Universidade Federal Do Pará Faculdade De Medicina,BRA,Brazil,Para,UFPA,Physician,7275dbe6-7416-4352-b2d9-ebf3d580cc0d
Universidade Federal De Mato Grosso Do Sul (Ufms) Faculdade De Medicina,BRA,Brazil,Mato Grosso,UFMS,Physician,7275dbe6-7416-4352-b2d9-ebf3d580cc0d
Uscs Bela Vista (Universidade De São Caetano Do Sul),BRA,Brazil,Southeast Brazil,USCS,Physician,7275dbe6-7416-4352-b2d9-ebf3d580cc0d
Universidade De Uberaba (Uniube) Faculdade De Medicina,BRA,Brazil,Minas Gerais,UNIUBE,Physician,7275dbe6-7416-4352-b2d9-ebf3d580cc0d
Universidade Federal De Sergipe (Ufs) Faculdade De Medicina,BRA,Brazil,Northeast Brazil,UFS,Physician,7275dbe6-7416-4352-b2d9-ebf3d580cc0d
Universidade Federal Do Tocantins,BRA,Brazil,Tocantins,UFT,Physician,7275dbe6-7416-4352-b2d9-ebf3d580cc0d
Faculdade Da Saúde E Ecologia Humana (Faseh),BRA,Brazil,Minas Gerais,FASEH,Physician,7275dbe6-7416-4352-b2d9-ebf3d580cc0d
Universidade Do Estado De Mato Grosso (Unemat),BRA,Brazil,Mato Grosso,,Physician,7275dbe6-7416-4352-b2d9-ebf3d580cc0d
Universidade Católica De Brasília (Ucb),BRA,Brazil,Centre Western Brazil,UCB,Physician,7275dbe6-7416-4352-b2d9-ebf3d580cc0d
União Das Faculdades Dos Grandes Lagos,BRA,Brazil,Southeast Brazil,,Physician,7275dbe6-7416-4352-b2d9-ebf3d580cc0d
Centro Universitário De Patos (Unifip),BRA,Brazil,Northeast Brazil,,Physician,7275dbe6-7416-4352-b2d9-ebf3d580cc0d
Universidade Federal De Goiás (Ufg) Faculdade De Medicina,BRA,Brazil,Goias,UFG,Physician,7275dbe6-7416-4352-b2d9-ebf3d580cc0d
Universidade De Rio Verde (Unirv),BRA,Brazil,Goias,,Physician,7275dbe6-7416-4352-b2d9-ebf3d580cc0d
Escola De Medicina Anhembi Morumbi (Uam),BRA,Brazil,Southeast Brazil,UAM,Physician,7275dbe6-7416-4352-b2d9-ebf3d580cc0d
Centro Universitário Nilton Lins (Uniniltonlins),BRA,Brazil,Amazonas,,Physician,7275dbe6-7416-4352-b2d9-ebf3d580cc0d
Universidade Federal Do Amazonas (Ufam) Faculdade De Medicina,BRA,Brazil,Amazonas,UFAM,Physician,7275dbe6-7416-4352-b2d9-ebf3d580cc0d
"Universidade Federal Da Fronteira Sul (Uffs), Campus Passo Fundo",BRA,Brazil,Southern Brazil,UFFS,Physician,7275dbe6-7416-4352-b2d9-ebf3d580cc0d
Universidade Federal Da Grande Dourados (Ufgd) Faculdade De Ciências Da Saúde,BRA,Brazil,Mato Grosso,UFGD,Physician,7275dbe6-7416-4352-b2d9-ebf3d580cc0d
Faculdade De Medicina Nova Esperança (Famene),BRA,Brazil,Paraiba,,Physician,7275dbe6-7416-4352-b2d9-ebf3d580cc0d
Universidade Federal De Campina Grande (Ufcg) Cajazeiras Faculdade De Medicina,BRA,Brazil,Paraiba,,Physician,7275dbe6-7416-4352-b2d9-ebf3d580cc0d
Universidade De Marília (Unimar) Faculdade De Medicina E Enfermagem,BRA,Brazil,Southeast Brazil,,Physician,7275dbe6-7416-4352-b2d9-ebf3d580cc0d
Universidade Metropolitana De Santos (Unimes) Faculdade De Ciências Médicas,BRA,Brazil,Minas Gerais,UNIMES,Physician,7275dbe6-7416-4352-b2d9-ebf3d580cc0d
Universidade Federal De Juiz De Fora (Ufjf) Faculdade De Medicina,BRA,Brazil,Minas Gerais,UFJF,Physician,7275dbe6-7416-4352-b2d9-ebf3d580cc0d
Faculdade Metropolitana São Carlos Bji - Famesc-Bji,BRA,Brazil,Minas Gerais,,Physician,7275dbe6-7416-4352-b2d9-ebf3d580cc0d
Faculdade De Medicina De Olinda - Fmo,BRA,Brazil,Minas Gerais,FMO,Physician,7275dbe6-7416-4352-b2d9-ebf3d580cc0d
Faculdade São Leopoldo Mandic,BRA,Brazil,Southeast Brazil,,Physician,7275dbe6-7416-4352-b2d9-ebf3d580cc0d
Universidade Federal De Piauí (Ufpi) Faculdade De Medicina,BRA,Brazil,Piaui,UFPI,Physician,7275dbe6-7416-4352-b2d9-ebf3d580cc0d
Universidade Estadual De Ponta Grossa - Uepg,BRA,Brazil,Mato Grosso,UEPG,Physician,7275dbe6-7416-4352-b2d9-ebf3d580cc0d
Universidade Estadual Do Oeste Do Paraná (Unioeste) Campus De Cascavel,BRA,Brazil,Parana,,Physician,7275dbe6-7416-4352-b2d9-ebf3d580cc0d
Universidade Do Estado Da Bahia - Uneb,BRA,Brazil,Bahia,UNEB,Physician,7275dbe6-7416-4352-b2d9-ebf3d580cc0d
Centro Universitário Tocantinense Presidente Antônio Carlos - Unitpac,BRA,Brazil,Tocantins,UNITPAC,Physician,7275dbe6-7416-4352-b2d9-ebf3d580cc0d
Centro Universitário Unirg,BRA,Brazil,Tocantins,,Physician,7275dbe6-7416-4352-b2d9-ebf3d580cc0d
"Faculdade De Minas, Belo Horizonte (Faminas-Bh)",BRA,Brazil,Tocantins,,Physician,7275dbe6-7416-4352-b2d9-ebf3d580cc0d
Fundação Universidade Federal De Rondônia (Unir),BRA,Brazil,Rondonia,UNIR,Physician,7275dbe6-7416-4352-b2d9-ebf3d580cc0d
Universidade Do Estado Do Rio De Janeiro (Uerj) Faculdade De Ciências Médicas,BRA,Brazil,Rio de Janeiro,UERJ,Physician,7275dbe6-7416-4352-b2d9-ebf3d580cc0d
Centro Universitário Católico Salesiano Auxilium - Unisalesiano,BRA,Brazil,Para,,Physician,7275dbe6-7416-4352-b2d9-ebf3d580cc0d
Universidade Do Contestado - Unc,BRA,Brazil,Santa Catarina,UNC,Physician,7275dbe6-7416-4352-b2d9-ebf3d580cc0d
Centro Universitário De Brasília (Uniceub) Faculdade De Ciências Da Educação E Saúde,BRA,Brazil,Brasilia,,Physician,7275dbe6-7416-4352-b2d9-ebf3d580cc0d
Centro Universitário De Várzea Grande (Univag),BRA,Brazil,Mato Grosso,UNIVAG,Physician,7275dbe6-7416-4352-b2d9-ebf3d580cc0d
Universidade Iguaçu (Unig) Faculdade De Ciências Biológicas E Da Saúde Itaperuna,BRA,Brazil,Rio de Janeiro,UNIG,Physician,7275dbe6-7416-4352-b2d9-ebf3d580cc0d
Universidade Estadual De Santa Cruz (Uesc),BRA,Brazil,Santa Cruz,,Physician,7275dbe6-7416-4352-b2d9-ebf3d580cc0d
Universidade De Brasília (Unb) Faculdade De Medicina,BRA,Brazil,Brasilia,UnB,Physician,7275dbe6-7416-4352-b2d9-ebf3d580cc0d
Centro Universitário De Volta Redonda (Unifoa) Escola De Ciências Médicas De Volta Redonda,BRA,Brazil,Rio de Janeiro,,Physician,7275dbe6-7416-4352-b2d9-ebf3d580cc0d
Universidade De Taubaté (Unitau) Faculdade De Medicina,BRA,Brazil,Southeast Brazil,,Physician,7275dbe6-7416-4352-b2d9-ebf3d580cc0d
Universidade De Santa Cruz Do Sul (Unisc),BRA,Brazil,Santa Cruz,UNISC,Physician,7275dbe6-7416-4352-b2d9-ebf3d580cc0d
Universidade Do Estado Do Rio Grande Do Norte (Uern) Faculdade De Ciências Da Saúde,BRA,Brazil,Southern Brazil,,Physician,7275dbe6-7416-4352-b2d9-ebf3d580cc0d
Universidade Do Estado De Minas Gerais (Uemg),BRA,Brazil,Minas Gerais,UEMG,Physician,7275dbe6-7416-4352-b2d9-ebf3d580cc0d
Faculdade De Medicina De Petrópolis (Fmp),BRA,Brazil,Southeast Brazil,FMP,Physician,7275dbe6-7416-4352-b2d9-ebf3d580cc0d
Universidade De Franca (Unifran),BRA,Brazil,Southeast Brazil,,Physician,7275dbe6-7416-4352-b2d9-ebf3d580cc0d
Faculdade De Ciências Médicas E Da Saúde De Juiz De Fora - Suprema,BRA,Brazil,Minas Gerais,,Physician,7275dbe6-7416-4352-b2d9-ebf3d580cc0d
Universidade Estadual Do Piauí (Uespi) Faculdade De Ciências Médicas (Facime),BRA,Brazil,Piaui,,Physician,7275dbe6-7416-4352-b2d9-ebf3d580cc0d
Universidade Federal Do Rio Grande Do Sul (Ufrgs) Faculdade De Medicina,BRA,Brazil,Southern Brazil,,Physician,7275dbe6-7416-4352-b2d9-ebf3d580cc0d
Universidade Federal De São João Del Rei (Ufsj),BRA,Brazil,Southeast Brazil,,Physician,7275dbe6-7416-4352-b2d9-ebf3d580cc0d
University Center Of João Pessoa - Unipê,BRA,Brazil,Paraiba,UNIPE,Physician,7275dbe6-7416-4352-b2d9-ebf3d580cc0d
Universidade Luterana Do Brasil (Ulbra) Faculdade De Medicina,BRA,Brazil,Southern Brazil,,Physician,7275dbe6-7416-4352-b2d9-ebf3d580cc0d
Universidade Federal Do Maranhão (Ufma) Faculdade De Medicina,BRA,Brazil,Northeast Brazil,,Physician,7275dbe6-7416-4352-b2d9-ebf3d580cc0d
Universidade De Fortaleza (Unifor),BRA,Brazil,Northeast Brazil,,Physician,7275dbe6-7416-4352-b2d9-ebf3d580cc0d
Universidade Federal De Roraima (Ufrr) Faculdade De Medicina,BRA,Brazil,Northeast Brazil,,Physician,7275dbe6-7416-4352-b2d9-ebf3d580cc0d
União Das Faculdades Dos Grandes Lagos (Unilago),BRA,Brazil,Southeast Brazil,,Physician,7275dbe6-7416-4352-b2d9-ebf3d580cc0d
Centro Universitário Max Planck - Unimax,BRA,Brazil,Southeast Brazil,,Physician,7275dbe6-7416-4352-b2d9-ebf3d580cc0d
Universidade Estadual Do Sudoeste Da Bahia (Uesb) Colegiado De Medicina,BRA,Brazil,Bahia,,Physician,7275dbe6-7416-4352-b2d9-ebf3d580cc0d
Universidade Federal De Santa Maria (Ufsm) Faculdade De Medicina,BRA,Brazil,Southern Brazil,UFSM,Physician,7275dbe6-7416-4352-b2d9-ebf3d580cc0d
"Faculdade De Ciências Humanas, Exatas E Da Saúde Do Piauí Fahesp (Mantida Pelo Instituto De Educação Superior Do Vale Do Parnaíba – Iesvap)",BRA,Brazil,Piaui,,Physician,7275dbe6-7416-4352-b2d9-ebf3d580cc0d
Universidade Do Oeste De Santa Catarina (Unoesc),BRA,Brazil,Santa Catarina,,Physician,7275dbe6-7416-4352-b2d9-ebf3d580cc0d
Universidade Federal Do Estado Do Amapá (Unifap),BRA,Brazil,Northeast Brazil,,Physician,7275dbe6-7416-4352-b2d9-ebf3d580cc0d
Faculdade Assis Gurgacz (Fag) Centro Universitario,BRA,Brazil,Parana,FAG,Physician,7275dbe6-7416-4352-b2d9-ebf3d580cc0d
Universidade Anhanguera (Uniderp),BRA,Brazil,Mato Grosso,,Physician,7275dbe6-7416-4352-b2d9-ebf3d580cc0d
Centro Universitário De Belo Horizonte - Uni-Bh Unibh,BRA,Brazil,Minas Gerais,,Physician,7275dbe6-7416-4352-b2d9-ebf3d580cc0d
Faculdade Ceres (Faceres),BRA,Brazil,Minas Gerais,,Physician,7275dbe6-7416-4352-b2d9-ebf3d580cc0d
Pontifícia Universidade Católica De Minas Gerais (Puc Minas),BRA,Brazil,Minas Gerais,,Physician,7275dbe6-7416-4352-b2d9-ebf3d580cc0d
Universidade Do Oeste Paulista (Unoeste) Faculdade De Medicina,BRA,Brazil,Southeast Brazil,,Physician,7275dbe6-7416-4352-b2d9-ebf3d580cc0d
Centro Universitário Mauricio De Nassau (Uninassau),BRA,Brazil,Southeast Brazil,,Physician,7275dbe6-7416-4352-b2d9-ebf3d580cc0d
Faculdade Ingá (Uningá),BRA,Brazil,Parana,,Physician,7275dbe6-7416-4352-b2d9-ebf3d580cc0d
Universidade Estadual De Londrina (Uel) Faculdade De Medicina,BRA,Brazil,Parana,UEL,Physician,7275dbe6-7416-4352-b2d9-ebf3d580cc0d
Universidade Do Vale Do Itajaí (Univali),BRA,Brazil,Santa Catarina,,Physician,7275dbe6-7416-4352-b2d9-ebf3d580cc0d
Faculdade Santa Marcelina (Fasm),BRA,Brazil,Southeast Brazil,FASM,Physician,7275dbe6-7416-4352-b2d9-ebf3d580cc0d
Unila | Universidade Federal Da Integração Latino-Americana,BRA,Brazil,Amazonas,,Physician,7275dbe6-7416-4352-b2d9-ebf3d580cc0d
Universidade Estadual De Maringá (Uem) Centro De Ciências Da Saúde,BRA,Brazil,Parana,,Physician,7275dbe6-7416-4352-b2d9-ebf3d580cc0d
Universidade Federal Da Paraíba (Ufpb) Centro De Ciências Médicas,BRA,Brazil,Parana,UEM,Physician,7275dbe6-7416-4352-b2d9-ebf3d580cc0d
Universidade Camilo Castelo Branco (Unicastelo),BRA,Brazil,Southeast Brazil,UFPB,Physician,7275dbe6-7416-4352-b2d9-ebf3d580cc0d
"Faculdade De Ciências Humanas, Econômicas E Da Saúde De Araguaína (Fahesa/Itpac)** Itpac Was Disaccredited By Mec",BRA,Brazil,Southeast Brazil,,Physician,7275dbe6-7416-4352-b2d9-ebf3d580cc0d
Instituto Master De Ensino Presidente Antônio Carlos (Imepac),BRA,Brazil,Southeast Brazil,,Physician,7275dbe6-7416-4352-b2d9-ebf3d580cc0d
Pontifícia Universidade Católica De Goiás (Puc Goiás),BRA,Brazil,Goias,,Physician,7275dbe6-7416-4352-b2d9-ebf3d580cc0d
Universidade De Pernambuco (Upe),BRA,Brazil,Northeast Brazil,UPE,Physician,7275dbe6-7416-4352-b2d9-ebf3d580cc0d
Faculdade De Medicina EstáCio De Juazeiro Do Norte (EstáCio Fmj),BRA,Brazil,Northeast Brazil,FMJ,Physician,7275dbe6-7416-4352-b2d9-ebf3d580cc0d
Centro Universitario Serra Dos ÓRgãos (Unifeso),BRA,Brazil,Northeast Brazil,,Physician,7275dbe6-7416-4352-b2d9-ebf3d580cc0d
Centro Universitário São Lucas - Unisl,BRA,Brazil,Centre Western Brazil,,Physician,7275dbe6-7416-4352-b2d9-ebf3d580cc0d
Centro Universitário Municipal De Franca - Uni-Facef,BRA,Brazil,Centre Western Brazil,,Physician,7275dbe6-7416-4352-b2d9-ebf3d580cc0d
Universidade De Passo Fundo (Upf),BRA,Brazil,Southern Brazil,UPF,Physician,7275dbe6-7416-4352-b2d9-ebf3d580cc0d
Universidade Federal Do Acre - Ufac,BRA,Brazil,Northeast Brazil,,Physician,7275dbe6-7416-4352-b2d9-ebf3d580cc0d
Universidade De Araraquara - Uniara,BRA,Brazil,Northwestern Brazil,,Physician,7275dbe6-7416-4352-b2d9-ebf3d580cc0d
Universidade Federal Do Rio Grande Do Norte ,BRA,Brazil,Southern Brazil,,Physician,7275dbe6-7416-4352-b2d9-ebf3d580cc0d
Uiversidade Estadual De Mato Grosso Do Sul,BRA,Brazil,Mato Grosso,,Physician,7275dbe6-7416-4352-b2d9-ebf3d580cc0d
Universidade Federal Do Cariri (Ufca),BRA,Brazil,Ceará,UFCA,Physician,7275dbe6-7416-4352-b2d9-ebf3d580cc0d
American University Of Barbados School Of Medicine,BRB,Barbados,Caribbean,,Physician,7275dbe6-7416-4352-b2d9-ebf3d580cc0d
University Of The West Indies Faculty Of Medicine,BRB,Barbados,Caribbean,,Physician,7275dbe6-7416-4352-b2d9-ebf3d580cc0d
University Of Botswana School Of Medicine,BWA,Botswana,Gaborone,,Physician,7275dbe6-7416-4352-b2d9-ebf3d580cc0d
University Of Basel,CHE,Switzerland,Northwestern,UNIBAS,Physician,7275dbe6-7416-4352-b2d9-ebf3d580cc0d
University Of Geneva,CHE,Switzerland,Western,,Physician,7275dbe6-7416-4352-b2d9-ebf3d580cc0d
University Of Lausanne,CHE,Switzerland,Northwestern,,Physician,7275dbe6-7416-4352-b2d9-ebf3d580cc0d
University Of Zurich,CHE,Switzerland,NorthCentral,,Physician,7275dbe6-7416-4352-b2d9-ebf3d580cc0d
University Of Berne,CHE,Switzerland,Bern,,Physician,7275dbe6-7416-4352-b2d9-ebf3d580cc0d
University Of Fribourg,CHE,Switzerland,Western,,Physician,7275dbe6-7416-4352-b2d9-ebf3d580cc0d
Xiamen University Medical College,CHI,Chile,Xiamen,,Physician,7275dbe6-7416-4352-b2d9-ebf3d580cc0d
Taishan Medical University,CHN,China,Shandong,,Physician,7275dbe6-7416-4352-b2d9-ebf3d580cc0d
Universidad Del Mar,CHL,Chile,Valparaíso,,Physician,7275dbe6-7416-4352-b2d9-ebf3d580cc0d
Pontifical Catholic University Of Chile,CHL,Chile,Valparaíso,UC,Physician,7275dbe6-7416-4352-b2d9-ebf3d580cc0d
Universidad De Chile,CHL,Chile,‎Santiagoa,,Physician,7275dbe6-7416-4352-b2d9-ebf3d580cc0d
University Of Concepción,CHL,Chile,Bío Bío,,Physician,7275dbe6-7416-4352-b2d9-ebf3d580cc0d
Universidad De Los Andes,CHL,Chile,‎Santiagoa,UNIANDES,Physician,7275dbe6-7416-4352-b2d9-ebf3d580cc0d
Universidad De Valparaiso Facultad De Medicina,CHL,Chile,Valparaíso,,Physician,7275dbe6-7416-4352-b2d9-ebf3d580cc0d
Universidad De La Frontera,CHL,Chile,Cautin,UFRO,Physician,7275dbe6-7416-4352-b2d9-ebf3d580cc0d
Universidad Austral De Chile,CHL,Chile,Los Rios,,Physician,7275dbe6-7416-4352-b2d9-ebf3d580cc0d
"University Of Santiago, Chile (Usach)",CHL,Chile,‎Santiagoa,USACH,Physician,7275dbe6-7416-4352-b2d9-ebf3d580cc0d
Universidad Mayor,CHL,Chile,‎Santiagoa,,Physician,7275dbe6-7416-4352-b2d9-ebf3d580cc0d
University Of Antofagasta,CHL,Chile,northern Chile,UOA,Physician,7275dbe6-7416-4352-b2d9-ebf3d580cc0d
San Sebastian University,CHL,Chile,Biscay,,Physician,7275dbe6-7416-4352-b2d9-ebf3d580cc0d
University Development,CHL,Chile,Bío Bío,,Physician,7275dbe6-7416-4352-b2d9-ebf3d580cc0d
National University Andres Bello,CHL,Chile,‎Santiagoa,UNAB,Physician,7275dbe6-7416-4352-b2d9-ebf3d580cc0d
Universidad Diego Portales,CHL,Chile,‎Santiagoa,,Physician,7275dbe6-7416-4352-b2d9-ebf3d580cc0d
Catholic University Of The Most Holy Conception,CHL,Chile,Central Chile,UCSC,Physician,7275dbe6-7416-4352-b2d9-ebf3d580cc0d
Universidad Finis Terrae,CHL,Chile,‎Santiagoa,UFT,Physician,7275dbe6-7416-4352-b2d9-ebf3d580cc0d
"Universidad Del Desarrollo Facultad De Medicina, Sede Santiago",CHL,Chile,‎Santiagoa,,Physician,7275dbe6-7416-4352-b2d9-ebf3d580cc0d
Universidad De Magallanes Escuela De Medicina,CHL,Chile,Magallanes,,Physician,7275dbe6-7416-4352-b2d9-ebf3d580cc0d
Universidad Católica Del Norte Facultad De Medicina,CHL,Chile,Norte Chico,,Physician,7275dbe6-7416-4352-b2d9-ebf3d580cc0d
Universidad San Sebastián Facultad De Medicina,CHL,Chile,Biscay,,Physician,7275dbe6-7416-4352-b2d9-ebf3d580cc0d
Universidad De Concepción Facultad De Medicina,CHL,Chile,‎Santiagoa,UdeC,Physician,7275dbe6-7416-4352-b2d9-ebf3d580cc0d
Universidad Andrés Bello Facultad De Medicina,CHL,Chile,‎Santiagoa,UNAB,Physician,7275dbe6-7416-4352-b2d9-ebf3d580cc0d
Pontificia Universidad Católica De Chile Escuela De Medicina,CHL,Chile,‎Santiagoa,UC,Physician,7275dbe6-7416-4352-b2d9-ebf3d580cc0d
Universidad Autónoma De Chile,CHL,Chile,‎Santiagoa,,Physician,7275dbe6-7416-4352-b2d9-ebf3d580cc0d
Universidad Católica Del Maule Facultad De Medicina,CHL,Chile,‎Santiagoa,UCM,Physician,7275dbe6-7416-4352-b2d9-ebf3d580cc0d
Escuela De Medicina Universidad De Talca,CHL,Chile,‎Santiagoa,,Physician,7275dbe6-7416-4352-b2d9-ebf3d580cc0d
Universidad Pedro De Valdivia,CHL,Chile,Southern Chile,,Physician,7275dbe6-7416-4352-b2d9-ebf3d580cc0d
Universidad Católica De La Santísima Concepción,CHL,Chile,Bío Bío,,Physician,7275dbe6-7416-4352-b2d9-ebf3d580cc0d
Universidad Pedro De Valdivia,CHL,Chile,Southern Chile,,Physician,7275dbe6-7416-4352-b2d9-ebf3d580cc0d
Foshan University,CHN,China,Guangdong,,Physician,7275dbe6-7416-4352-b2d9-ebf3d580cc0d
Guangdong Medical College,CHN,China,Guangdong,,Physician,7275dbe6-7416-4352-b2d9-ebf3d580cc0d
Guangdong Pharmaceutical University,CHN,China,Guangdong,GMU,Physician,7275dbe6-7416-4352-b2d9-ebf3d580cc0d
Guangzhou Medical University,CHN,China,Guangdong,,Physician,7275dbe6-7416-4352-b2d9-ebf3d580cc0d
Guangzhou University Of Traditional Chinese Medicine,CHN,China,Guangdong,,Physician,7275dbe6-7416-4352-b2d9-ebf3d580cc0d
Jinan University,CHN,China,Guangdong,JNU,Physician,7275dbe6-7416-4352-b2d9-ebf3d580cc0d
Shantou University,CHN,China,Guangdong,STU,Physician,7275dbe6-7416-4352-b2d9-ebf3d580cc0d
Shaoguan University,CHN,China,Guangdong,SGU,Physician,7275dbe6-7416-4352-b2d9-ebf3d580cc0d
Shenzhen University,CHN,China,Guangdong,SZU,Physician,7275dbe6-7416-4352-b2d9-ebf3d580cc0d
Southern Medical University,CHN,China,Guangdong,,Physician,7275dbe6-7416-4352-b2d9-ebf3d580cc0d
Sun Yat-Sen University,CHN,China,Guangdong,SYSU,Physician,7275dbe6-7416-4352-b2d9-ebf3d580cc0d
Zhejiang University School Of Medicine,CHN,China,Zheijiang,,Physician,7275dbe6-7416-4352-b2d9-ebf3d580cc0d
Shanghai Jiao Tong University School Of Medicine,CHN,China,Shanghai,,Physician,7275dbe6-7416-4352-b2d9-ebf3d580cc0d
Southeast University Medical College,CHN,China,Souitheast,,Physician,7275dbe6-7416-4352-b2d9-ebf3d580cc0d
Second Military Medical University,CHN,China,Shanghai,,Physician,7275dbe6-7416-4352-b2d9-ebf3d580cc0d
Jilin Medical University,CHN,China,Northeast China,,Physician,7275dbe6-7416-4352-b2d9-ebf3d580cc0d
Liaoning Medical University (Jinzhou Medical University),CHN,China,Liaoning,JZMU,Physician,7275dbe6-7416-4352-b2d9-ebf3d580cc0d
Capital Medical University,CHN,China,Beijing,,Physician,7275dbe6-7416-4352-b2d9-ebf3d580cc0d
Yangtze University Medical School,CHN,China,Hubei,,Physician,7275dbe6-7416-4352-b2d9-ebf3d580cc0d
China Three Gorges University,CHN,China,Hubei,CTGU,Physician,7275dbe6-7416-4352-b2d9-ebf3d580cc0d
"West China College Of Medicine, Sichuan University",CHN,China,Western China,,Physician,7275dbe6-7416-4352-b2d9-ebf3d580cc0d
Xi'An Jiaotong University College Of Medicine,CHN,China,Shaanxi,XJTU,Physician,7275dbe6-7416-4352-b2d9-ebf3d580cc0d
Xinjiang Medical University,CHN,China,Xinjiang,XMU,Physician,7275dbe6-7416-4352-b2d9-ebf3d580cc0d
Tongji Medical College Of Huazhong University Of Science & Technology,CHN,China,Hubei,,Physician,7275dbe6-7416-4352-b2d9-ebf3d580cc0d
Henan Medical University,CHN,China,Henan,,Physician,7275dbe6-7416-4352-b2d9-ebf3d580cc0d
Jishou University School Of Medicine,CHN,China,Henan,,Physician,7275dbe6-7416-4352-b2d9-ebf3d580cc0d
Weifang Medical University,CHN,China,Shandong,WMU,Physician,7275dbe6-7416-4352-b2d9-ebf3d580cc0d
Zhengzhou University Medical School,CHN,China,Henan,,Physician,7275dbe6-7416-4352-b2d9-ebf3d580cc0d
Jiangxi University Of Traditional Chinese Medicine,CHN,China,"Jiangxi,",,Physician,7275dbe6-7416-4352-b2d9-ebf3d580cc0d
Dalian Medical University,CHN,China,Liaoning,,Physician,7275dbe6-7416-4352-b2d9-ebf3d580cc0d
Tianjin Medical University,CHN,China,Northern China,TMU,Physician,7275dbe6-7416-4352-b2d9-ebf3d580cc0d
Youjiang Medical College For Nationalities Of Guangxi,CHN,China,Northern China,,Physician,7275dbe6-7416-4352-b2d9-ebf3d580cc0d
Shenyang Medical College,CHN,China,Liaoning,,Physician,7275dbe6-7416-4352-b2d9-ebf3d580cc0d
Shaanxi University Of Chinese Medicine,CHN,China,Xinjiang,SXU,Physician,7275dbe6-7416-4352-b2d9-ebf3d580cc0d
Jiangsu University School Of Medicine,CHN,China,Zheijiang,JSU,Physician,7275dbe6-7416-4352-b2d9-ebf3d580cc0d
Jiamusi University School Of Medicine,CHN,China,Heilongjiang,JU,Physician,7275dbe6-7416-4352-b2d9-ebf3d580cc0d
North China University Of Science And Technology College Of Medicine,CHN,China,North China,,Physician,7275dbe6-7416-4352-b2d9-ebf3d580cc0d
Soochow University Medical College,CHN,China,Jiangsu,,Physician,7275dbe6-7416-4352-b2d9-ebf3d580cc0d
Shanghai University Of Traditional Chinese Medicine,CHN,China,Shanghai,,Physician,7275dbe6-7416-4352-b2d9-ebf3d580cc0d
"Xiangya School Of Medicine, Central South University",CHN,China,Guangdong,CSU,Physician,7275dbe6-7416-4352-b2d9-ebf3d580cc0d
Hebei Medical University,CHN,China,Hubei,,Physician,7275dbe6-7416-4352-b2d9-ebf3d580cc0d
Shantou University Medical College,CHN,China,Guangdong,,Physician,7275dbe6-7416-4352-b2d9-ebf3d580cc0d
Université De Yaoundé I Faculté De Médecine Et Des Sciences Biomédicales (Fmsb),CMR,Cameroon,Yaounde,FMSB,Physician,7275dbe6-7416-4352-b2d9-ebf3d580cc0d
Université Des Montagnes Institut Supérieur Des Sciences De La Santé,CMR,Cameroon,,,Physician,7275dbe6-7416-4352-b2d9-ebf3d580cc0d
Université De Lubumbashi Faculté De Médecine,COD,Democratic Republic of the Congo,Katanga,UNILU,Physician,7275dbe6-7416-4352-b2d9-ebf3d580cc0d
Universidad Icesi (Cali - Valle) [10],COL,Colombia,Southwest,ICESI,Physician,7275dbe6-7416-4352-b2d9-ebf3d580cc0d
Universidad Industrial De Santander (Bucaramanga - Santander),COL,Colombia,Bucaramanga,,Physician,7275dbe6-7416-4352-b2d9-ebf3d580cc0d
"Colegio Mayor De Nuestra Senora Del Rosario - Universidad Del Rosario, Facultad De Medicina",COL,Colombia,Bogota D.C,,Physician,7275dbe6-7416-4352-b2d9-ebf3d580cc0d
Escuela De Medicina Juan N. Corpas,COL,Colombia,Southwest,,Physician,7275dbe6-7416-4352-b2d9-ebf3d580cc0d
"Fundación Universitaria De Ciencias De La Salud, Fucs (Bogotá)",COL,Colombia,Bogota D.C,FUCS,Physician,7275dbe6-7416-4352-b2d9-ebf3d580cc0d
"Fundación Universitaria De Boyacá, Facultad De Medicina (Tunja - Boyacá)",COL,Colombia,Bogota D.C,,Physician,7275dbe6-7416-4352-b2d9-ebf3d580cc0d
"Fundación Universitaria San Martín, Facultad De Medicina (Santa Fé De Bogotá) (Fusm)",COL,Colombia,Bogota D.C,,Physician,7275dbe6-7416-4352-b2d9-ebf3d580cc0d
"Universidad Ces, Facultad De Medicina (Medellín - Antioquia) [11]",COL,Colombia,Northwestern,CES,Physician,7275dbe6-7416-4352-b2d9-ebf3d580cc0d
Pontificia Universidad Javeriana Facultad De Medicina,COL,Colombia,Bogota D.C,,Physician,7275dbe6-7416-4352-b2d9-ebf3d580cc0d
"Universidad Antonio Nariño, Facultad De Medicina (Santa Fé De Bogotá) (Uan)",COL,Colombia,Bogota D.C,UAN,Physician,7275dbe6-7416-4352-b2d9-ebf3d580cc0d
"Universidad Autónoma De Bucaramanga, Facultad De Medicina, Campus El Bosque (Bucaramanga - Santander)",COL,Colombia,Bucaramanga,,Physician,7275dbe6-7416-4352-b2d9-ebf3d580cc0d
"Universidad De Antioquia, Facultad De Medicina",COL,Colombia,Northwestern,,Physician,7275dbe6-7416-4352-b2d9-ebf3d580cc0d
"Universidad De Caldas, Facultad De Ciencias De La Salud - Medicina",COL,Colombia,Northwestern,,Physician,7275dbe6-7416-4352-b2d9-ebf3d580cc0d
"Universidad De Cartagena, Facultad De Medicina (Bolivar)",COL,Colombia,North Colombia,,Physician,7275dbe6-7416-4352-b2d9-ebf3d580cc0d
"Universidad Del Sinú, Escuela De Medicina",COL,Colombia,North Colombia,,Physician,7275dbe6-7416-4352-b2d9-ebf3d580cc0d
"Universidad De Ciencias Aplicadas Y Ambientales - Udca, Facultad De Ciencias De La Salud, Campus Universitario",COL,Colombia,Bogota D.C,UDCA,Physician,7275dbe6-7416-4352-b2d9-ebf3d580cc0d
"Universidad De Santander (Udes), Facultad De Medicina, (Bucaramanga - Santander)",COL,Colombia,Bucaramanga,UDES,Physician,7275dbe6-7416-4352-b2d9-ebf3d580cc0d
"Universidad De La Sabana, Facultad De Medicina, (Chía - Cundinamarca)",COL,Colombia,Bogota D.C,,Physician,7275dbe6-7416-4352-b2d9-ebf3d580cc0d
"Universidad De Los Andes, Facultad De Medicina (Santa Fé De Bogotá)",COL,Colombia,Bogota D.C,,Physician,7275dbe6-7416-4352-b2d9-ebf3d580cc0d
"Universidad Del Bosque, Escuela Colombiana De Medicina (Santa Fé De Bogotá)",COL,Colombia,Bogota D.C,,Physician,7275dbe6-7416-4352-b2d9-ebf3d580cc0d
"Universidad Del Cauca, Facultad De Ciencias De La Salud - Medicina (Popayán - Cauca)",COL,Colombia,Southwest,,Physician,7275dbe6-7416-4352-b2d9-ebf3d580cc0d
"Universidad Del Norte, Ciencias De La Salud - Facultad De Medicina (Barranquilla)",COL,Colombia,Caribbean,,Physician,7275dbe6-7416-4352-b2d9-ebf3d580cc0d
"Universidad Del Quindío, Facultad De Ciencias De La Salud - Medicina (Armenia - Quindío)",COL,Colombia,Caribbean,,Physician,7275dbe6-7416-4352-b2d9-ebf3d580cc0d
"Universidad Del Tolima, Facultad De Medicina (Ibagué - Tolima)",COL,Colombia,Center-West,UT,Physician,7275dbe6-7416-4352-b2d9-ebf3d580cc0d
"Universidad Del Valle, Facultad De Salud - Escuela De Medicina (Cali - Valle)",COL,Colombia,Southwest,,Physician,7275dbe6-7416-4352-b2d9-ebf3d580cc0d
"Universidad Industrial De Santander, Escuela De Medicina - Facultad De Salud (Bucaramanga - Santander)",COL,Colombia,Bucaramanga,,Physician,7275dbe6-7416-4352-b2d9-ebf3d580cc0d
"Universidad Libre De Colombia - Seccional Atlántico, Facultad De Medicina (Barranquilla - Atlántico)",COL,Colombia,Caribbean,,Physician,7275dbe6-7416-4352-b2d9-ebf3d580cc0d
"Universidad Libre De Colombia - Seccional Cali, Facultad De Medicina Y Ciencias De La Salud (Cali - Valle)",COL,Colombia,Southwest,,Physician,7275dbe6-7416-4352-b2d9-ebf3d580cc0d
"Universidad Metropolitana, Ciencias De La Salud, (Barranquilla - Atlántico)",COL,Colombia,Bogota D.C,,Physician,7275dbe6-7416-4352-b2d9-ebf3d580cc0d
"Universidad Militar Nueva Granada, Facultad De Medicina Y Ciencias De La Salud (Santa Fé De Bogotá)",COL,Colombia,Bogota D.C,,Physician,7275dbe6-7416-4352-b2d9-ebf3d580cc0d
"Universidad Nacional De Colombia, Facultad De Medicina, Ciudad Universitaria",COL,Colombia,Bogota D.C,UNAL,Physician,7275dbe6-7416-4352-b2d9-ebf3d580cc0d
"Universidad Pedagogica Y Tecnologica De Colombia, Facultad De Ciencias De La Salud - Escuela De Medicina",COL,Colombia,Center-east,UPTC,Physician,7275dbe6-7416-4352-b2d9-ebf3d580cc0d
"Universidad Pontificia Bolivariana, Facultad De Medicina",COL,Colombia,Bogota D.C,UPB,Physician,7275dbe6-7416-4352-b2d9-ebf3d580cc0d
"Universidad Surcolombiana, Facultad De Ciencias De La Salud - Facultad De Medicina (Neiva - Huila)",COL,Colombia,Bogota D.C,,Physician,7275dbe6-7416-4352-b2d9-ebf3d580cc0d
"Universidad Tecnologica De Pereira, Facultad Ciencias De La Salud, (Pereira - Risaralda)",COL,Colombia,Center-West,,Physician,7275dbe6-7416-4352-b2d9-ebf3d580cc0d
Universidad Cooperativa De Colombia Facultad De Medicina (Ucc),COL,Colombia,Center-West,UCC,Physician,7275dbe6-7416-4352-b2d9-ebf3d580cc0d
Universidad Simón Bolívar Facultad De Ciencias De La Salud,COL,Colombia,Bogota D.C,,Physician,7275dbe6-7416-4352-b2d9-ebf3d580cc0d
Fundación Universitaria Sanitas Facultad De Medicina,COL,Colombia,Southwest,,Physician,7275dbe6-7416-4352-b2d9-ebf3d580cc0d
Universidad Ces Escuela De Medicina,COL,Colombia,Center-West,CES,Physician,7275dbe6-7416-4352-b2d9-ebf3d580cc0d
Universidad De Manizales Campo De Ciencias De La Salud (Uam),COL,Colombia,Center-West,UAM,Physician,7275dbe6-7416-4352-b2d9-ebf3d580cc0d
"Universidad Del Valle Escuela De Medicina, Cali",COL,Colombia,Southwest,,Physician,7275dbe6-7416-4352-b2d9-ebf3d580cc0d
Universidad De Pamplona Facultad De Salud,COL,Colombia,Bucaramanga,,Physician,7275dbe6-7416-4352-b2d9-ebf3d580cc0d
Universidad Metropolitana Programa De Medicina,COL,Colombia,Bucaramanga,UMET,Physician,7275dbe6-7416-4352-b2d9-ebf3d580cc0d
"Universidad Santiago De Cali Facultad De Salud, Campus Palmira",COL,Colombia,Southwest,,Physician,7275dbe6-7416-4352-b2d9-ebf3d580cc0d
"Universidad Santiago De Cali Facultad De Salud, Campus Pampalinda",COL,Colombia,Southwest,,Physician,7275dbe6-7416-4352-b2d9-ebf3d580cc0d
Corporación Universitaria Rafael Núñez Facultad De Ciencias De La Salud,COL,Colombia,Southwest,,Physician,7275dbe6-7416-4352-b2d9-ebf3d580cc0d
Corporación Universitaria Remington Facultad De Ciencias De La Salud,COL,Colombia,Southwest,,Physician,7275dbe6-7416-4352-b2d9-ebf3d580cc0d
Universidad Del Magdalena Facultad De Ciencias De La Salud,COL,Colombia,Southwest,,Physician,7275dbe6-7416-4352-b2d9-ebf3d580cc0d
Unidad Central Del Valle Del Cauca (Uceva),COL,Colombia,Southwest,UCEVA,Physician,7275dbe6-7416-4352-b2d9-ebf3d580cc0d
Fundacion Universitaria Navarra - Uninavarra,COL,Colombia,Southwest,,Physician,7275dbe6-7416-4352-b2d9-ebf3d580cc0d
Universidad De Sucre,COL,Colombia,Sucre,,Physician,7275dbe6-7416-4352-b2d9-ebf3d580cc0d
Fundacion Universitaria Autonoma De Las Americas,COL,Colombia,North America,,Physician,7275dbe6-7416-4352-b2d9-ebf3d580cc0d
Colegio Universitario San Judas Tadeo,CRI,Cost Rica,San José,,Physician,7275dbe6-7416-4352-b2d9-ebf3d580cc0d
Escuela Autonoma De Ciencas Medicas De Centro America,CRI,Cost Rica,San José,,Physician,7275dbe6-7416-4352-b2d9-ebf3d580cc0d
Universidad Autonoma De Centro America (Uaca),CRI,Cost Rica,Americans,UACA,Physician,7275dbe6-7416-4352-b2d9-ebf3d580cc0d
Universidad De Costa Rica,CRI,Cost Rica,San José,,Physician,7275dbe6-7416-4352-b2d9-ebf3d580cc0d
Universidad Hispanoamerica,CRI,Cost Rica,San José,,Physician,7275dbe6-7416-4352-b2d9-ebf3d580cc0d
Universidad Internacional De Las Americas,CRI,Cost Rica,Americans,,Physician,7275dbe6-7416-4352-b2d9-ebf3d580cc0d
Universidad Latina De Costa Rica,CRI,Cost Rica,San José,,Physician,7275dbe6-7416-4352-b2d9-ebf3d580cc0d
Escuela Autónoma De Ciencias Médicas De Centro América,CRI,Cost Rica,Americans,,Physician,7275dbe6-7416-4352-b2d9-ebf3d580cc0d
Universidad Autónoma De Centro América Facultad De Ciencias De La Salud,CRI,Cost Rica,Central America,UACA,Physician,7275dbe6-7416-4352-b2d9-ebf3d580cc0d
Universidad De Ciencias Medicas Andrés Vesalio Guzmán (Ucimed) Escuela De Medicina,CRI,Cost Rica,San José,UCIMED,Physician,7275dbe6-7416-4352-b2d9-ebf3d580cc0d
European University Cyprus School Of Medicine,CYP,Cyprus,Nicosia,EUC,Physician,7275dbe6-7416-4352-b2d9-ebf3d580cc0d
University Of Cyprus Medical School,CYP,Cyprus,Nicosia,,Physician,7275dbe6-7416-4352-b2d9-ebf3d580cc0d
"Charles University, Faculty Of Medicine (Lékařská Fakulta V Plzni, Univerzita Karlova V Praze)",CZE,Czechia,Prague,,Physician,7275dbe6-7416-4352-b2d9-ebf3d580cc0d
"Masaryk University, Faculty Of Medicine",CZE,Czechia,Prague,,Physician,7275dbe6-7416-4352-b2d9-ebf3d580cc0d
"University Of Ostrava, Faculty Of Medicine (Official Site)",CZE,Czechia,Prague,,Physician,7275dbe6-7416-4352-b2d9-ebf3d580cc0d
"Faculty Of Military Health Sciences, University Of Defence (Official Site)",CZE,Czechia,Prague,,Physician,7275dbe6-7416-4352-b2d9-ebf3d580cc0d
"1. Lékařská Fakulta, Univerzity Karlovy (Lf1)",CZE,Czechia,Prague,,Physician,7275dbe6-7416-4352-b2d9-ebf3d580cc0d
"Lékařská Fakulta V Plzni, Univerzita Karlova V Praze",CZE,Czechia,Prague,,Physician,7275dbe6-7416-4352-b2d9-ebf3d580cc0d
Rhenish Westphalian Technical University Of Aachen,DEU,Germany,North Rhine-Westphalia,RWTH,Physician,7275dbe6-7416-4352-b2d9-ebf3d580cc0d
University Hospitals Of The Ruhr-Universität Bochum,DEU,Germany,North Rhine-Westphalia,,Physician,7275dbe6-7416-4352-b2d9-ebf3d580cc0d
Rhenish Friedrich Wilhelm University Of Bonn,DEU,Germany,North Rhine-Westphalia,,Physician,7275dbe6-7416-4352-b2d9-ebf3d580cc0d
Cologne,DEU,Germany,North Rhine-Westphalia,,Physician,7275dbe6-7416-4352-b2d9-ebf3d580cc0d
Heinrich-Heine University Of Düsseldorf,DEU,Germany,North Rhine-Westphalia,HHU,Physician,7275dbe6-7416-4352-b2d9-ebf3d580cc0d
University Of Duisburg-Essen,DEU,Germany,North Rhine-Westphalia,,Physician,7275dbe6-7416-4352-b2d9-ebf3d580cc0d
Westphalian University Of Münster,DEU,Germany,North Rhine-Westphalia,,Physician,7275dbe6-7416-4352-b2d9-ebf3d580cc0d
Witten/Herdecke University,DEU,Germany,North Rhine-Westphalia,,Physician,7275dbe6-7416-4352-b2d9-ebf3d580cc0d
Charité – University Medicine Berlin Of Freie Universität Berlin And The Humboldt University Of Berlin,DEU,Germany,Berlin,,Physician,7275dbe6-7416-4352-b2d9-ebf3d580cc0d
"Universitätsklinikum Benjamin Franklin , Berlin",DEU,Germany,Berlin,,Physician,7275dbe6-7416-4352-b2d9-ebf3d580cc0d
Dresden (Tu),DEU,Germany,Saxony,TU,Physician,7275dbe6-7416-4352-b2d9-ebf3d580cc0d
Leipzig,DEU,Germany,Saxony,,Physician,7275dbe6-7416-4352-b2d9-ebf3d580cc0d
Friedrich-Alexander University Of Erlangen And Nürnberg,DEU,Germany,southeast,FAU,Physician,7275dbe6-7416-4352-b2d9-ebf3d580cc0d
Ludwigs-Maximilians University Of Munich (Lmu),DEU,Germany,Bavaria,LMU,Physician,7275dbe6-7416-4352-b2d9-ebf3d580cc0d
Technical University Of Munich (Tu),DEU,Germany,Bavaria,TUM,Physician,7275dbe6-7416-4352-b2d9-ebf3d580cc0d
University Of Regensburg,DEU,Germany,Bavaria,,Physician,7275dbe6-7416-4352-b2d9-ebf3d580cc0d
Julius Maximilian University Of Würzburg,DEU,Germany,Bavaria,,Physician,7275dbe6-7416-4352-b2d9-ebf3d580cc0d
Medizinische Hochschule Hannover,DEU,Germany,Saxony,MHH,Physician,7275dbe6-7416-4352-b2d9-ebf3d580cc0d
Philipps-Universität Marburg Fachbereich Medizin,DEU,Germany,Hesse,,Physician,7275dbe6-7416-4352-b2d9-ebf3d580cc0d
Medizinischen Fakultät Der Universität Des Saarlandes,DEU,Germany,Saarland,,Physician,7275dbe6-7416-4352-b2d9-ebf3d580cc0d
Universität Hamburg Medizinische Fakultät,DEU,Germany,Hamburg,,Physician,7275dbe6-7416-4352-b2d9-ebf3d580cc0d
"Medizinische Fakultät Heidelberg, Ruprecht-Karls-Universität Heidelberg",DEU,Germany,South west,,Physician,7275dbe6-7416-4352-b2d9-ebf3d580cc0d
Otto-Von-Guericke-Universität Magdeburg Medizinische Fakultät,DEU,Germany,Saxony,,Physician,7275dbe6-7416-4352-b2d9-ebf3d580cc0d
Christian-Albrechts-Universität Zu Kiel Medizinische Fakultät,DEU,Germany,Northern Germany,,Physician,7275dbe6-7416-4352-b2d9-ebf3d580cc0d
Friedrich-Schiller-Universität Jena Medizinische Fakultät,DEU,Germany,Northern Germany,,Physician,7275dbe6-7416-4352-b2d9-ebf3d580cc0d
Albert-Ludwigs-Universität Freiburg Medizinische Fakultät,DEU,Germany,Northern Germany,,Physician,7275dbe6-7416-4352-b2d9-ebf3d580cc0d
Universitätsmedizin Der Johannes Gutenberg-Universität Mainz,DEU,Germany,South west,,Physician,7275dbe6-7416-4352-b2d9-ebf3d580cc0d
"Medizinische Hochschule Lübeck, Universität Lübeck",DEU,Germany,Northern Germany,,Physician,7275dbe6-7416-4352-b2d9-ebf3d580cc0d
Universität Rostock Medizinische Fakultät,DEU,Germany,Mecklenburg-Vorpommern,,Physician,7275dbe6-7416-4352-b2d9-ebf3d580cc0d
Technischen Universität München Fakultät Für Medizin,DEU,Germany,Bavaria,,Physician,7275dbe6-7416-4352-b2d9-ebf3d580cc0d
Universitätsmedizin Greifswald,DEU,Germany,Mecklenburg-Vorpommern,,Physician,7275dbe6-7416-4352-b2d9-ebf3d580cc0d
Medical School Brandenburg Theodor Fontane,DEU,Germany,Neuruppin,,Physician,7275dbe6-7416-4352-b2d9-ebf3d580cc0d
Universität Ulm Medizinische Fakultät,DEU,Germany,Baden-Württemberg.,,Physician,7275dbe6-7416-4352-b2d9-ebf3d580cc0d
Eberhard Karls Universität Tübingen Medizinische Fakultät,DEU,Germany,Baden-Württemberg.,,Physician,7275dbe6-7416-4352-b2d9-ebf3d580cc0d
Rheinisch-Westfälische Technische Hochschule Aachen Medizinische Fakultät,DEU,Germany,North Rhine-Westphalia,RWTH,Physician,7275dbe6-7416-4352-b2d9-ebf3d580cc0d
Universitätsmedizin Göttingen Medizinische Fakultät,DEU,Germany,Saxony,UMG,Physician,7275dbe6-7416-4352-b2d9-ebf3d580cc0d
Martin-Luther-Universität Halle-Wittenberg Medizinische Fakultät,DEU,Germany,Saxony,,Physician,7275dbe6-7416-4352-b2d9-ebf3d580cc0d
Goethe-Universität Frankfurt Am Main Fachbereich Medizin,DEU,Germany,Saxony,,Physician,7275dbe6-7416-4352-b2d9-ebf3d580cc0d
All Saints University School Of Medicine,DMA,Dominica,Roseau,ASUDOM,Physician,7275dbe6-7416-4352-b2d9-ebf3d580cc0d
Ross University School Of Medicine,DMA,Dominica,Roseau,,Physician,7275dbe6-7416-4352-b2d9-ebf3d580cc0d
University Of Copenhagen Faculty Of Health And Medical Sciences,DNK,Denmark,Copenhagen,,Physician,7275dbe6-7416-4352-b2d9-ebf3d580cc0d
"Aarhus University, Health",DNK,Denmark,Central Denmark,,Physician,7275dbe6-7416-4352-b2d9-ebf3d580cc0d
"University Of Southern Denmark, Faculty Of Health Sciences",DNK,Denmark,Southern Denmark,,Physician,7275dbe6-7416-4352-b2d9-ebf3d580cc0d
Aalborg University,DNK,Denmark,Northern Denmark,AAU,Physician,7275dbe6-7416-4352-b2d9-ebf3d580cc0d
Syddansk Universitet Det Sundhedsvidenskabelige Fakultet,DNK,Denmark,Southern Denmark,,Physician,7275dbe6-7416-4352-b2d9-ebf3d580cc0d
Syddansk Universitet Det Sundhedsvidenskabelige Fakultet,DNK,Denmark,Southern Denmark,,Physician,7275dbe6-7416-4352-b2d9-ebf3d580cc0d
Universidad De Iberoamerica (Unibe),DOM,Dominican Republic,Santo Domingo,UNIBE,Physician,7275dbe6-7416-4352-b2d9-ebf3d580cc0d
Instituto Tecnológico De Santo Domingo Escuela De Medicina (Intec),DOM,Dominican Republic,Santo Domingo,INTEC,Physician,7275dbe6-7416-4352-b2d9-ebf3d580cc0d
Pontificia Universidad Católica Madre Y Maestra Departamento De Medicina (Pucmm),DOM,Dominican Republic,Santo Domingo,PUCMM,Physician,7275dbe6-7416-4352-b2d9-ebf3d580cc0d
Universidad Autónoma De Santo Domingo Departamento De Medicina (Uasd),DOM,Dominican Republic,Santo Domingo,,Physician,7275dbe6-7416-4352-b2d9-ebf3d580cc0d
Universidad Católica Nordestana Facultad De Ciencias Medicas,DOM,Dominican Republic,Duarte,UCNE,Physician,7275dbe6-7416-4352-b2d9-ebf3d580cc0d
Universidad Católica Tecnológica Del Cibao Escuela De Medicina,DOM,Dominican Republic,La Vega,,Physician,7275dbe6-7416-4352-b2d9-ebf3d580cc0d
Universidad Central Del Este Escuela De Medicina,DOM,Dominican Republic,Santo Domingo,UCE,Physician,7275dbe6-7416-4352-b2d9-ebf3d580cc0d
Universidad Iberoamericana (Unibe) Escuela De Medicina,DOM,Dominican Republic,Santo Domingo,UNIBE,Physician,7275dbe6-7416-4352-b2d9-ebf3d580cc0d
Universidad Nacional Pedro Henríquez Ureña Escuela De Medicina,DOM,Dominican Republic,Santo Domingo,UNPHU,Physician,7275dbe6-7416-4352-b2d9-ebf3d580cc0d
"Universidad Tecnológica De Santiago Escuela De Medicina, Santiago De Los Caballeros",DOM,Dominican Republic,Santo Domingo,,Physician,7275dbe6-7416-4352-b2d9-ebf3d580cc0d
"Universidad Tecnológica De Santiago Escuela De Medicina, Santo Domingo",DOM,Dominican Republic,Santo Domingo,,Physician,7275dbe6-7416-4352-b2d9-ebf3d580cc0d
Instituto Tecnológico De Santo Domingo Escuela De Medicina,DOM,Dominican Republic,Santo Domingo,,Physician,7275dbe6-7416-4352-b2d9-ebf3d580cc0d
Pontificia Universidad Católica Madre Y Maestra Departamento De Medicina,DOM,Dominican Republic,Santo Domingo,,Physician,7275dbe6-7416-4352-b2d9-ebf3d580cc0d
Universidad Autónoma De Santo Domingo Departamento De Medicina,DOM,Dominican Republic,Santo Domingo,,Physician,7275dbe6-7416-4352-b2d9-ebf3d580cc0d
Universidad Católica Nordestana Facultad De Ciencias Medicas,DOM,Dominican Republic,Duarte,,Physician,7275dbe6-7416-4352-b2d9-ebf3d580cc0d
Universidad Católica Tecnológica Del Cibao Escuela De Medicina,DOM,Dominican Republic,La Vega,,Physician,7275dbe6-7416-4352-b2d9-ebf3d580cc0d
Universidad Central Del Este Escuela De Medicina,DOM,Dominican Republic,Santo Domingo,,Physician,7275dbe6-7416-4352-b2d9-ebf3d580cc0d
Universidad Nacional Pedro Henríquez Ureña Escuela De Medicina,DOM,Dominican Republic,Santo Domingo,,Physician,7275dbe6-7416-4352-b2d9-ebf3d580cc0d
"Universidad Tecnológica De Santiago Escuela De Medicina, Santiago De Los Caballeros",DOM,Dominican Republic,Santo Domingo,,Physician,7275dbe6-7416-4352-b2d9-ebf3d580cc0d
"Universidad Tecnológica De Santiago Escuela De Medicina, Santo Domingo",DOM,Dominican Republic,Santo Domingo,,Physician,7275dbe6-7416-4352-b2d9-ebf3d580cc0d
Universidad Nacional Pedro Henríquez Ureña (Unphu) Escuela De Medicina,DOM,Dominican Republic,Santo Domingo,,Physician,7275dbe6-7416-4352-b2d9-ebf3d580cc0d
Universidad Católica Tecnológica Del Cibao (Ucateci) Escuela De Medicina,DOM,Dominican Republic,Santo Domingo,,Physician,7275dbe6-7416-4352-b2d9-ebf3d580cc0d
Universidad Católica Nordestana (Ucne) Facultad De Ciencias Medicas,DOM,Dominican Republic,Santo Domingo,,Physician,7275dbe6-7416-4352-b2d9-ebf3d580cc0d
"Universidad Tecnológica De Santiago Escuela De Medicina, Santiago Campus",DOM,Dominican Republic,Santo Domingo,,Physician,7275dbe6-7416-4352-b2d9-ebf3d580cc0d
"Universidad Tecnológica De Santiago Escuela De Medicina, Santiago Campus (Utesa)",DOM,Dominican Republic,Santo Domingo,UTESA,Physician,7275dbe6-7416-4352-b2d9-ebf3d580cc0d
Pontificia Universidad Católica Madre Y Maestra Departamento De Medicina (Pucmm),DOM,Dominican Republic,Santo Domingo,PUCMM,Physician,7275dbe6-7416-4352-b2d9-ebf3d580cc0d
Instituto Tecnológico De Santo Domingo Escuela De Medicina (Intec),DOM,Dominican Republic,Santo Domingo,INTEC,Physician,7275dbe6-7416-4352-b2d9-ebf3d580cc0d
Université Abou Bekr Belkaid Tlemcen Faculté De Médecine,DZA,Algeria,North-Western,,Physician,7275dbe6-7416-4352-b2d9-ebf3d580cc0d
Université Badji Mokhtar D'Annaba Faculté De Médecine,DZA,Algeria,North-east,UBMA,Physician,7275dbe6-7416-4352-b2d9-ebf3d580cc0d
Université Constantine 3 Faculté De Médecine,DZA,Algeria,North-east,,Physician,7275dbe6-7416-4352-b2d9-ebf3d580cc0d
Université D'Alger Faculté Des Sciences Médicales,DZA,Algeria,Algiers,,Physician,7275dbe6-7416-4352-b2d9-ebf3d580cc0d
Université D'Oran Es-Senia Faculté De Médecine,DZA,Algeria,Oran,,Physician,7275dbe6-7416-4352-b2d9-ebf3d580cc0d
Université De Mostaganem Faculté De Médecine,DZA,Algeria,North-Western,,Physician,7275dbe6-7416-4352-b2d9-ebf3d580cc0d
Université Djillali Liabes De Sidi Bel-Abbes Faculté De Sciences Médicales,DZA,Algeria,Oran,,Physician,7275dbe6-7416-4352-b2d9-ebf3d580cc0d
Université Elhadj Lakhdar Batna Faculté De Médecine,DZA,Algeria,Batna,,Physician,7275dbe6-7416-4352-b2d9-ebf3d580cc0d
Université Ferhat Abbas De Sétif (Ufas) Faculté De Médecine,DZA,Algeria,Setif,UFAS,Physician,7275dbe6-7416-4352-b2d9-ebf3d580cc0d
Université Mouloud Mammeri De Tizi-Ouzou Faculté De Médecine,DZA,Algeria,North-Central,,Physician,7275dbe6-7416-4352-b2d9-ebf3d580cc0d
Université Saad Dahlab Blida Faculté De Médecine,DZA,Algeria,Blida,,Physician,7275dbe6-7416-4352-b2d9-ebf3d580cc0d
Universidad Nacional De Chimborazo Facultad De Ciencias De La Salud,ECU,Ecuador,Chimboraz,UNACH,Physician,7275dbe6-7416-4352-b2d9-ebf3d580cc0d
Pontificia Universidad Católica Del Ecuador Facultad De Medicina,ECU,Ecuador,Quito,PUCE,Physician,7275dbe6-7416-4352-b2d9-ebf3d580cc0d
Universidad Católica De Cuenca Unidad Académica De Medicina Y Ciencias De La Salud,ECU,Ecuador,Cuenca,,Physician,7275dbe6-7416-4352-b2d9-ebf3d580cc0d
Universidad Católica De Santiago De Guayaquil Facultad De Ciencias Médicas,ECU,Ecuador,Cuenca,,Physician,7275dbe6-7416-4352-b2d9-ebf3d580cc0d
Universidad Central Del Ecuador Facultad De Ciencias Médicas,ECU,Ecuador,Cuenca,,Physician,7275dbe6-7416-4352-b2d9-ebf3d580cc0d
Universidad Cristiana Latinoamericana Escuela De Medicina,ECU,Ecuador,Quito,UCL,Physician,7275dbe6-7416-4352-b2d9-ebf3d580cc0d
Universidad De Cuenca Facultad De Ciencias Médicas,ECU,Ecuador,Cuenca,,Physician,7275dbe6-7416-4352-b2d9-ebf3d580cc0d
Universidad De Guayaquil Facultad De Ciencias Médicas,ECU,Ecuador,Cuenca,,Physician,7275dbe6-7416-4352-b2d9-ebf3d580cc0d
Universidad De Las Américas Facultad De Ciencias De La Salud (Udla),ECU,Ecuador,Cuenca,UDLA,Physician,7275dbe6-7416-4352-b2d9-ebf3d580cc0d
Universidad Del Azuay Facultad De Medicina,ECU,Ecuador,Quito,,Physician,7275dbe6-7416-4352-b2d9-ebf3d580cc0d
Universidad Internacional Del Ecuador Facultad De Ciencias Médicas Y De La Salud,ECU,Ecuador,Quito,,Physician,7275dbe6-7416-4352-b2d9-ebf3d580cc0d
Universidad Laica 'Eloy Alfaro' De Manabí Facultad De Ciencias Médicas (Uleam),ECU,Ecuador,Quito,ULEAM,Physician,7275dbe6-7416-4352-b2d9-ebf3d580cc0d
Universidad Nacional De Loja Área De La Salud Humana,ECU,Ecuador,Loja,,Physician,7275dbe6-7416-4352-b2d9-ebf3d580cc0d
Universidad Particular De Especialidades Espiritu Santo (Uees) Facultad De Ciencias Médicas,ECU,Ecuador,Cuenca,,Physician,7275dbe6-7416-4352-b2d9-ebf3d580cc0d
Universidad Regional Autónoma De Los Andes Facultad Ciencias Médicas (Uniandes),ECU,Ecuador,Cuenca,,Physician,7275dbe6-7416-4352-b2d9-ebf3d580cc0d
Universidad San Francisco De Quito Colegio De Ciencias De La Salud,ECU,Ecuador,Cuenca,,Physician,7275dbe6-7416-4352-b2d9-ebf3d580cc0d
Universidad Tecnólogica Equinoccial Facultad De Ciencias De La Salud Eugenio Espejo,ECU,Ecuador,Cuenca,,Physician,7275dbe6-7416-4352-b2d9-ebf3d580cc0d
Universidad Técnica De Ambato Facultad De Ciencias De La Salud,ECU,Ecuador,Cuenca,,Physician,7275dbe6-7416-4352-b2d9-ebf3d580cc0d
Universidad Técnica De Manabí Facultad De Ciencias De La Salud,ECU,Ecuador,Cuenca,,Physician,7275dbe6-7416-4352-b2d9-ebf3d580cc0d
Universidad Técnica Particular De Loja Escuela De Medicina (Utpl),ECU,Ecuador,Loja,,Physician,7275dbe6-7416-4352-b2d9-ebf3d580cc0d
Universidad Católica De Cuenca Unidad Académica De Medicina Y Ciencias De La Salud,ECU,Ecuador,Loja,,Physician,7275dbe6-7416-4352-b2d9-ebf3d580cc0d
Universidad Nacional De Loja Área De La Salud Humana,ECU,Ecuador,Loja,UTPL,Physician,7275dbe6-7416-4352-b2d9-ebf3d580cc0d
Universidad Técnica De Machala Escuela De Ciencias Médicas,ECU,Ecuador,Cuenca,,Physician,7275dbe6-7416-4352-b2d9-ebf3d580cc0d
"Al-Azhar School Of Medicine In Cairo (For Males), Al-Azhar University",EGY,Egypt,Cairo,,Physician,7275dbe6-7416-4352-b2d9-ebf3d580cc0d
"Al-Azhar School Of Medicine In Damietta (For Males), Al-Azhar University",EGY,Egypt,Cairo,,Physician,7275dbe6-7416-4352-b2d9-ebf3d580cc0d
"Al-Azhar School Of Medicine In Assiut (For Males), Al-Azhar University",EGY,Egypt,Cairo,,Physician,7275dbe6-7416-4352-b2d9-ebf3d580cc0d
"Al-Azhar School Of Medicine In Cairo (For Females), Al-Azhar University",EGY,Egypt,Cairo,,Physician,7275dbe6-7416-4352-b2d9-ebf3d580cc0d
"Kasr El-Aini Faculty Of Medicine, Cairo University",EGY,Egypt,Cairo,,Physician,7275dbe6-7416-4352-b2d9-ebf3d580cc0d
Ain Shams University Faculty Of Medicine,EGY,Egypt,Cairo,ASU,Physician,7275dbe6-7416-4352-b2d9-ebf3d580cc0d
Alexandria Faculty Of Medicine,EGY,Egypt,Alexandria,,Physician,7275dbe6-7416-4352-b2d9-ebf3d580cc0d
Mansoura Faculty Of Medicine,EGY,Egypt,Lower Egypt,,Physician,7275dbe6-7416-4352-b2d9-ebf3d580cc0d
Faculty Of Medicine Zagazig University,EGY,Egypt,Lower Egypt,,Physician,7275dbe6-7416-4352-b2d9-ebf3d580cc0d
"Benha Faculty Of Medicine, Benha University",EGY,Egypt,North-east,,Physician,7275dbe6-7416-4352-b2d9-ebf3d580cc0d
Fayoum Faculty Of Medicine,EGY,Egypt,North-east,,Physician,7275dbe6-7416-4352-b2d9-ebf3d580cc0d
Assiut Faculty Of Medicine Assiut University,EGY,Egypt,Asyut,,Physician,7275dbe6-7416-4352-b2d9-ebf3d580cc0d
October 6 University (O6U) Faculty Of Medicine.,EGY,Egypt,Giza,O6U,Physician,7275dbe6-7416-4352-b2d9-ebf3d580cc0d
Suez Canal Faculty Of Medicine,EGY,Egypt,Suez Canal,,Physician,7275dbe6-7416-4352-b2d9-ebf3d580cc0d
Minia Medical School,EGY,Egypt,Upper Egypt,,Physician,7275dbe6-7416-4352-b2d9-ebf3d580cc0d
Monoufia Faculty Of Medicine,EGY,Egypt,Northern,,Physician,7275dbe6-7416-4352-b2d9-ebf3d580cc0d
Sohag Faculty Of Medicine,EGY,Egypt,Sohag,,Physician,7275dbe6-7416-4352-b2d9-ebf3d580cc0d
Tanta Faculty Of Medicine,EGY,Egypt,Northern,,Physician,7275dbe6-7416-4352-b2d9-ebf3d580cc0d
Misr University For Science And Technology Faculty Of Medicine,EGY,Egypt,Giza,,Physician,7275dbe6-7416-4352-b2d9-ebf3d580cc0d
Benha Faculty Of Medicine,EGY,Egypt,North-east,,Physician,7275dbe6-7416-4352-b2d9-ebf3d580cc0d
Menoufia University Faculty Of Medicine,EGY,Egypt,Northern,,Physician,7275dbe6-7416-4352-b2d9-ebf3d580cc0d
"Qena Faculty Of Medicine, South Valley University",EGY,Egypt,Upper Egypt,SVU,Physician,7275dbe6-7416-4352-b2d9-ebf3d580cc0d
"Port Said Univeristy, Faculty Of Medicine",EGY,Egypt,North-east,,Physician,7275dbe6-7416-4352-b2d9-ebf3d580cc0d
Kafrelsheikh University Faculty Of Medicine,EGY,Egypt,Lower Egypt,,Physician,7275dbe6-7416-4352-b2d9-ebf3d580cc0d
Beni Suef University Faculty Of Medicine,EGY,Egypt,Beni Suef,,Physician,7275dbe6-7416-4352-b2d9-ebf3d580cc0d
Newgiza University School Of Medicine,EGY,Egypt,Giza,,Physician,7275dbe6-7416-4352-b2d9-ebf3d580cc0d
Universitat Pompeu Fabra Facultat De Ciències De La Salut I De La Vida (Upf),ESP,Spain,Northeastern,UPF,Physician,7275dbe6-7416-4352-b2d9-ebf3d580cc0d
Universitat Jaume I Facultat De Ciències De La Salut,ESP,Spain,Castellon,,Physician,7275dbe6-7416-4352-b2d9-ebf3d580cc0d
Universidad De Alcalá: Facultad De Medicina,ESP,Spain,La Campina,,Physician,7275dbe6-7416-4352-b2d9-ebf3d580cc0d
Universidad Alfonso X El Sabio: Facultad De Ciencias De La Salud,ESP,Spain,Northeastern,,Physician,7275dbe6-7416-4352-b2d9-ebf3d580cc0d
Universitat Autònoma De Barcelona: Facultad De Medicina,ESP,Spain,Northeastern,,Physician,7275dbe6-7416-4352-b2d9-ebf3d580cc0d
Universidad Autónoma De Madrid: Facultad De Medicina,ESP,Spain,Northeastern,,Physician,7275dbe6-7416-4352-b2d9-ebf3d580cc0d
Universitat De Barcelona: Facultad De Medicina,ESP,Spain,Northeastern,,Physician,7275dbe6-7416-4352-b2d9-ebf3d580cc0d
Universidad De Cádiz: Facultad De Medicina,ESP,Spain,Cadiz,,Physician,7275dbe6-7416-4352-b2d9-ebf3d580cc0d
Universidad De Cantabria: Facultad De Medicina,ESP,Spain,Northern,UC,Physician,7275dbe6-7416-4352-b2d9-ebf3d580cc0d
"Universidad De Castilla-La Mancha: Facultad De Medicina, Albacete",ESP,Spain,Northern,,Physician,7275dbe6-7416-4352-b2d9-ebf3d580cc0d
"Universidad De Castilla-La Mancha: Facultad De Medicina, Ciudad Real",ESP,Spain,Northern,,Physician,7275dbe6-7416-4352-b2d9-ebf3d580cc0d
Valencia Catholic University Saint Vincent Martyr: Facultad De Psicología Y Ciencias De La Salud - Universidad Catolica De Valencia,ESP,Spain,Valencia,,Physician,7275dbe6-7416-4352-b2d9-ebf3d580cc0d
Ceu San Pablo University: Facultad De Medicina,ESP,Spain,Madrid,,Physician,7275dbe6-7416-4352-b2d9-ebf3d580cc0d
Universidad Ceu Cardenal Herrera: Facultad De Medicina,ESP,Spain,Madrid,,Physician,7275dbe6-7416-4352-b2d9-ebf3d580cc0d
Universidad Complutense De Madrid: Facultad De Medicina,ESP,Spain,Madrid,,Physician,7275dbe6-7416-4352-b2d9-ebf3d580cc0d
Universidad De Córdoba: Facultad De Medicina,ESP,Spain,Cordoba,,Physician,7275dbe6-7416-4352-b2d9-ebf3d580cc0d
University Of The Basque Country: Facultad De Medicina Y Odontología - Universidad Del Pais Vasco (Upv),ESP,Spain,Biscay,UPV,Physician,7275dbe6-7416-4352-b2d9-ebf3d580cc0d
Universidad Europea De Madrid: Facultad De Medicina,ESP,Spain,Madrid,,Physician,7275dbe6-7416-4352-b2d9-ebf3d580cc0d
Universidad De Extremadura: Facultad De Medicina,ESP,Spain,Madrid,,Physician,7275dbe6-7416-4352-b2d9-ebf3d580cc0d
Universidad Francisco De Vitoria: Facultad De Ciencias De La Salud,ESP,Spain,Madrid,,Physician,7275dbe6-7416-4352-b2d9-ebf3d580cc0d
Universitat De Girona: Facultad De Medicina,ESP,Spain,Madrid,,Physician,7275dbe6-7416-4352-b2d9-ebf3d580cc0d
Universidad De Granada: Facultad De Medicina,ESP,Spain,Northern,,Physician,7275dbe6-7416-4352-b2d9-ebf3d580cc0d
Universitat Internacional De Catalunya: Facultad De Medicina Y Ciencias De La Salud,ESP,Spain,Catalonia,,Physician,7275dbe6-7416-4352-b2d9-ebf3d580cc0d
Universidad De La Laguna: Facultad De Medicina,ESP,Spain,Santa Cruz,ULL,Physician,7275dbe6-7416-4352-b2d9-ebf3d580cc0d
Universidad De Las Palmas De Gran Canaria: Facultad De Ciencias De La Salud,ESP,Spain,Santa Cruz,ULPGC,Physician,7275dbe6-7416-4352-b2d9-ebf3d580cc0d
Universitat De Lleida: Facultad De Medicina,ESP,Spain,Northeastern,,Physician,7275dbe6-7416-4352-b2d9-ebf3d580cc0d
Universidad De Málaga: Facultad De Medicina,ESP,Spain,Southern,,Physician,7275dbe6-7416-4352-b2d9-ebf3d580cc0d
Miguel Hernández University Of Elche: Facultad De Medicina,ESP,Spain,Alicante,,Physician,7275dbe6-7416-4352-b2d9-ebf3d580cc0d
Universidad De Murcia: Facultad De Medicina,ESP,Spain,Southeastern,,Physician,7275dbe6-7416-4352-b2d9-ebf3d580cc0d
Universidad De Oviedo: Facultad De Medicina,ESP,Spain,Northern,,Physician,7275dbe6-7416-4352-b2d9-ebf3d580cc0d
"Autonomous University Of Barcelona: Grado Mixto, Facultat De Ciènces De La Salut I La Vida",ESP,Spain,Northeastern,,Physician,7275dbe6-7416-4352-b2d9-ebf3d580cc0d
Universidad Rey Juan Carlos: Facultad De Ciencias De La Salud,ESP,Spain,Southern,,Physician,7275dbe6-7416-4352-b2d9-ebf3d580cc0d
Universitat Rovira I Virgili: Facultad De Medicina Y Ciencias De La Salud,ESP,Spain,Catalonia,,Physician,7275dbe6-7416-4352-b2d9-ebf3d580cc0d
Universidad De Salamanca: Facultad De Medicina,ESP,Spain,Santiago,,Physician,7275dbe6-7416-4352-b2d9-ebf3d580cc0d
Universidad De Santiago De Compostela: Facultad De Medicina Y Odontología,ESP,Spain,Santiago,,Physician,7275dbe6-7416-4352-b2d9-ebf3d580cc0d
Universidad De Sevilla: Facultad De Medicina,ESP,Spain,homonynous,,Physician,7275dbe6-7416-4352-b2d9-ebf3d580cc0d
Universidad De Valladolid: Facultad De Medicina,ESP,Spain,Northern,,Physician,7275dbe6-7416-4352-b2d9-ebf3d580cc0d
Universitat De València: Facultad De Medicina Y Odontología,ESP,Spain,Valencia,,Physician,7275dbe6-7416-4352-b2d9-ebf3d580cc0d
Universidad De Zaragoza: Facultad De Medicina,ESP,Spain,Northeastern,UOZ,Physician,7275dbe6-7416-4352-b2d9-ebf3d580cc0d
Universidad De Extremadura Facultad De Medicina,ESP,Spain,Northeastern,,Physician,7275dbe6-7416-4352-b2d9-ebf3d580cc0d
Universidad De Málaga Facultad De Medicina,ESP,Spain,Malaga,UMA,Physician,7275dbe6-7416-4352-b2d9-ebf3d580cc0d
Universidad De Alcalá Facultad De Medicina,ESP,Spain,Madrid,,Physician,7275dbe6-7416-4352-b2d9-ebf3d580cc0d
Universidad De Córdoba Facultad De Medicina Y Enfermería,ESP,Spain,Cordoba,,Physician,7275dbe6-7416-4352-b2d9-ebf3d580cc0d
Universidad Ceu San Pablo Facultad De Medicina,ESP,Spain,Madrid,CEU,Physician,7275dbe6-7416-4352-b2d9-ebf3d580cc0d
Universitat De Valencia Facultat De Medicina E Odontologia,ESP,Spain,Valencia,,Physician,7275dbe6-7416-4352-b2d9-ebf3d580cc0d
Universidad De Valladolid Facultad De Medicina,ESP,Spain,Northern,,Physician,7275dbe6-7416-4352-b2d9-ebf3d580cc0d
Universidad De Alicante,ESP,Spain,Alacant,UOA,Physician,7275dbe6-7416-4352-b2d9-ebf3d580cc0d
Universidad Del País Vasco / Euskal Herriko Unibertsitatea,ESP,Spain,Biscay,UPV,Physician,7275dbe6-7416-4352-b2d9-ebf3d580cc0d
"University Of Tartu, Faculty Of Medicine",EST,Estonia,Tartu,,Physician,7275dbe6-7416-4352-b2d9-ebf3d580cc0d
St. Paul'S Hospital Millenium Medical College,ETH,Ethipoia,Addis Ababa,,Physician,7275dbe6-7416-4352-b2d9-ebf3d580cc0d
Gondar College Of Medicine And Health Sciences,ETH,Ethipoia,Addis Ababa,,Physician,7275dbe6-7416-4352-b2d9-ebf3d580cc0d
Dire Dawa University,ETH,Ethipoia,Addis Ababa,,Physician,7275dbe6-7416-4352-b2d9-ebf3d580cc0d
University Of Helsinki – Faculty Of Medicine,FIN,Finland,Helsinki,UH,Physician,7275dbe6-7416-4352-b2d9-ebf3d580cc0d
University Of Tampere – Faculty Of Medicine,FIN,Finland,Western,UTA,Physician,7275dbe6-7416-4352-b2d9-ebf3d580cc0d
University Of Turku – Faculty Of Medicine,FIN,Finland,Turku,,Physician,7275dbe6-7416-4352-b2d9-ebf3d580cc0d
University Of Eastern Finland,FIN,Finland,Eastern,,Physician,7275dbe6-7416-4352-b2d9-ebf3d580cc0d
University Of Oulu Faculty Of Medicine,FIN,Finland,Northern,,Physician,7275dbe6-7416-4352-b2d9-ebf3d580cc0d
"Fiji National University College Of Medicine, Nursing & Health Sciences",FJI,Fiji,Northern,FNU,Physician,7275dbe6-7416-4352-b2d9-ebf3d580cc0d
Aix-Marseille University,FRA,France,Provence,AMU,Physician,7275dbe6-7416-4352-b2d9-ebf3d580cc0d
University Of Angers,FRA,France,Pays de la Loire,,Physician,7275dbe6-7416-4352-b2d9-ebf3d580cc0d
University Of Antilles-Guyane,FRA,France,French West Indies,,Physician,7275dbe6-7416-4352-b2d9-ebf3d580cc0d
Victor Segalen Bordeaux 2 University,FRA,France,Bordeaux,,Physician,7275dbe6-7416-4352-b2d9-ebf3d580cc0d
University Of Burgundy,FRA,France,Northeastern,,Physician,7275dbe6-7416-4352-b2d9-ebf3d580cc0d
University Of Western Brittany,FRA,France,Western,,Physician,7275dbe6-7416-4352-b2d9-ebf3d580cc0d
University Of Caen Lower Normandy,FRA,France,Northwestern,,Physician,7275dbe6-7416-4352-b2d9-ebf3d580cc0d
University Of Auvergne (Clermont-Ferrand I),FRA,France,Auvergne-Rhône-Alpes,,Physician,7275dbe6-7416-4352-b2d9-ebf3d580cc0d
University Of Franche-Comté,FRA,France,Franche-Comté,,Physician,7275dbe6-7416-4352-b2d9-ebf3d580cc0d
Joseph Fourier University (Grenoble I),FRA,France,Auvergne-Rhône-Alpes,,Physician,7275dbe6-7416-4352-b2d9-ebf3d580cc0d
Université Lille Nord De France – Campus Lille Ii,FRA,France,Northern,COMUE,Physician,7275dbe6-7416-4352-b2d9-ebf3d580cc0d
University Of Limoges,FRA,France,Nouvelle-Aquitaine,UL,Physician,7275dbe6-7416-4352-b2d9-ebf3d580cc0d
"Claude Bernard University Lyon 1, Two Ufr Of Medicine: Lyon Est And Lyon Sud",FRA,France,Southeast,UCBL,Physician,7275dbe6-7416-4352-b2d9-ebf3d580cc0d
Jean Monnet University (Saint-Étienne),FRA,France,Eastern,,Physician,7275dbe6-7416-4352-b2d9-ebf3d580cc0d
University Of Montpellier 1,FRA,France,Southeast,,Physician,7275dbe6-7416-4352-b2d9-ebf3d580cc0d
Henri Poincaré University (Nancy I),FRA,France,Northern,,Physician,7275dbe6-7416-4352-b2d9-ebf3d580cc0d
University Of Nantes,FRA,France,Pays de la Loire,,Physician,7275dbe6-7416-4352-b2d9-ebf3d580cc0d
University Of Nice Sophia Antipolis,FRA,France,Nice,,Physician,7275dbe6-7416-4352-b2d9-ebf3d580cc0d
University Of New Caledonia : Only The First Year,FRA,France,Southern,,Physician,7275dbe6-7416-4352-b2d9-ebf3d580cc0d
Paris Descartes University (Paris 5),FRA,France,Western Europe,,Physician,7275dbe6-7416-4352-b2d9-ebf3d580cc0d
Université Pierre Et Marie Curie - Sorbonne Université Campus Pierre Et Marie Curie,FRA,France,Paris,,Physician,7275dbe6-7416-4352-b2d9-ebf3d580cc0d
Paris Diderot University (Paris 7),FRA,France,Paris,,Physician,7275dbe6-7416-4352-b2d9-ebf3d580cc0d
Paris-Sud 11 University,FRA,France,Paris,,Physician,7275dbe6-7416-4352-b2d9-ebf3d580cc0d
Paris 12 Val De Marne University,FRA,France,Paris,,Physician,7275dbe6-7416-4352-b2d9-ebf3d580cc0d
Paris 13 University (Paris North),FRA,France,Paris,,Physician,7275dbe6-7416-4352-b2d9-ebf3d580cc0d
University Of Picardy-Jules Verne (Amiens),FRA,France,Northern,,Physician,7275dbe6-7416-4352-b2d9-ebf3d580cc0d
University Of Poitiers,FRA,France,Nouvelle-Aquitaine,UP,Physician,7275dbe6-7416-4352-b2d9-ebf3d580cc0d
University Of Reims Champagne-Ardenne,FRA,France,Northeastern,,Physician,7275dbe6-7416-4352-b2d9-ebf3d580cc0d
University Of Rennes 1,FRA,France,Northwestern,,Physician,7275dbe6-7416-4352-b2d9-ebf3d580cc0d
University Of Rouen,FRA,France,Normandy,,Physician,7275dbe6-7416-4352-b2d9-ebf3d580cc0d
University Of Strasbourg,FRA,France,Grand Est,,Physician,7275dbe6-7416-4352-b2d9-ebf3d580cc0d
"Paul Sabatier University (Toulouse Iii), Two Ufr : Purpan And Rangueil",FRA,France,Southern,,Physician,7275dbe6-7416-4352-b2d9-ebf3d580cc0d
François Rabelais University (Tours),FRA,France,Western France,,Physician,7275dbe6-7416-4352-b2d9-ebf3d580cc0d
Versailles Saint-Quentin-En-Yvelines University,FRA,France,Western France,UVSQ,Physician,7275dbe6-7416-4352-b2d9-ebf3d580cc0d
Université De Lorraine Faculté De Médecine,FRA,France,Western France,,Physician,7275dbe6-7416-4352-b2d9-ebf3d580cc0d
"Ufr Des Sciences De Santé De Dijon, Université De Bourgogne",FRA,France,Northeastern,UFR,Physician,7275dbe6-7416-4352-b2d9-ebf3d580cc0d
"Ufr De Santé, Médecine Et Biologie Humaine Leonard Da Vinci (Paris 13)",FRA,France,Northeastern,UFR,Physician,7275dbe6-7416-4352-b2d9-ebf3d580cc0d
"Faculté De Médecine Et Des Sciences De La Santé De Brest, Ubo",FRA,France,Western,UBO,Physician,7275dbe6-7416-4352-b2d9-ebf3d580cc0d
"Faculté Libre De Médecine, Université Catholique De Lille",FRA,France,Northern,,Physician,7275dbe6-7416-4352-b2d9-ebf3d580cc0d
Faculté De Médecine Toulouse-Purpan,FRA,France,Northern,,Physician,7275dbe6-7416-4352-b2d9-ebf3d580cc0d
Anglia Ruskin University,GBR,United Kingdom,East Anglia,ARU,Physician,7275dbe6-7416-4352-b2d9-ebf3d580cc0d
Barts And The London School Of Medicine And Dentistry,GBR,United Kingdom,London,,Physician,7275dbe6-7416-4352-b2d9-ebf3d580cc0d
University Of Birmingham Medical School,GBR,United Kingdom,West midlands,BU,Physician,7275dbe6-7416-4352-b2d9-ebf3d580cc0d
Bristol Medical School,GBR,United Kingdom,South west,,Physician,7275dbe6-7416-4352-b2d9-ebf3d580cc0d
Brighton And Sussex Medical School,GBR,United Kingdom,South east,,Physician,7275dbe6-7416-4352-b2d9-ebf3d580cc0d
"School Of Clinical Medicine, University Of Cambridge",GBR,United Kingdom,Cambridge,,Physician,7275dbe6-7416-4352-b2d9-ebf3d580cc0d
Durham University School Of Medicine And Health,GBR,United Kingdom,North Yorkshire,,Physician,7275dbe6-7416-4352-b2d9-ebf3d580cc0d
Hull York Medical School,GBR,United Kingdom,Northeastern,HTMS,Physician,7275dbe6-7416-4352-b2d9-ebf3d580cc0d
Plymouth University Peninsula Schools Of Medicine And Dentistry,GBR,United Kingdom,South West,,Physician,7275dbe6-7416-4352-b2d9-ebf3d580cc0d
Imperial College School Of Medicine,GBR,United Kingdom,London,,Physician,7275dbe6-7416-4352-b2d9-ebf3d580cc0d
Keele University School Of Medicine,GBR,United Kingdom,Northern,,Physician,7275dbe6-7416-4352-b2d9-ebf3d580cc0d
King'S College London School Of Medicine And Dentistry,GBR,United Kingdom,London,KCL,Physician,7275dbe6-7416-4352-b2d9-ebf3d580cc0d
Lancaster Medical School,GBR,United Kingdom,North West,LMS,Physician,7275dbe6-7416-4352-b2d9-ebf3d580cc0d
Leeds School Of Medicine,GBR,United Kingdom,West Yorkshire,,Physician,7275dbe6-7416-4352-b2d9-ebf3d580cc0d
Leicester Medical School,GBR,United Kingdom,East Midlands,,Physician,7275dbe6-7416-4352-b2d9-ebf3d580cc0d
University Of Liverpool,GBR,United Kingdom,northwestern,,Physician,7275dbe6-7416-4352-b2d9-ebf3d580cc0d
Manchester Medical School,GBR,United Kingdom,Manchester,,Physician,7275dbe6-7416-4352-b2d9-ebf3d580cc0d
Newcastle University Medical School,GBR,United Kingdom,Northeastern,,Physician,7275dbe6-7416-4352-b2d9-ebf3d580cc0d
Norwich Medical School At The University Of East Anglia,GBR,United Kingdom,East Anglia,,Physician,7275dbe6-7416-4352-b2d9-ebf3d580cc0d
University Of Nottingham Medical School,GBR,United Kingdom,East Midlands,,Physician,7275dbe6-7416-4352-b2d9-ebf3d580cc0d
"Medical Sciences Division, University Of Oxford",GBR,United Kingdom,Northwestern,,Physician,7275dbe6-7416-4352-b2d9-ebf3d580cc0d
Peninsula College Of Medicine And Dentistry,GBR,United Kingdom,Southern,,Physician,7275dbe6-7416-4352-b2d9-ebf3d580cc0d
Sheffield Medical School,GBR,United Kingdom,South Yorkshire,,Physician,7275dbe6-7416-4352-b2d9-ebf3d580cc0d
Southampton Medical School,GBR,United Kingdom,Southeast,,Physician,7275dbe6-7416-4352-b2d9-ebf3d580cc0d
"St George'S, University Of London",GBR,United Kingdom,London,,Physician,7275dbe6-7416-4352-b2d9-ebf3d580cc0d
Warwick Medical School,GBR,United Kingdom,West midlands,,Physician,7275dbe6-7416-4352-b2d9-ebf3d580cc0d
Ucl Medical School,GBR,United Kingdom,London,UCL,Physician,7275dbe6-7416-4352-b2d9-ebf3d580cc0d
University Of Aberdeen School Of Medicine,GBR,United Kingdom,Northeastern,,Physician,7275dbe6-7416-4352-b2d9-ebf3d580cc0d
University Of St Andrews School Of Medicine,GBR,United Kingdom,East coast,,Physician,7275dbe6-7416-4352-b2d9-ebf3d580cc0d
Dundee Medical School,GBR,United Kingdom,Northeastern,,Physician,7275dbe6-7416-4352-b2d9-ebf3d580cc0d
University Of Edinburgh Medical School,GBR,United Kingdom,Edinburgh,,Physician,7275dbe6-7416-4352-b2d9-ebf3d580cc0d
Glasgow Medical School,GBR,United Kingdom,Glasgow,,Physician,7275dbe6-7416-4352-b2d9-ebf3d580cc0d
Queen'S University Belfast Medical School,GBR,United Kingdom,Northern,QUB,Physician,7275dbe6-7416-4352-b2d9-ebf3d580cc0d
Cardiff University School Of Medicine,GBR,United Kingdom,Wales,,Physician,7275dbe6-7416-4352-b2d9-ebf3d580cc0d
Swansea University School Of Medicine,GBR,United Kingdom,Wales,,Physician,7275dbe6-7416-4352-b2d9-ebf3d580cc0d
University Of Exeter Medical School,GBR,United Kingdom,Southwest,,Physician,7275dbe6-7416-4352-b2d9-ebf3d580cc0d
De Montfort University,GBR,United Kingdom,Leicester,,Physician,7275dbe6-7416-4352-b2d9-ebf3d580cc0d
"York St John University, Physiotherpay Program",GBR,United Kingdom,Yorkshire,,Physician,7275dbe6-7416-4352-b2d9-ebf3d580cc0d
The University Of Buckingham,GBR,United Kingdom,Yorkshire,UB,Physician,7275dbe6-7416-4352-b2d9-ebf3d580cc0d
University Of Central Lancashire,GBR,United Kingdom,northwestern,UCLan,Physician,7275dbe6-7416-4352-b2d9-ebf3d580cc0d
University Of Wolverhampton,GBR,United Kingdom,West midlands,,Physician,7275dbe6-7416-4352-b2d9-ebf3d580cc0d
Kingston University,GBR,United Kingdom,London,KUL,Physician,7275dbe6-7416-4352-b2d9-ebf3d580cc0d
David Tvildiani Medical University Aieti Medical School,GEO,Georgia,Moscow,DTMU,Physician,7275dbe6-7416-4352-b2d9-ebf3d580cc0d
Tbilisi State Medical University Faculty Of Medicine,GEO,Georgia,Tiflis,TSMU,Physician,7275dbe6-7416-4352-b2d9-ebf3d580cc0d
Caucasus International University Faculty Of Medicine,GEO,Georgia,Tiflis,,Physician,7275dbe6-7416-4352-b2d9-ebf3d580cc0d
University For Development Studies School Of Medicine And Health Sciences,GHA,Ghana,Northern,,Physician,7275dbe6-7416-4352-b2d9-ebf3d580cc0d
Kwame Nkrumah University Of Science & Technology School Of Medical Sciences,GHA,Ghana,Ashanti,KNUST,Physician,7275dbe6-7416-4352-b2d9-ebf3d580cc0d
University For Development Studies School Of Medicine And Health Sciences,GHA,Ghana,Northern,,Physician,7275dbe6-7416-4352-b2d9-ebf3d580cc0d
University Of Cape Coast School Of Medical Sciences,GHA,Ghana,Central Region,,Physician,7275dbe6-7416-4352-b2d9-ebf3d580cc0d
University Of Ghana School Of Medicine And Dentistry,GHA,Ghana,Accra,UGMS,Physician,7275dbe6-7416-4352-b2d9-ebf3d580cc0d
"American International University, West Africa",GMB,The Gambia,West Africa,,Physician,7275dbe6-7416-4352-b2d9-ebf3d580cc0d
University Of Thessalia Faculty Of Medicine,GRC,Greece,Thessaly,UTH,Physician,7275dbe6-7416-4352-b2d9-ebf3d580cc0d
University Of Athens School Of Health Sciences,GRC,Greece,Athens,,Physician,7275dbe6-7416-4352-b2d9-ebf3d580cc0d
University Of Patras School Of Health Sciences,GRC,Greece,Achaea,,Physician,7275dbe6-7416-4352-b2d9-ebf3d580cc0d
Aristotle University Of Thessaloniki Medical School,GRC,Greece,Achaea,,Physician,7275dbe6-7416-4352-b2d9-ebf3d580cc0d
University Of Crete Faculty Of Medicine,GRC,Greece,Achaea,,Physician,7275dbe6-7416-4352-b2d9-ebf3d580cc0d
Demokritos University Of Thrace Department Of Medicine,GRC,Greece,Achaea,,Physician,7275dbe6-7416-4352-b2d9-ebf3d580cc0d
University Of Ioannina Medical School,GRC,Greece,Achaea,,Physician,7275dbe6-7416-4352-b2d9-ebf3d580cc0d
St. George'S University School Of Medicine,GRD,Grenada,Caribbean,,Physician,7275dbe6-7416-4352-b2d9-ebf3d580cc0d
Universidad Francisco Marroquin,GTM,Guatemala,Guatemala,,Physician,7275dbe6-7416-4352-b2d9-ebf3d580cc0d
Universidad Rafael Landivar,GTM,Guatemala,Guatemala,,Physician,7275dbe6-7416-4352-b2d9-ebf3d580cc0d
Universidad Mariano Galvez,GTM,Guatemala,Guatemala,UMG,Physician,7275dbe6-7416-4352-b2d9-ebf3d580cc0d
Universidad De San Carlos Facultad De Ciencias Médicas (Usac),GTM,Guatemala,Guatemala,USAC,Physician,7275dbe6-7416-4352-b2d9-ebf3d580cc0d
Universidad Francisco Marroquín Facultad De Medicina,GTM,Guatemala,Guatemala,UFM,Physician,7275dbe6-7416-4352-b2d9-ebf3d580cc0d
Universidad Mariano Gálvez De Guatemala Facultad De Ciencias Médicas Y De La Salud,GTM,Guatemala,Guatemala,,Physician,7275dbe6-7416-4352-b2d9-ebf3d580cc0d
Universidad Mesoamericana De Quetzaltenango Facultad De Medicina,GTM,Guatemala,Guatemala,,Physician,7275dbe6-7416-4352-b2d9-ebf3d580cc0d
Universidad Rafael Landívar Facultad De Ciencias De La Salud,GTM,Guatemala,Guatemala,,Physician,7275dbe6-7416-4352-b2d9-ebf3d580cc0d
American International School Of Medicine,GUY,Guyana,Georgetown,AISM,Physician,7275dbe6-7416-4352-b2d9-ebf3d580cc0d
Georgetown American University School Of Medicine,GUY,Guyana,Georgetown,,Physician,7275dbe6-7416-4352-b2d9-ebf3d580cc0d
Greenheart Medical University School Of Medicine,GUY,Guyana,Georgetown,GMU,Physician,7275dbe6-7416-4352-b2d9-ebf3d580cc0d
Rajiv Gandhi University Of Science And Technology School Of Medicine,GUY,Guyana,Northeastern,,Physician,7275dbe6-7416-4352-b2d9-ebf3d580cc0d
Texila American University College Of Medicine,GUY,Guyana,Georgetown,TAU,Physician,7275dbe6-7416-4352-b2d9-ebf3d580cc0d
University Of Guyana Faculty Of Health Sciences,GUY,Guyana,Georgetown,,Physician,7275dbe6-7416-4352-b2d9-ebf3d580cc0d
Chinese University Of Hong Kong Faculty Of Medicine,HKG,Hong Kong,Hong Kong,HKU,Physician,7275dbe6-7416-4352-b2d9-ebf3d580cc0d
University Of Hong Kong,HKG,Hong Kong,Hong Kong,,Physician,7275dbe6-7416-4352-b2d9-ebf3d580cc0d
Universidad Católica De Honduras Nuestra Señora Reina De La Paz Facultad En Ciencias De La Salud,HND,Honduras,Central America,,Physician,7275dbe6-7416-4352-b2d9-ebf3d580cc0d
Universidad Nacional Autónoma De Honduras Facultad De Ciencias Médicas,HND,Honduras,Central America,,Physician,7275dbe6-7416-4352-b2d9-ebf3d580cc0d
Universidad Tecnologica Centroamericana (Unitec) Facultad De Ciencias De La Salud,HND,Honduras,Central America,,Physician,7275dbe6-7416-4352-b2d9-ebf3d580cc0d
"School Of Medicine, University Of Osijek",HRV,Croatia,Požega,,Physician,7275dbe6-7416-4352-b2d9-ebf3d580cc0d
"School Of Medicine, University Of Rijeka",HRV,Croatia,Primorje,,Physician,7275dbe6-7416-4352-b2d9-ebf3d580cc0d
"School Of Medicine, University Of Split",HRV,Croatia,Split,,Physician,7275dbe6-7416-4352-b2d9-ebf3d580cc0d
"School Of Medicine, University Of Zagreb",HRV,Croatia,Zagreb,,Physician,7275dbe6-7416-4352-b2d9-ebf3d580cc0d
Université Notre Dame D'Haïti Faculté De Médecine,HTI,Haiti,Caribbean,,Physician,7275dbe6-7416-4352-b2d9-ebf3d580cc0d
"Albert Szent-Györgyi Medical University, Szeged",HUN,Hungary,Central Region,,Physician,7275dbe6-7416-4352-b2d9-ebf3d580cc0d
Semmelweis University Of Medical Sciences,HUN,Hungary,Budapest,,Physician,7275dbe6-7416-4352-b2d9-ebf3d580cc0d
University Of Debrecen Medical School,HUN,Hungary,Budapest,,Physician,7275dbe6-7416-4352-b2d9-ebf3d580cc0d
University Of Pécs Medical School,HUN,Hungary,Budapest,,Physician,7275dbe6-7416-4352-b2d9-ebf3d580cc0d
Universitas Indonesia Fakultas Kedokteran,IDN,Indonesia,West Java,FKUI,Physician,7275dbe6-7416-4352-b2d9-ebf3d580cc0d
Universitas Hasanuddin Fakultas Kedokteran,IDN,Indonesia,Makassar,,Physician,7275dbe6-7416-4352-b2d9-ebf3d580cc0d
Jakarta Christian University (Ukrida) Faculty Of Medicine,IDN,Indonesia,Jakarta,UKRIDA,Physician,7275dbe6-7416-4352-b2d9-ebf3d580cc0d
Maranatha Christian University School Of Medicine,IDN,Indonesia,West Java,,Physician,7275dbe6-7416-4352-b2d9-ebf3d580cc0d
Universitas Tarumanagara Fakultas Kedokteran,IDN,Indonesia,West Java,,Physician,7275dbe6-7416-4352-b2d9-ebf3d580cc0d
Universitas Airlangga Fakultas Kedokteran,IDN,Indonesia,West Java,,Physician,7275dbe6-7416-4352-b2d9-ebf3d580cc0d
Universitas Gadjah Mada Sekip Fakultas Kedokteran,IDN,Indonesia,West Java,,Physician,7275dbe6-7416-4352-b2d9-ebf3d580cc0d
Universitas Andalas Fakultas Kedokteran,IDN,Indonesia,West Java,,Physician,7275dbe6-7416-4352-b2d9-ebf3d580cc0d
Universitas Sumatera Utara Fakultas Kedokteran (Aka University Of North Sumatra),IDN,Indonesia,Northern,,Physician,7275dbe6-7416-4352-b2d9-ebf3d580cc0d
Universitas Padjadjaran Fakultas Kedokteran,IDN,Indonesia,West Java,UNPAD,Physician,7275dbe6-7416-4352-b2d9-ebf3d580cc0d
Universitas Methodist Indonesia Faculty Of Medicine,IDN,Indonesia,North Sumatra,UMI,Physician,7275dbe6-7416-4352-b2d9-ebf3d580cc0d
Universitas Muhammadiyah Yogyakarta Fakultas Kedokteran,IDN,Indonesia,Southern Java,UMY,Physician,7275dbe6-7416-4352-b2d9-ebf3d580cc0d
Universitas Katolik Indonesia Atma Jaya Fakultas Kedokteran,IDN,Indonesia,Southern Java,,Physician,7275dbe6-7416-4352-b2d9-ebf3d580cc0d
Universitas Tanjungpura Fakultas Kedokteran,IDN,Indonesia,Southern Java,,Physician,7275dbe6-7416-4352-b2d9-ebf3d580cc0d
Universitas Baiturrahmah Fakultas Kedokteran,IDN,Indonesia,Southern Java,,Physician,7275dbe6-7416-4352-b2d9-ebf3d580cc0d
Universitas Hang Tuah Fakultas Kedokteran,IDN,Indonesia,Southern Java,UHT,Physician,7275dbe6-7416-4352-b2d9-ebf3d580cc0d
Universitas Muslim Indonesia Fakultas Kedokteran,IDN,Indonesia,Southern Java,,Physician,7275dbe6-7416-4352-b2d9-ebf3d580cc0d
Universitas Lampung Fakultas Kedokteran,IDN,Indonesia,West Java,,Physician,7275dbe6-7416-4352-b2d9-ebf3d580cc0d
Universitas Trisakti Fakultas Kedokteran,IDN,Indonesia,West Java,,Physician,7275dbe6-7416-4352-b2d9-ebf3d580cc0d
Universitas Syiah Kuala Fakultas Kedokteran,IDN,Indonesia,West Java,,Physician,7275dbe6-7416-4352-b2d9-ebf3d580cc0d
Universitas Jambi Fakultas Kedokteran,IDN,Indonesia,West Java,,Physician,7275dbe6-7416-4352-b2d9-ebf3d580cc0d
Universitas Pelita Harapan Fakultas Kedokteran,IDN,Indonesia,West Java,,Physician,7275dbe6-7416-4352-b2d9-ebf3d580cc0d
Universitas Islam Malang Fakultas Kedokteran,IDN,Indonesia,West Java,,Physician,7275dbe6-7416-4352-b2d9-ebf3d580cc0d
Universitas Sebelas Maret Fakultas Kedokteran,IDN,Indonesia,West Java,,Physician,7275dbe6-7416-4352-b2d9-ebf3d580cc0d
Universitas Yarsi Fakultas Kedokteran,IDN,Indonesia,West Java,,Physician,7275dbe6-7416-4352-b2d9-ebf3d580cc0d
Universitas Tadulako Fakultas Kedokteran Dan Ilmu Kesehatan,IDN,Indonesia,West Java,,Physician,7275dbe6-7416-4352-b2d9-ebf3d580cc0d
Universitas Bengkulu Fakultas Kedokteran,IDN,Indonesia,West Java,,Physician,7275dbe6-7416-4352-b2d9-ebf3d580cc0d
Universitas Udayana Fakultas Kedokteran,IDN,Indonesia,West Java,,Physician,7275dbe6-7416-4352-b2d9-ebf3d580cc0d
Universitas Jember Fakultas Kedokteran,IDN,Indonesia,West Java,,Physician,7275dbe6-7416-4352-b2d9-ebf3d580cc0d
Universitas Diponegoro Fakultas Kedokteran,IDN,Indonesia,West Java,,Physician,7275dbe6-7416-4352-b2d9-ebf3d580cc0d
Universitas Sriwijaya Fakultas Kedokteran,IDN,Indonesia,West Java,,Physician,7275dbe6-7416-4352-b2d9-ebf3d580cc0d
Amc Met Medical College,IND,India,Gujarat,AMC,Physician,7275dbe6-7416-4352-b2d9-ebf3d580cc0d
"A.J. Institute Of Medical Science, Mangalore",IND,India,Karnataka,,Physician,7275dbe6-7416-4352-b2d9-ebf3d580cc0d
"Akash Medical College, Bangaluru",IND,India,Karnataka,,Physician,7275dbe6-7416-4352-b2d9-ebf3d580cc0d
"Al-Ameen Medical College, Bijapur",IND,India,Karnataka,,Physician,7275dbe6-7416-4352-b2d9-ebf3d580cc0d
"Bangalore Medical College And Research Institute, Bangalore",IND,India,Karnataka,,Physician,7275dbe6-7416-4352-b2d9-ebf3d580cc0d
"Basaveshwara Medical College, Bagalkot",IND,India,Karnataka,BMC,Physician,7275dbe6-7416-4352-b2d9-ebf3d580cc0d
"Belgaum Institute Of Medical Sciences, Belgaum",IND,India,Karnataka,,Physician,7275dbe6-7416-4352-b2d9-ebf3d580cc0d
"Bgs Global Institute Of Medical Sciences,Bangalore",IND,India,Karnataka,,Physician,7275dbe6-7416-4352-b2d9-ebf3d580cc0d
"Bidar Institute Of Medical Sciences, Bidar",IND,India,Karnataka,,Physician,7275dbe6-7416-4352-b2d9-ebf3d580cc0d
"Blde Medical College, Bijapur",IND,India,Karnataka,,Physician,7275dbe6-7416-4352-b2d9-ebf3d580cc0d
"Dr B.R.Ambedkar Medical College, Bangalore",IND,India,Karnataka,,Physician,7275dbe6-7416-4352-b2d9-ebf3d580cc0d
"Esic Medical College & Pgimsr, Rajajinagar, Bangalore",IND,India,Karnataka,,Physician,7275dbe6-7416-4352-b2d9-ebf3d580cc0d
"Father Muller Medical College, Mangalore",IND,India,Karnataka,,Physician,7275dbe6-7416-4352-b2d9-ebf3d580cc0d
"Government Ayurveda Medical College And Hospital, Mysore",IND,India,Karnataka,,Physician,7275dbe6-7416-4352-b2d9-ebf3d580cc0d
"Hassan Institute Of Medical Sciences, Hassan",IND,India,Karnataka,,Physician,7275dbe6-7416-4352-b2d9-ebf3d580cc0d
"J.J.M. Medical College,Davangere",IND,India,Karnataka,JJM,Physician,7275dbe6-7416-4352-b2d9-ebf3d580cc0d
"Jawaharlal Nehru Medical College, Belgaum",IND,India,Karnataka,JNMC,Physician,7275dbe6-7416-4352-b2d9-ebf3d580cc0d
"Jss Medical College, Mysore",IND,India,Karnataka,,Physician,7275dbe6-7416-4352-b2d9-ebf3d580cc0d
Karnataka Institute Of Medical Sciences,IND,India,Karnataka,,Physician,7275dbe6-7416-4352-b2d9-ebf3d580cc0d
"Karnataka Institute Of Medical Sciences, Hubli",IND,India,Karnataka,,Physician,7275dbe6-7416-4352-b2d9-ebf3d580cc0d
Kasturba Medical College,IND,India,Karnataka,,Physician,7275dbe6-7416-4352-b2d9-ebf3d580cc0d
Kasturba Medical College (Kmc) Manipal,IND,India,Karnataka,KMC,Physician,7275dbe6-7416-4352-b2d9-ebf3d580cc0d
"Kempegowda Institute Of Medical Sciences, Bangalore",IND,India,Karnataka,,Physician,7275dbe6-7416-4352-b2d9-ebf3d580cc0d
Ks Hegde Medical Academy Mangalore,IND,India,Karnataka,,Physician,7275dbe6-7416-4352-b2d9-ebf3d580cc0d
"Kvg Medical College, Sullia",IND,India,Karnataka,,Physician,7275dbe6-7416-4352-b2d9-ebf3d580cc0d
"M. S. Ramaiah Medical College, Bangalore",IND,India,Karnataka,,Physician,7275dbe6-7416-4352-b2d9-ebf3d580cc0d
"Mahadevapa Rampure Medical College (Mrmc), Gulbarga",IND,India,Karnataka,MRMC,Physician,7275dbe6-7416-4352-b2d9-ebf3d580cc0d
"Mandya Institute Of Medical Sciences, Mandya",IND,India,Karnataka,,Physician,7275dbe6-7416-4352-b2d9-ebf3d580cc0d
Manipal Academy Of Higher Education,IND,India,Karnataka,,Physician,7275dbe6-7416-4352-b2d9-ebf3d580cc0d
"Mvj Medical College And Research Hospital, Bangalore",IND,India,Karnataka,,Physician,7275dbe6-7416-4352-b2d9-ebf3d580cc0d
Mysore Medical College,IND,India,Karnataka,,Physician,7275dbe6-7416-4352-b2d9-ebf3d580cc0d
"National Institute Of Mental Health And Neurosciences, Bangalore",IND,India,Karnataka,,Physician,7275dbe6-7416-4352-b2d9-ebf3d580cc0d
"Navodhaya Medical College,Raichur",IND,India,Karnataka,NMC,Physician,7275dbe6-7416-4352-b2d9-ebf3d580cc0d
"Raichur Institute Of Medical Sciences, Raichur",IND,India,Karnataka,,Physician,7275dbe6-7416-4352-b2d9-ebf3d580cc0d
"Rajarajeswari Medical College And Hospital,Bangalore",IND,India,Karnataka,,Physician,7275dbe6-7416-4352-b2d9-ebf3d580cc0d
"S. S. Institute Of Medical Sciences, Davangere",IND,India,Karnataka,SSIMS,Physician,7275dbe6-7416-4352-b2d9-ebf3d580cc0d
"Sangamesh Raghoji Medical College, Gulbarga",IND,India,Karnataka,,Physician,7275dbe6-7416-4352-b2d9-ebf3d580cc0d
"Sapthagiri Institute Of Medical Sciences And Research Centre, Bangalore",IND,India,Karnataka,,Physician,7275dbe6-7416-4352-b2d9-ebf3d580cc0d
"Shimoga Institute Of Medical Sciences, Shimoga",IND,India,Karnataka,SIMS,Physician,7275dbe6-7416-4352-b2d9-ebf3d580cc0d
"Shree Dharmastala Manjunatheshwara Medical College, Dharwad",IND,India,Karnataka,,Physician,7275dbe6-7416-4352-b2d9-ebf3d580cc0d
"Shridevi Institute Of Medical Sciences And Research Hospital (Simsrh),Tumkur",IND,India,Karnataka,SIMSRH,Physician,7275dbe6-7416-4352-b2d9-ebf3d580cc0d
"Sri Siddharth Medical College, Tumkur",IND,India,Karnataka,SSMC,Physician,7275dbe6-7416-4352-b2d9-ebf3d580cc0d
"Sridevarj Urs Medical College, Kolar",IND,India,Karnataka,,Physician,7275dbe6-7416-4352-b2d9-ebf3d580cc0d
"Srinivas Institute Of Medical Science And Research Center, Mangalore",IND,India,Karnataka,,Physician,7275dbe6-7416-4352-b2d9-ebf3d580cc0d
"St. John'S Medical College, Bangalore",IND,India,Karnataka,,Physician,7275dbe6-7416-4352-b2d9-ebf3d580cc0d
"Subbaiah Institute Of Medical Science, Shimoga",IND,India,Karnataka,,Physician,7275dbe6-7416-4352-b2d9-ebf3d580cc0d
Vijayanagara Institute Of Medical Sciences,IND,India,Karnataka,,Physician,7275dbe6-7416-4352-b2d9-ebf3d580cc0d
"Vydehi Institute Of Medical Sciences And Research Centre, Bangalore",IND,India,Karnataka,,Physician,7275dbe6-7416-4352-b2d9-ebf3d580cc0d
"Yenepoya Medical College, Mangalore",IND,India,Karnataka,,Physician,7275dbe6-7416-4352-b2d9-ebf3d580cc0d
Chirayu Medical College And Hospital,IND,India,Karnataka,,Physician,7275dbe6-7416-4352-b2d9-ebf3d580cc0d
Sri Aurobindo Institute Of Medical Sciences,IND,India,Madhya Pradesh,SAIMS,Physician,7275dbe6-7416-4352-b2d9-ebf3d580cc0d
Lokmanya Tilak Municipal Medical College (Ltmmc),IND,India,Maharashtra,LTMMC,Physician,7275dbe6-7416-4352-b2d9-ebf3d580cc0d
Tirunelveli Medical College,IND,India,Tamil Nadu,,Physician,7275dbe6-7416-4352-b2d9-ebf3d580cc0d
"Apollo Institute Of Medical Sciences And Research, Hyderabad",IND,India,Hyderabad,,Physician,7275dbe6-7416-4352-b2d9-ebf3d580cc0d
"Bhaskar Medical College, Yenkapally",IND,India,Telangana,BMC,Physician,7275dbe6-7416-4352-b2d9-ebf3d580cc0d
"Chalmeda Anand Rao Institute Of Medical Sciences, Karimnagar",IND,India,Telangana,,Physician,7275dbe6-7416-4352-b2d9-ebf3d580cc0d
"Christian Medical College, Nizamabad",IND,India,Telangana,CMC,Physician,7275dbe6-7416-4352-b2d9-ebf3d580cc0d
Deccan College Of Medical Sciences,IND,India,Hyderabad,,Physician,7275dbe6-7416-4352-b2d9-ebf3d580cc0d
"Dr. Vrk Womens Medical College, Aziznagar",IND,India,Telangana,,Physician,7275dbe6-7416-4352-b2d9-ebf3d580cc0d
Gandhi Medical College,IND,India,Madhya Pradesh,GMC,Physician,7275dbe6-7416-4352-b2d9-ebf3d580cc0d
"Government Medical College, Mahaboobnagar",IND,India,Telangana,,Physician,7275dbe6-7416-4352-b2d9-ebf3d580cc0d
"Government Medical College, Nizamabad",IND,India,Telangana,,Physician,7275dbe6-7416-4352-b2d9-ebf3d580cc0d
Government Nizamia Tibbi College,IND,India,Telangana,,Physician,7275dbe6-7416-4352-b2d9-ebf3d580cc0d
"Kakatiya Medical College, Warangal",IND,India,Telangana,,Physician,7275dbe6-7416-4352-b2d9-ebf3d580cc0d
"Kamineni Institute Of Medical Sciences, Narketpally",IND,India,Telangana,,Physician,7275dbe6-7416-4352-b2d9-ebf3d580cc0d
"Malla Reddy Institute Of Medical Sciences, Hyderabad",IND,India,Hyderabad,,Physician,7275dbe6-7416-4352-b2d9-ebf3d580cc0d
"Mallareddy Medical College For Womens, Hyderabad",IND,India,Hyderabad,,Physician,7275dbe6-7416-4352-b2d9-ebf3d580cc0d
"Mamata Medical College, Khammam",IND,India,Telangana,,Physician,7275dbe6-7416-4352-b2d9-ebf3d580cc0d
"Mediciti Institute Of Medical Sciences, Ghanpur",IND,India,Telangana,,Physician,7275dbe6-7416-4352-b2d9-ebf3d580cc0d
"Mnr Medical College, Sangareddy",IND,India,Telangana,MNR,Physician,7275dbe6-7416-4352-b2d9-ebf3d580cc0d
"Nizams Institute Of Medical Sciences, Hyderabad",IND,India,Hyderabad,,Physician,7275dbe6-7416-4352-b2d9-ebf3d580cc0d
Osmania Medical College,IND,India,Telangana,,Physician,7275dbe6-7416-4352-b2d9-ebf3d580cc0d
"Prathima College Of Medical Sciences, Karim Nagar",IND,India,Telangana,PIMS,Physician,7275dbe6-7416-4352-b2d9-ebf3d580cc0d
"Rajiv Gandhi Institute Of Medical Sciences, Adilabad",IND,India,Telangana,,Physician,7275dbe6-7416-4352-b2d9-ebf3d580cc0d
"Shadan Institute Of Medical Sciences,Research Centre And Teaching Hospital, Peerancheru",IND,India,Telangana,,Physician,7275dbe6-7416-4352-b2d9-ebf3d580cc0d
"Svs Medical College,Mahaboobnagar",IND,India,Telangana,SVS,Physician,7275dbe6-7416-4352-b2d9-ebf3d580cc0d
Government Medical College Jammu,IND,India,J&K,GMC,Physician,7275dbe6-7416-4352-b2d9-ebf3d580cc0d
Pt. B.D.S. Postgraduate Institute Of Medical Sciences,IND,India,Haryana,,Physician,7275dbe6-7416-4352-b2d9-ebf3d580cc0d
S. Nijalingappa Medical College And H.S.K. Hospital & Research Centre,IND,India,Telangana,,Physician,7275dbe6-7416-4352-b2d9-ebf3d580cc0d
Mahatma Gandhi Institute Of Medical Sciences,IND,India,Maharashtra,MGIMS,Physician,7275dbe6-7416-4352-b2d9-ebf3d580cc0d
Sri Ramachandra Medical College And Research Institute,IND,India,Chennai,,Physician,7275dbe6-7416-4352-b2d9-ebf3d580cc0d
Government Medical College Kozhikode,IND,India,Kerala,,Physician,7275dbe6-7416-4352-b2d9-ebf3d580cc0d
Armed Forces Medical College,IND,India,Maharashtra,AFMC,Physician,7275dbe6-7416-4352-b2d9-ebf3d580cc0d
People'S College Of Medical Sciences & Research Centre,IND,India,Madhya Pradesh,,Physician,7275dbe6-7416-4352-b2d9-ebf3d580cc0d
Thanjavur Medical College,IND,India,Tamil Nadu,,Physician,7275dbe6-7416-4352-b2d9-ebf3d580cc0d
Medical College Baroda,IND,India,Gujarat,,Physician,7275dbe6-7416-4352-b2d9-ebf3d580cc0d
"G.C.S. Medical College, Hospital And Research Centre",IND,India,Gujarat,,Physician,7275dbe6-7416-4352-b2d9-ebf3d580cc0d
Surat Municipal Institute Of Medical Education And Research,IND,India,Gujarat,SMIMER,Physician,7275dbe6-7416-4352-b2d9-ebf3d580cc0d
Bankura Sammilani Medical College,IND,India,West Bengal,,Physician,7275dbe6-7416-4352-b2d9-ebf3d580cc0d
"N.R.I. Medical College, Guntur",IND,India,Andhra Pradesh,NRI,Physician,7275dbe6-7416-4352-b2d9-ebf3d580cc0d
Terna Medical College,IND,India,Maharashtra,,Physician,7275dbe6-7416-4352-b2d9-ebf3d580cc0d
Geetanjali Medical College And Hospital,IND,India,Rajasthan,,Physician,7275dbe6-7416-4352-b2d9-ebf3d580cc0d
L.N. Medical College And Research Centre,IND,India,Madhya Pradesh,,Physician,7275dbe6-7416-4352-b2d9-ebf3d580cc0d
Dr. Panjabrao Deshmukh Memorial Medical College,IND,India,Maharashtra,,Physician,7275dbe6-7416-4352-b2d9-ebf3d580cc0d
Jawaharlal Institute Of Post-Graduate Medical Education And Research (Jipmer),IND,India,Maharashtra,JIPMER,Physician,7275dbe6-7416-4352-b2d9-ebf3d580cc0d
Acharya Shri Chander College Of Medical Sciences - Jammu University,IND,India,J&K,,Physician,7275dbe6-7416-4352-b2d9-ebf3d580cc0d
Kalinga Institute Of Medical Sciences,IND,India,Bhubaneswar,KIIT,Physician,7275dbe6-7416-4352-b2d9-ebf3d580cc0d
Government Medical College Chandigarh,IND,India,Haryana,,Physician,7275dbe6-7416-4352-b2d9-ebf3d580cc0d
S.R.M. Medical College Hospital And Research Centre,IND,India,Haryana,,Physician,7275dbe6-7416-4352-b2d9-ebf3d580cc0d
"Indira Gandhi Government Medical College, Nagpur",IND,India,Maharashtra,,Physician,7275dbe6-7416-4352-b2d9-ebf3d580cc0d
Khaja Banda Nawaz Institute Of Medical Sciences,IND,India,Maharashtra,,Physician,7275dbe6-7416-4352-b2d9-ebf3d580cc0d
Dayanand Medical College,IND,India,Maharashtra,,Physician,7275dbe6-7416-4352-b2d9-ebf3d580cc0d
Madras Medical College,IND,India,Maharashtra,,Physician,7275dbe6-7416-4352-b2d9-ebf3d580cc0d
Nalanda Medical College,IND,India,Maharashtra,,Physician,7275dbe6-7416-4352-b2d9-ebf3d580cc0d
Government Villupuram Medical College,IND,India,Tamil Nadu,,Physician,7275dbe6-7416-4352-b2d9-ebf3d580cc0d
"Grant Government Medical College, Mumbai",IND,India,Maharashtra,,Physician,7275dbe6-7416-4352-b2d9-ebf3d580cc0d
Government Medical College Anantapur,IND,India,Maharashtra,,Physician,7275dbe6-7416-4352-b2d9-ebf3d580cc0d
Pt. Jawahar Lal Nehru Memorial Medical College Raipur,IND,India,Maharashtra,,Physician,7275dbe6-7416-4352-b2d9-ebf3d580cc0d
Saraswathi Institute Of Medical Sciences,IND,India,Maharashtra,,Physician,7275dbe6-7416-4352-b2d9-ebf3d580cc0d
Sarojini Naidu Medical College,IND,India,Uttar Pradesh,SNMC,Physician,7275dbe6-7416-4352-b2d9-ebf3d580cc0d
Government Medical College Amritsar,IND,India,Punjab,,Physician,7275dbe6-7416-4352-b2d9-ebf3d580cc0d
Sawai Man Singh Medical College (Sms),IND,India,Rajasthan,SMS,Physician,7275dbe6-7416-4352-b2d9-ebf3d580cc0d
C.U. Shah Medical College,IND,India,Gujarat,CU,Physician,7275dbe6-7416-4352-b2d9-ebf3d580cc0d
"Anugrah Narayan Magadh Medical College And Hospital (Anmmch, Gaya)",IND,India,Gujarat,,Physician,7275dbe6-7416-4352-b2d9-ebf3d580cc0d
Dr. P.S.I. Medical College (Dr. Pinnamaneni Siddhartha Institute Of Medical Sciences),IND,India,Andhra Pradesh,,Physician,7275dbe6-7416-4352-b2d9-ebf3d580cc0d
Jawaharlal Institute Of Post-Graduate Medical Education And Research (Jipmer),IND,India,Maharashtra,JIPMER,Physician,7275dbe6-7416-4352-b2d9-ebf3d580cc0d
Meenakshi Medical College Hospital And Research Institute,IND,India,Maharashtra,,Physician,7275dbe6-7416-4352-b2d9-ebf3d580cc0d
Seth G.S. Medical College (King Edward Memorial Hospital),IND,India,Maharashtra,KEM,Physician,7275dbe6-7416-4352-b2d9-ebf3d580cc0d
"D.Y. Patil Medical College, Kolhapur",IND,India,Maharashtra,,Physician,7275dbe6-7416-4352-b2d9-ebf3d580cc0d
Assam Medical College,IND,India,Assam,,Physician,7275dbe6-7416-4352-b2d9-ebf3d580cc0d
Era'S Lucknow Medical College,IND,India,Uttar Pradesh,,Physician,7275dbe6-7416-4352-b2d9-ebf3d580cc0d
"Krishna Institute Of Medical Sciences, Karad",IND,India,Maharashtra,KIMS,Physician,7275dbe6-7416-4352-b2d9-ebf3d580cc0d
Rajah Muthiah Medical College (Affiliated With Annamalai University),IND,India,Maharashtra,RMMC,Physician,7275dbe6-7416-4352-b2d9-ebf3d580cc0d
P.S.G. Institute Of Medical Sciences And Research,IND,India,Tamil Nadu,,Physician,7275dbe6-7416-4352-b2d9-ebf3d580cc0d
Santosh Medical College,IND,India,Uttar Pradesh,,Physician,7275dbe6-7416-4352-b2d9-ebf3d580cc0d
R.G. Kar Medical College,IND,India,West Bengal,,Physician,7275dbe6-7416-4352-b2d9-ebf3d580cc0d
"All India Institute Of Medical Sciences, Bhopal",IND,India,Madhya Pradesh,AIIMS,Physician,7275dbe6-7416-4352-b2d9-ebf3d580cc0d
"All India Institute Of Medical Sciences, Bhubaneswar",IND,India,Madhya Pradesh,AIIMS,Physician,7275dbe6-7416-4352-b2d9-ebf3d580cc0d
"All India Institute Of Medical Sciences, Jodhpur",IND,India,Madhya Pradesh,AIIMS,Physician,7275dbe6-7416-4352-b2d9-ebf3d580cc0d
"All India Institute Of Medical Sciences, New Delhi",IND,India,Dehli,AIIMS,Physician,7275dbe6-7416-4352-b2d9-ebf3d580cc0d
"All India Institute Of Medical Sciences, Patna",IND,India,Madhya Pradesh,AIIMS,Physician,7275dbe6-7416-4352-b2d9-ebf3d580cc0d
"All India Institute Of Medical Sciences, Raipur",IND,India,Madhya Pradesh,,Physician,7275dbe6-7416-4352-b2d9-ebf3d580cc0d
"All India Institute Of Medical Sciences, Rishikesh",IND,India,Madhya Pradesh,,Physician,7275dbe6-7416-4352-b2d9-ebf3d580cc0d
Sri Devaraj Urs Medical College,IND,India,Karnataka,,Physician,7275dbe6-7416-4352-b2d9-ebf3d580cc0d
Adichunchanagiri Institute Of Medical Sciences,IND,India,Karnataka,AIMS,Physician,7275dbe6-7416-4352-b2d9-ebf3d580cc0d
Punjab Institute Of Medical Sciences,IND,India,Punjab,,Physician,7275dbe6-7416-4352-b2d9-ebf3d580cc0d
Himalayan Institute Of Medical Sciences,IND,India,Punjab,,Physician,7275dbe6-7416-4352-b2d9-ebf3d580cc0d
Pramukhswami Medical College,IND,India,Gujarat,,Physician,7275dbe6-7416-4352-b2d9-ebf3d580cc0d
Burdwan Medical College,IND,India,West Bengal,BMC,Physician,7275dbe6-7416-4352-b2d9-ebf3d580cc0d
"Jawaharlal Nehru Medical College, Belgaum (Affiliated With K.L.E. University)",IND,India,Karnataka,,Physician,7275dbe6-7416-4352-b2d9-ebf3d580cc0d
Calcutta National Medical College,IND,India,West Bengal,,Physician,7275dbe6-7416-4352-b2d9-ebf3d580cc0d
Maulana Azad Medical College,IND,India,Dehli,,Physician,7275dbe6-7416-4352-b2d9-ebf3d580cc0d
Malabar Medical College,IND,India,Kerala,MMC,Physician,7275dbe6-7416-4352-b2d9-ebf3d580cc0d
Narayana Medical College,IND,India,Bihar,,Physician,7275dbe6-7416-4352-b2d9-ebf3d580cc0d
Navodaya Medical College,IND,India,Karnataka,,Physician,7275dbe6-7416-4352-b2d9-ebf3d580cc0d
Aarupadai Veedu Medical College,IND,India,Karnataka,,Physician,7275dbe6-7416-4352-b2d9-ebf3d580cc0d
"National University Of Ireland, Galway",IRL,Ireland,Connacht,NUI,Physician,7275dbe6-7416-4352-b2d9-ebf3d580cc0d
Royal College Of Surgeons In Ireland,IRL,Ireland,Dublin,,Physician,7275dbe6-7416-4352-b2d9-ebf3d580cc0d
Trinity College Dublin,IRL,Ireland,Dublin,,Physician,7275dbe6-7416-4352-b2d9-ebf3d580cc0d
University College Cork,IRL,Ireland,Dublin,,Physician,7275dbe6-7416-4352-b2d9-ebf3d580cc0d
University College Dublin,IRL,Ireland,Dublin,,Physician,7275dbe6-7416-4352-b2d9-ebf3d580cc0d
University Of Limerick,IRL,Ireland,Mid West,UL,Physician,7275dbe6-7416-4352-b2d9-ebf3d580cc0d
Nui Galway School Of Medicine,IRL,Ireland,Connacht,,Physician,7275dbe6-7416-4352-b2d9-ebf3d580cc0d
Hawler Medical University College Of Medicine,IRQ,Iraq,Kurdistan,,Physician,7275dbe6-7416-4352-b2d9-ebf3d580cc0d
Al-Nahrain University College Of Medicine,IRQ,Iraq,Baghdad,,Physician,7275dbe6-7416-4352-b2d9-ebf3d580cc0d
University Of Tikrit College Of Medicine,IRQ,Iraq,Saladin,,Physician,7275dbe6-7416-4352-b2d9-ebf3d580cc0d
University Of Baghdad College Of Medicine,IRQ,Iraq,Baghdad,,Physician,7275dbe6-7416-4352-b2d9-ebf3d580cc0d
University Of Kirkuk College Of Medicine,IRQ,Iraq,Kirkuk,,Physician,7275dbe6-7416-4352-b2d9-ebf3d580cc0d
Thi-Qar University College Of Medicine,IRQ,Iraq,Southeast,,Physician,7275dbe6-7416-4352-b2d9-ebf3d580cc0d
Sulaimani College Of Medicine,IRQ,Iraq,Southeast,,Physician,7275dbe6-7416-4352-b2d9-ebf3d580cc0d
University Of Iceland,ISL,Iceland,Southern Peninsula,,Physician,7275dbe6-7416-4352-b2d9-ebf3d580cc0d
"Ben-Gurion University Of The Negev Medical School For International Health, Beersheba",ISR,Israel,Southern,BGU,Physician,7275dbe6-7416-4352-b2d9-ebf3d580cc0d
"Joyce And Irving Goldman Medical School, Ben-Gurion University Of The Negev, Beersheba/Negev",ISR,Israel,Southern,,Physician,7275dbe6-7416-4352-b2d9-ebf3d580cc0d
"Hebrew University-Hadassah School Of Medicine, Hebrew University Of Jerusalem",ISR,Israel,Middle East,,Physician,7275dbe6-7416-4352-b2d9-ebf3d580cc0d
Medical School Of The Bar-Ilan University And Rivka Ziv Hospital,ISR,Israel,Safed,,Physician,7275dbe6-7416-4352-b2d9-ebf3d580cc0d
Hadassah Medical School,ISR,Israel,Southwest,,Physician,7275dbe6-7416-4352-b2d9-ebf3d580cc0d
Al-Quds University,ISR,Israel,Middle East,,Physician,7275dbe6-7416-4352-b2d9-ebf3d580cc0d
Biomedical University Of Rome,ITA,Italy,Lazio,,Physician,7275dbe6-7416-4352-b2d9-ebf3d580cc0d
Humanitas University,ITA,Italy,Milan,,Physician,7275dbe6-7416-4352-b2d9-ebf3d580cc0d
University Of Bari,ITA,Italy,Bari,UB,Physician,7275dbe6-7416-4352-b2d9-ebf3d580cc0d
University Of Brescia,ITA,Italy,Lombardy,,Physician,7275dbe6-7416-4352-b2d9-ebf3d580cc0d
University Of Bologna,ITA,Italy,Emilia-Romagna,,Physician,7275dbe6-7416-4352-b2d9-ebf3d580cc0d
University Of Cagliari,ITA,Italy,cagliari,,Physician,7275dbe6-7416-4352-b2d9-ebf3d580cc0d
University Of Catania,ITA,Italy,Catania,,Physician,7275dbe6-7416-4352-b2d9-ebf3d580cc0d
University Of Catanzaro,ITA,Italy,Catanzaro,,Physician,7275dbe6-7416-4352-b2d9-ebf3d580cc0d
Universita Cattolica Del Sacro Cuore,ITA,Italy,Catanzaro,,Physician,7275dbe6-7416-4352-b2d9-ebf3d580cc0d
University Of Chieti,ITA,Italy,Chieti,,Physician,7275dbe6-7416-4352-b2d9-ebf3d580cc0d
University Of Eastern Piedmont,ITA,Italy,Piedmont,,Physician,7275dbe6-7416-4352-b2d9-ebf3d580cc0d
University Of Ferrara,ITA,Italy,Ferrara,,Physician,7275dbe6-7416-4352-b2d9-ebf3d580cc0d
University Of Florence Firenze,ITA,Italy,Florence,,Physician,7275dbe6-7416-4352-b2d9-ebf3d580cc0d
University Of Foggia,ITA,Italy,foggia,,Physician,7275dbe6-7416-4352-b2d9-ebf3d580cc0d
University Of Genoa,ITA,Italy,genoa,,Physician,7275dbe6-7416-4352-b2d9-ebf3d580cc0d
University Of Insubria,ITA,Italy,insubria,,Physician,7275dbe6-7416-4352-b2d9-ebf3d580cc0d
University Of L'Aquila,ITA,Italy,aquila,,Physician,7275dbe6-7416-4352-b2d9-ebf3d580cc0d
Marche Polytechnic University,ITA,Italy,aquila,,Physician,7275dbe6-7416-4352-b2d9-ebf3d580cc0d
University Of Messina,ITA,Italy,aquila,,Physician,7275dbe6-7416-4352-b2d9-ebf3d580cc0d
University Of Milan,ITA,Italy,Milan,,Physician,7275dbe6-7416-4352-b2d9-ebf3d580cc0d
University Of Milan - Bicocca,ITA,Italy,Milan,,Physician,7275dbe6-7416-4352-b2d9-ebf3d580cc0d
University Of Modena And Reggio Emilia (Unimore),ITA,Italy,Romagna,,Physician,7275dbe6-7416-4352-b2d9-ebf3d580cc0d
University Of Naples,ITA,Italy,Campania,,Physician,7275dbe6-7416-4352-b2d9-ebf3d580cc0d
Università Degli Studi Di Napoli Federico Ii Facoltà Di Medicina E Chirurgia (Università Della Campania Luigi Vanvitelli),ITA,Italy,Campania,,Physician,7275dbe6-7416-4352-b2d9-ebf3d580cc0d
University Of Padova,ITA,Italy,padova,,Physician,7275dbe6-7416-4352-b2d9-ebf3d580cc0d
University Of Palermo,ITA,Italy,palermo,,Physician,7275dbe6-7416-4352-b2d9-ebf3d580cc0d
University Of Parma,ITA,Italy,parma,,Physician,7275dbe6-7416-4352-b2d9-ebf3d580cc0d
University Of Pavia,ITA,Italy,pavia,,Physician,7275dbe6-7416-4352-b2d9-ebf3d580cc0d
University Of Perugia,ITA,Italy,perugia,,Physician,7275dbe6-7416-4352-b2d9-ebf3d580cc0d
University Of Pisa,ITA,Italy,pisa,,Physician,7275dbe6-7416-4352-b2d9-ebf3d580cc0d
University Of Rome La Sapienza,ITA,Italy,Lazio,,Physician,7275dbe6-7416-4352-b2d9-ebf3d580cc0d
University Of Rome Tor Vergata,ITA,Italy,Lazio,,Physician,7275dbe6-7416-4352-b2d9-ebf3d580cc0d
University Of Salerno,ITA,Italy,salerno,,Physician,7275dbe6-7416-4352-b2d9-ebf3d580cc0d
University Of Sassari,ITA,Italy,sassari,,Physician,7275dbe6-7416-4352-b2d9-ebf3d580cc0d
University Of Siena,ITA,Italy,siena,,Physician,7275dbe6-7416-4352-b2d9-ebf3d580cc0d
University Of Trieste (Università Degli Studi Di Trieste),ITA,Italy,Friuli-Venezia Giulia,,Physician,7275dbe6-7416-4352-b2d9-ebf3d580cc0d
University Of Turin,ITA,Italy,turin,,Physician,7275dbe6-7416-4352-b2d9-ebf3d580cc0d
University Of Udine,ITA,Italy,udine,,Physician,7275dbe6-7416-4352-b2d9-ebf3d580cc0d
University Of Verona,ITA,Italy,verona,,Physician,7275dbe6-7416-4352-b2d9-ebf3d580cc0d
Vita-Salute San Raffaele University,ITA,Italy,Milan,,Physician,7275dbe6-7416-4352-b2d9-ebf3d580cc0d
Biomedical University Of Rome,ITA,Italy,Milan,,Physician,7275dbe6-7416-4352-b2d9-ebf3d580cc0d
Humanitas University,ITA,Italy,Milan,,Physician,7275dbe6-7416-4352-b2d9-ebf3d580cc0d
Universita Cattolica Del Sacro Cuore,ITA,Italy,Milan,,Physician,7275dbe6-7416-4352-b2d9-ebf3d580cc0d
University Of Eastern Piedmont,ITA,Italy,Piedmont,,Physician,7275dbe6-7416-4352-b2d9-ebf3d580cc0d
University Of Ferrara,ITA,Italy,Emilia-Romagna,,Physician,7275dbe6-7416-4352-b2d9-ebf3d580cc0d
University Of Florence,ITA,Italy,Florence,,Physician,7275dbe6-7416-4352-b2d9-ebf3d580cc0d
University Of Foggia,ITA,Italy,foggia,,Physician,7275dbe6-7416-4352-b2d9-ebf3d580cc0d
Università Degli Studi Di Genova Facoltà Di Medicina E Chirurgia,ITA,Italy,Genova,,Physician,7275dbe6-7416-4352-b2d9-ebf3d580cc0d
University Of Insubria,ITA,Italy,Como,,Physician,7275dbe6-7416-4352-b2d9-ebf3d580cc0d
University Of L'Aquila Official Site,ITA,Italy,Abruzzo,,Physician,7275dbe6-7416-4352-b2d9-ebf3d580cc0d
Marche Polytechnic University,ITA,Italy,Marche,,Physician,7275dbe6-7416-4352-b2d9-ebf3d580cc0d
University Of Messina,ITA,Italy,Sicily,,Physician,7275dbe6-7416-4352-b2d9-ebf3d580cc0d
University Of Milan,ITA,Italy,Milan,,Physician,7275dbe6-7416-4352-b2d9-ebf3d580cc0d
University Of Modena And Reggio Emilia,ITA,Italy,Milan,,Physician,7275dbe6-7416-4352-b2d9-ebf3d580cc0d
University Of Pisa,ITA,Italy,Pisa,,Physician,7275dbe6-7416-4352-b2d9-ebf3d580cc0d
University Of Rome Tor Vergata,ITA,Italy,Milan,,Physician,7275dbe6-7416-4352-b2d9-ebf3d580cc0d
University Of Salerno,ITA,Italy,Milan,,Physician,7275dbe6-7416-4352-b2d9-ebf3d580cc0d
University Of Sassari,ITA,Italy,Salerno,,Physician,7275dbe6-7416-4352-b2d9-ebf3d580cc0d
University Of Siena,ITA,Italy,Sassari,,Physician,7275dbe6-7416-4352-b2d9-ebf3d580cc0d
University Of Trieste,ITA,Italy,Trieste,,Physician,7275dbe6-7416-4352-b2d9-ebf3d580cc0d
University Of Turin,ITA,Italy,Turin,,Physician,7275dbe6-7416-4352-b2d9-ebf3d580cc0d
University Of Udine,ITA,Italy,udine,,Physician,7275dbe6-7416-4352-b2d9-ebf3d580cc0d
University Of Verona,ITA,Italy,verona,,Physician,7275dbe6-7416-4352-b2d9-ebf3d580cc0d
Vita-Salute San Raffaele,ITA,Italy,Milan,,Physician,7275dbe6-7416-4352-b2d9-ebf3d580cc0d
Università Degli Studi Di Torino Scuola Di Medicina,ITA,Italy,Milan,,Physician,7275dbe6-7416-4352-b2d9-ebf3d580cc0d
Università Degli Studi Di Milano Facoltà Di Medicina E Chirurgia,ITA,Italy,Milan,,Physician,7275dbe6-7416-4352-b2d9-ebf3d580cc0d
Università Degli Studi Di Ferrara Facoltà Di Medicina E Chirurgia,ITA,Italy,Milan,,Physician,7275dbe6-7416-4352-b2d9-ebf3d580cc0d
Università Degli Studi Magna Græcia Di Catanzaro Facoltà Di Medicina E Chirurgia,ITA,Italy,Milan,,Physician,7275dbe6-7416-4352-b2d9-ebf3d580cc0d
Università Dell'Insubria Facoltà Di Medicina E Chirurgia,ITA,Italy,Milan,,Physician,7275dbe6-7416-4352-b2d9-ebf3d580cc0d
Università Degli Studi Di Padova,ITA,Italy,Milan,,Physician,7275dbe6-7416-4352-b2d9-ebf3d580cc0d
Seconda Università Degli Studi Di Napoli Facoltà Di Medicina E Chirurgia,ITA,Italy,Milan,,Physician,7275dbe6-7416-4352-b2d9-ebf3d580cc0d
Università Politecnica Delle Marche Facoltà Di Medicina E Chirurgia,ITA,Italy,Ancona,,Physician,7275dbe6-7416-4352-b2d9-ebf3d580cc0d
Università Degli Studi G. D'Annunzio Chieti-Pescara Scuola Di Medicina E Scienze Della Salute,ITA,Italy,Annunzio,,Physician,7275dbe6-7416-4352-b2d9-ebf3d580cc0d
Università Degli Studi Di Bari Aldo Moro Facoltà Di Medicina E Chirurgia,ITA,Italy,bari,UB,Physician,7275dbe6-7416-4352-b2d9-ebf3d580cc0d
Università Degli Studi Del Molise Facoltà Di Medicina E Chirurgia,ITA,Italy,Campobasso,UNIMOL,Physician,7275dbe6-7416-4352-b2d9-ebf3d580cc0d
Università Campus Bio-Medico Di Roma Facoltà Di Medicina E Chirurgia,ITA,Italy,Milan,,Physician,7275dbe6-7416-4352-b2d9-ebf3d580cc0d
Università Degli Studi Del Piemonte Orientale Facoltà Di Medicina Chirurgia E Scienze Della Salute,ITA,Italy,Piedmont,UPO,Physician,7275dbe6-7416-4352-b2d9-ebf3d580cc0d
Università Degli Studi Di Palermo Scuola Di Medicina E Chirurgia,ITA,Italy,palermo,,Physician,7275dbe6-7416-4352-b2d9-ebf3d580cc0d
University Of The West Indies Faculty Of Medicine (Mona),JAM,Jamaica,Caribbean,,Physician,7275dbe6-7416-4352-b2d9-ebf3d580cc0d
Hashemite University Faculty Of Medicine,JOR,Jordan,Zarqa,HU,Physician,7275dbe6-7416-4352-b2d9-ebf3d580cc0d
Jordan University Of Science And Technology Faculty Of Medicine,JOR,Jordan,Northwest,,Physician,7275dbe6-7416-4352-b2d9-ebf3d580cc0d
Mu'Tah University Faculty Of Medicine,JOR,Jordan,Southern,,Physician,7275dbe6-7416-4352-b2d9-ebf3d580cc0d
University Of Jordan Faculty Of Medicine,JOR,Jordan,Amman,UJ,Physician,7275dbe6-7416-4352-b2d9-ebf3d580cc0d
Yarmouk University Faculty Of Medicine,JOR,Jordan,Northwest,YU,Physician,7275dbe6-7416-4352-b2d9-ebf3d580cc0d
"The Hashemite University, Pharmaceutical Science College",JOR,Jordan,Zarqa,,Physician,7275dbe6-7416-4352-b2d9-ebf3d580cc0d
Jichi Medical University School Of Medicine,JPN,Japan,Kanto,,Physician,7275dbe6-7416-4352-b2d9-ebf3d580cc0d
Kyoto University Faculty Of Medicine,JPN,Japan,Tokyo,,Physician,7275dbe6-7416-4352-b2d9-ebf3d580cc0d
University Of Tsukuba School Of Medicine,JPN,Japan,Kanto,,Physician,7275dbe6-7416-4352-b2d9-ebf3d580cc0d
Tokai University School Of Medicine,JPN,Japan,Tokyo,,Physician,7275dbe6-7416-4352-b2d9-ebf3d580cc0d
Fukui Medical University,JPN,Japan,Chubu,,Physician,7275dbe6-7416-4352-b2d9-ebf3d580cc0d
Shimane University Faculty Of Medicine,JPN,Japan,Chugoku,,Physician,7275dbe6-7416-4352-b2d9-ebf3d580cc0d
University Of Fukui Faculty Of Medical Sciences,JPN,Japan,Chubu,,Physician,7275dbe6-7416-4352-b2d9-ebf3d580cc0d
Tohoku University School Of Medicine,JPN,Japan,Tokyo,,Physician,7275dbe6-7416-4352-b2d9-ebf3d580cc0d
Kochi Medical School,JPN,Japan,Southwest,,Physician,7275dbe6-7416-4352-b2d9-ebf3d580cc0d
University Of Miyazaki Faculty Of Medicine,JPN,Japan,Southern,,Physician,7275dbe6-7416-4352-b2d9-ebf3d580cc0d
International University Of Health And Welfare School Of Medicine,JPN,Japan,Kanto,IUHW,Physician,7275dbe6-7416-4352-b2d9-ebf3d580cc0d
Yamaguchi University Faculty Of Medicine And Health Sciences,JPN,Japan,Chugoku,,Physician,7275dbe6-7416-4352-b2d9-ebf3d580cc0d
International Kazakh-Turkish University Faculty Of Medicine,KAZ,Kazakhstan,Turkistan,,Physician,7275dbe6-7416-4352-b2d9-ebf3d580cc0d
Jsc Astana Medical University,KAZ,Kazakhstan,Moscow,AMU,Physician,7275dbe6-7416-4352-b2d9-ebf3d580cc0d
Karaganda State Medical University,KAZ,Kazakhstan,Karaganda,,Physician,7275dbe6-7416-4352-b2d9-ebf3d580cc0d
Kazakh National Medical University Named After S. D. Asfendiarov,KAZ,Kazakhstan,Almaty,,Physician,7275dbe6-7416-4352-b2d9-ebf3d580cc0d
Kazakh-Russian Medical University,KAZ,Kazakhstan,Turkistan,KRMU,Physician,7275dbe6-7416-4352-b2d9-ebf3d580cc0d
Nazarbayev University School Of Medicine,KAZ,Kazakhstan,Nur-Sultan,NU,Physician,7275dbe6-7416-4352-b2d9-ebf3d580cc0d
South Kazakhstan State Medical Academy,KAZ,Kazakhstan,Southern,SKMA,Physician,7275dbe6-7416-4352-b2d9-ebf3d580cc0d
State Medical University Semey,KAZ,Kazakhstan,Eastern,,Physician,7275dbe6-7416-4352-b2d9-ebf3d580cc0d
West Kazakhstan State Medical University Named After Marat Ospanov,KAZ,Kazakhstan,Western,,Physician,7275dbe6-7416-4352-b2d9-ebf3d580cc0d
University Of Nairobi School Of Medicine,KEN,Kenya,Nairobi,,Physician,7275dbe6-7416-4352-b2d9-ebf3d580cc0d
Maseno University,KEN,Kenya,Western,,Physician,7275dbe6-7416-4352-b2d9-ebf3d580cc0d
Moi University College Of Health Sciences,KEN,Kenya,Rift Valley,,Physician,7275dbe6-7416-4352-b2d9-ebf3d580cc0d
Kenyatta University,KEN,Kenya,Western,,Physician,7275dbe6-7416-4352-b2d9-ebf3d580cc0d
University Of Medicine And Health Ciences,KNA,Kenya,Nairobi,,Physician,7275dbe6-7416-4352-b2d9-ebf3d580cc0d
Windsor University School Of Medicine,KNA,Kenya,Nairobi,,Physician,7275dbe6-7416-4352-b2d9-ebf3d580cc0d
Medical University Of The Americas - Nevis,KNA,Saint Kitts and Nevis,Nevis,MUA,Physician,7275dbe6-7416-4352-b2d9-ebf3d580cc0d
International University Of The Health Sciences,KNA,Saint Kitts and Nevis,Nevis,IUHS,Physician,7275dbe6-7416-4352-b2d9-ebf3d580cc0d
Ajou University School Of Medicine,KOR,South Korea,Gyeonggi,,Physician,7275dbe6-7416-4352-b2d9-ebf3d580cc0d
"Catholic Kwandong University, College Of Medicine",KOR,South Korea,Gangwon,,Physician,7275dbe6-7416-4352-b2d9-ebf3d580cc0d
Catholic University Of Daegu School Of Medicine,KOR,South Korea,Gangwon,,Physician,7275dbe6-7416-4352-b2d9-ebf3d580cc0d
Catholic University Of Korea College Of Medicine,KOR,South Korea,Gangwon,,Physician,7275dbe6-7416-4352-b2d9-ebf3d580cc0d
Cha University College Of Medicine,KOR,South Korea,Seongnam,,Physician,7275dbe6-7416-4352-b2d9-ebf3d580cc0d
Cheju National University College Of Medicine,KOR,South Korea,Jenu,JNU,Physician,7275dbe6-7416-4352-b2d9-ebf3d580cc0d
Chonbuk National University Medical School,KOR,South Korea,Jeonju,,Physician,7275dbe6-7416-4352-b2d9-ebf3d580cc0d
Chonnam National University Medical School,KOR,South Korea,southwestern,CNU,Physician,7275dbe6-7416-4352-b2d9-ebf3d580cc0d
Chosun University College Of Medicine,KOR,South Korea,Gangwon,,Physician,7275dbe6-7416-4352-b2d9-ebf3d580cc0d
Chung-Ang University College Of Medicine,KOR,South Korea,Seoul,CAU,Physician,7275dbe6-7416-4352-b2d9-ebf3d580cc0d
Chungbuk National University College Of Medicine,KOR,South Korea,Chungcheong,,Physician,7275dbe6-7416-4352-b2d9-ebf3d580cc0d
Chungnam National University College Of Medicine,KOR,South Korea,Gwangju,CNU,Physician,7275dbe6-7416-4352-b2d9-ebf3d580cc0d
Dankook University Ollege Of Medicine,KOR,South Korea,Gyeonggi,,Physician,7275dbe6-7416-4352-b2d9-ebf3d580cc0d
Dong-A University College Of Medicine,KOR,South Korea,Seoul,,Physician,7275dbe6-7416-4352-b2d9-ebf3d580cc0d
Dongguk University College Of Medicine,KOR,South Korea,Seoul,,Physician,7275dbe6-7416-4352-b2d9-ebf3d580cc0d
Eulji University College Of Medicine,KOR,South Korea,Gyeonggi,,Physician,7275dbe6-7416-4352-b2d9-ebf3d580cc0d
Ewha Womans University School Of Medicine,KOR,South Korea,Seoul,,Physician,7275dbe6-7416-4352-b2d9-ebf3d580cc0d
Gachon University Of Medicine And Science Graduate School Of Medicine,KOR,South Korea,Gyeonggi,,Physician,7275dbe6-7416-4352-b2d9-ebf3d580cc0d
Gyeongsang National University School Of Medicine,KOR,South Korea,Gwangju,,Physician,7275dbe6-7416-4352-b2d9-ebf3d580cc0d
Hallym University School Of Medicine,KOR,South Korea,Gangwon,,Physician,7275dbe6-7416-4352-b2d9-ebf3d580cc0d
Hanyang University School Of Medicine,KOR,South Korea,Gyeonggi,,Physician,7275dbe6-7416-4352-b2d9-ebf3d580cc0d
Inha University School Of Medicine,KOR,South Korea,Gyeonggi,IUT,Physician,7275dbe6-7416-4352-b2d9-ebf3d580cc0d
Inje University College Of Medicine,KOR,South Korea,Gyeonggi,,Physician,7275dbe6-7416-4352-b2d9-ebf3d580cc0d
Kangwon National University School Of Medicine,KOR,South Korea,Gyeonggi,,Physician,7275dbe6-7416-4352-b2d9-ebf3d580cc0d
Keimyung University School Of Medicine,KOR,South Korea,Gyeonggi,,Physician,7275dbe6-7416-4352-b2d9-ebf3d580cc0d
Konkuk University School Of Medicine,KOR,South Korea,Gyeonggi,,Physician,7275dbe6-7416-4352-b2d9-ebf3d580cc0d
Konyang University College Of Medicine,KOR,South Korea,Gyeonggi,,Physician,7275dbe6-7416-4352-b2d9-ebf3d580cc0d
Korea University School Of Medicine,KOR,South Korea,Seoul,,Physician,7275dbe6-7416-4352-b2d9-ebf3d580cc0d
"Kosin University, College Of Medicine",KOR,South Korea,Southeastern,,Physician,7275dbe6-7416-4352-b2d9-ebf3d580cc0d
Kyung Hee University School Of Medicine,KOR,South Korea,Seoul,,Physician,7275dbe6-7416-4352-b2d9-ebf3d580cc0d
Kyungpook National University School Of Medicine,KOR,South Korea,Gyeongbuk,KNU,Physician,7275dbe6-7416-4352-b2d9-ebf3d580cc0d
Pusan National University School Of Medicine,KOR,South Korea,Seoul,,Physician,7275dbe6-7416-4352-b2d9-ebf3d580cc0d
Seonam University College Of Medicine,KOR,South Korea,Seoul,,Physician,7275dbe6-7416-4352-b2d9-ebf3d580cc0d
"Seoul National University, College Of Medicine",KOR,South Korea,Seoul,,Physician,7275dbe6-7416-4352-b2d9-ebf3d580cc0d
"Soonchunhyang University, College Of Medicine",KOR,South Korea,Chungcheong,,Physician,7275dbe6-7416-4352-b2d9-ebf3d580cc0d
"Sungkyunkwan University, School Of Medicine",KOR,South Korea,Seoul,,Physician,7275dbe6-7416-4352-b2d9-ebf3d580cc0d
"University Of Ulsan, School Of Medicine",KOR,South Korea,Seoul,,Physician,7275dbe6-7416-4352-b2d9-ebf3d580cc0d
"Wonkwang University, College Of Medicine",KOR,South Korea,Jeolla,,Physician,7275dbe6-7416-4352-b2d9-ebf3d580cc0d
"Yeungnam University, College Of Medicine",KOR,South Korea,Gyeongsang,,Physician,7275dbe6-7416-4352-b2d9-ebf3d580cc0d
"Yonsei University, College Of Medicine",KOR,South Korea,Seoul,,Physician,7275dbe6-7416-4352-b2d9-ebf3d580cc0d
Wonkwang University College Of Medicine,KOR,South Korea,Jeolla,,Physician,7275dbe6-7416-4352-b2d9-ebf3d580cc0d
Kuwait University Faculty Of Medicine,KWT,Kuwait,Kuwait,,Physician,7275dbe6-7416-4352-b2d9-ebf3d580cc0d
University Of Balamand Faculty Of Medicine And Medical Sciences,LBN,Lebanon,Northern,UOB,Physician,7275dbe6-7416-4352-b2d9-ebf3d580cc0d
Université Saint-Joseph Faculté De Médecine,LBN,Lebanon,Beirut,,Physician,7275dbe6-7416-4352-b2d9-ebf3d580cc0d
American University Of Beirut Faculty Of Medicine,LBN,Lebanon,Beirut,,Physician,7275dbe6-7416-4352-b2d9-ebf3d580cc0d
Beirut Arab University Faculty Of Medicine,LBN,Lebanon,Beirut,,Physician,7275dbe6-7416-4352-b2d9-ebf3d580cc0d
University Of Balamand Faculty Of Medicine And Medical Sciences,LBN,Lebanon,Northern,,Physician,7275dbe6-7416-4352-b2d9-ebf3d580cc0d
Université Saint Esprit De Kaslik Faculté De Médecine Et Des Sciences Médicales,LBN,Lebanon,Beirut,,Physician,7275dbe6-7416-4352-b2d9-ebf3d580cc0d
Lau Gilbert And Rose-Marie Chagoury School Of Medicine,LBN,Lebanon,Beirut,LAU,Physician,7275dbe6-7416-4352-b2d9-ebf3d580cc0d
Lebanese University Faculty Of Medical Sciences,LBN,Lebanon,Beirut,LU,Physician,7275dbe6-7416-4352-b2d9-ebf3d580cc0d
Lebanese International University,LBN,Lebanon,Beirut,,Physician,7275dbe6-7416-4352-b2d9-ebf3d580cc0d
Washington Medical Sciences Institute,LCA,Saint Lucia,Volta,,Physician,7275dbe6-7416-4352-b2d9-ebf3d580cc0d
College Of Medicine And Health Sciences - Saint Lucia,LCA,Saint Lucia,Northwest,,Physician,7275dbe6-7416-4352-b2d9-ebf3d580cc0d
American International Medical University,LCA,Saint Lucia,Caribbean,AIMU,Physician,7275dbe6-7416-4352-b2d9-ebf3d580cc0d
Atlantic University School Of Medicine,LCA,Saint Lucia,Caribbean,AUSOM,Physician,7275dbe6-7416-4352-b2d9-ebf3d580cc0d
International American University College Of Medicine,LCA,Saint Lucia,Caribbean,,Physician,7275dbe6-7416-4352-b2d9-ebf3d580cc0d
Spartan Health Sciences University School Of Medicine,LCA,Saint Lucia,Caribbean,,Physician,7275dbe6-7416-4352-b2d9-ebf3d580cc0d
University Of Sri Jayewardenepura Faculty Of Medical Sciences,LKA,Sri lanka,Kotte,,Physician,7275dbe6-7416-4352-b2d9-ebf3d580cc0d
University Of Peradeniya Faculty Of Medicine,LKA,Sri lanka,Kandy,,Physician,7275dbe6-7416-4352-b2d9-ebf3d580cc0d
University Of Kelaniya Faculty Of Medicine,LKA,Sri lanka,Ragama,,Physician,7275dbe6-7416-4352-b2d9-ebf3d580cc0d
University Of Colombo Faculty Of Medicine,LKA,Sri lanka,Colombo,,Physician,7275dbe6-7416-4352-b2d9-ebf3d580cc0d
Vilnius University Faculty Of Medicine,LTU,Lithuania,Vilnius,,Physician,7275dbe6-7416-4352-b2d9-ebf3d580cc0d
Lithuanian University Of Health Sciences Faculty Of Medicine,LTU,Lithuania,Vilnius,,Physician,7275dbe6-7416-4352-b2d9-ebf3d580cc0d
University Of Latvia,LVA,Latvia,Kaunas,,Physician,7275dbe6-7416-4352-b2d9-ebf3d580cc0d
Riga Stradins University,LVA,Latvia,Kaunas,,Physician,7275dbe6-7416-4352-b2d9-ebf3d580cc0d
Université Internationale Abulcasis Des Sciences De La Santé Faculté De Médecine,MAR,Morocco,Rabat,APF,Physician,7275dbe6-7416-4352-b2d9-ebf3d580cc0d
Université Mohammed V Souissi Faculté De Médecine Et De Pharmacie De Rabat,MAR,Morocco,Rabat,,Physician,7275dbe6-7416-4352-b2d9-ebf3d580cc0d
Nicolae Testemiţanu State University Of Medicine And Pharmacy,MDA,Moldova,Chișinău,,Physician,7275dbe6-7416-4352-b2d9-ebf3d580cc0d
State University Of Medicine And Pharmacy Nicolae Testemitanu,MDA,Moldova,Chișinău,,Physician,7275dbe6-7416-4352-b2d9-ebf3d580cc0d
State University Of Medicine And Pharmacy Nicolae Testemitanu,MDA,Moldova,Chișinău,,Physician,7275dbe6-7416-4352-b2d9-ebf3d580cc0d
Free International University Of Moldova,MDA,Moldova,Chișinău,,Physician,7275dbe6-7416-4352-b2d9-ebf3d580cc0d
State University Of Medicine And Pharmacy Nicolae Testemitanu,MDA,Moldova,Chișinău,,Physician,7275dbe6-7416-4352-b2d9-ebf3d580cc0d
Universidad Cuauhtémoc,MEX,Mexico,Chihuahua,,Physician,7275dbe6-7416-4352-b2d9-ebf3d580cc0d
"Division Of Health Sciences, University Of Quintana Roo",MEX,Mexico,Quintana Roo,UQROO,Physician,7275dbe6-7416-4352-b2d9-ebf3d580cc0d
"Instituto Politécnico Nacional, Escuela Superior De Medicina",MEX,Mexico,Quintana Roo,IPN,Physician,7275dbe6-7416-4352-b2d9-ebf3d580cc0d
"Instituto Politécnico Nacional, Escuela Nacional De Medicina Y Homeopatía",MEX,Mexico,Chișinău,,Physician,7275dbe6-7416-4352-b2d9-ebf3d580cc0d
"Instituto Politecnico Nacional, Cics Milpa Alta",MEX,Mexico,Milpa Alta,,Physician,7275dbe6-7416-4352-b2d9-ebf3d580cc0d
Instituto Tecnologico Y De Estudios Superiores De Monterrey,MEX,Mexico,Milpa Alta,,Physician,7275dbe6-7416-4352-b2d9-ebf3d580cc0d
"Universidad De Guadalajara, Facultad De Medicina",MEX,Mexico,Jalisco,UAG,Physician,7275dbe6-7416-4352-b2d9-ebf3d580cc0d
"Universidad Autónoma De Aguascalientes, Centro De Ciencias De La Salud (Uaa)",MEX,Mexico,North Central,UAA,Physician,7275dbe6-7416-4352-b2d9-ebf3d580cc0d
"Universidad Autónoma De Baja California (Uabc), Facultad De Medicina",MEX,Mexico,Baja California,UABC,Physician,7275dbe6-7416-4352-b2d9-ebf3d580cc0d
"Universidad Autónoma De Guadalajara, Facultad De Medicina",MEX,Mexico,Jalisco,,Physician,7275dbe6-7416-4352-b2d9-ebf3d580cc0d
"Universidad Veracruzana, Facultad De Medicina",MEX,Mexico,Veracruz,,Physician,7275dbe6-7416-4352-b2d9-ebf3d580cc0d
"Universidad Autónoma De Nuevo León (Uanl), Facultad De Medicina",MEX,Mexico,Nuevo Leon,UANL,Physician,7275dbe6-7416-4352-b2d9-ebf3d580cc0d
"Universidad Autónoma De Coahuila (Unidad Torreón), Facultad De Medicina",MEX,Mexico,Jalisco,,Physician,7275dbe6-7416-4352-b2d9-ebf3d580cc0d
Universidad Autonoma Metropolitana,MEX,Mexico,Mexico City,,Physician,7275dbe6-7416-4352-b2d9-ebf3d580cc0d
Universidad De Monterrey (Udem),MEX,Mexico,Mexico City,UAM,Physician,7275dbe6-7416-4352-b2d9-ebf3d580cc0d
Universidad Autónoma De Sinaloa. Facultad De Medicina,MEX,Mexico,Culiacán,UAS,Physician,7275dbe6-7416-4352-b2d9-ebf3d580cc0d
Universidad Autónoma De Veracruz “Villa Rica”. Facultad De Medicina,MEX,Mexico,Veracruz,,Physician,7275dbe6-7416-4352-b2d9-ebf3d580cc0d
Universidad Autónoma De San Luis Potosí. Facultad De Medicina,MEX,Mexico,San Luis Potosí,,Physician,7275dbe6-7416-4352-b2d9-ebf3d580cc0d
Universidad Juarez Del Estado De Durango Campus Gomez Palacio (Ujed),MEX,Mexico,Durango,UJED,Physician,7275dbe6-7416-4352-b2d9-ebf3d580cc0d
Universidad Autónoma De Tlaxcala,MEX,Mexico,Tlaxcala,UATX,Physician,7275dbe6-7416-4352-b2d9-ebf3d580cc0d
Universidad Juarez Del Estado De Durango Campus Durango,MEX,Mexico,Durango,,Physician,7275dbe6-7416-4352-b2d9-ebf3d580cc0d
"Universidad México Americana Del Norte A.C., Escuela De Medicina",MEX,Mexico,Reynosa,,Physician,7275dbe6-7416-4352-b2d9-ebf3d580cc0d
"Universidad Nacional Autónoma De México, Facultad De Medicina",MEX,Mexico,Mexico City,UNAM,Physician,7275dbe6-7416-4352-b2d9-ebf3d580cc0d
"Universidad Nacional Autónoma De México, Facultad De Estudios Superiores Iztacala",MEX,Mexico,Mexico City,,Physician,7275dbe6-7416-4352-b2d9-ebf3d580cc0d
"Universidad Nacional Autónoma De México, Facultad De Estudios Superiores Zaragoza",MEX,Mexico,Mexico City,,Physician,7275dbe6-7416-4352-b2d9-ebf3d580cc0d
"Universidad La Salle, Facultad De Medicina",MEX,Mexico,Mexico City,ULSA,Physician,7275dbe6-7416-4352-b2d9-ebf3d580cc0d
"Universidad Latinoamericana, Escuela De Medicina",MEX,Mexico,Havana,ELAM,Physician,7275dbe6-7416-4352-b2d9-ebf3d580cc0d
Universidad Panamericana. Escuela De Medicina,MEX,Mexico,Guerrero,,Physician,7275dbe6-7416-4352-b2d9-ebf3d580cc0d
Universidad Westhill. Escuela De Medicina .Ciudad De Mexico,MEX,Mexico,Mexico City,,Physician,7275dbe6-7416-4352-b2d9-ebf3d580cc0d
Universidad Del Ejército Y Fuerza Aérea. Escuela Médico Militar,MEX,Mexico,Mexico City,,Physician,7275dbe6-7416-4352-b2d9-ebf3d580cc0d
Universidad Autónoma De Chiapas. Facultad De Medicina Humana,MEX,Mexico,Tlaxcala,UNACH,Physician,7275dbe6-7416-4352-b2d9-ebf3d580cc0d
Universidad Quetzalcóatl En Irapuato Escuela De Medicina,MEX,Mexico,Mexico City,,Physician,7275dbe6-7416-4352-b2d9-ebf3d580cc0d
Universidad Autónoma De Campeche. Facultad De Medicina,MEX,Mexico,Campeche,,Physician,7275dbe6-7416-4352-b2d9-ebf3d580cc0d
"Universidad De Guanajuato, Facultad De Medicina",MEX,Mexico,Guanajuato,,Physician,7275dbe6-7416-4352-b2d9-ebf3d580cc0d
"Universidad Del Mayab, Escuela De Medicina",MEX,Mexico,Guanajuato,,Physician,7275dbe6-7416-4352-b2d9-ebf3d580cc0d
Universidad Autónoma De Yucatán. Facultad De Medicina (Uady),MEX,Mexico,Yucatán,UADY,Physician,7275dbe6-7416-4352-b2d9-ebf3d580cc0d
Universidad Anáhuac. Escuela De Medicina,MEX,Mexico,the lake,,Physician,7275dbe6-7416-4352-b2d9-ebf3d580cc0d
Universidad Autónoma De Querétaro. Facultad De Medicina,MEX,Mexico,the lake,UAQ,Physician,7275dbe6-7416-4352-b2d9-ebf3d580cc0d
"Universidad Autónoma ""Benito Juárez"" De Oaxaca. Facultad De Medicina (Uabjo)",MEX,Mexico,Oaxaca,,Physician,7275dbe6-7416-4352-b2d9-ebf3d580cc0d
"Universidad Michoacana De San Nicolas Hidalgo, Facultad De Medicina",MEX,Mexico,Morelia,,Physician,7275dbe6-7416-4352-b2d9-ebf3d580cc0d
Universidad Juarez Autonoma De Tabasco,MEX,Mexico,Tabasco,,Physician,7275dbe6-7416-4352-b2d9-ebf3d580cc0d
Universidad Del Valle De Mexico,MEX,Mexico,Mexico City,UVM,Physician,7275dbe6-7416-4352-b2d9-ebf3d580cc0d
"Division Of Health Sciences, University Of Quintana Roo",MEX,Mexico,Quintana Roo,,Physician,7275dbe6-7416-4352-b2d9-ebf3d580cc0d
"Instituto Politécnico Nacional, Escuela Superior De Medicina",MEX,Mexico,Quintana Roo,,Physician,7275dbe6-7416-4352-b2d9-ebf3d580cc0d
"Instituto Politécnico Nacional, Escuela Nacional De Medicina Y Homeopatía",MEX,Mexico,Mexico City,,Physician,7275dbe6-7416-4352-b2d9-ebf3d580cc0d
"Instituto Politecnico Nacional, Cics Milpa Alta",MEX,Mexico,Milpa Alta,,Physician,7275dbe6-7416-4352-b2d9-ebf3d580cc0d
Instituto Tecnologico Y De Estudios Superiores De Monterrey,MEX,Mexico,Mexico City,,Physician,7275dbe6-7416-4352-b2d9-ebf3d580cc0d
"Universidad De Guadalajara, Facultad De Medicina",MEX,Mexico,Guadalajara,,Physician,7275dbe6-7416-4352-b2d9-ebf3d580cc0d
"Universidad Autónoma De Aguascalientes, Centro De Ciencias De La Salud",MEX,Mexico,North Central,UAA,Physician,7275dbe6-7416-4352-b2d9-ebf3d580cc0d
"Universidad Autónoma De Baja California (Uabc), Facultad De Medicina",MEX,Mexico,Baja California,,Physician,7275dbe6-7416-4352-b2d9-ebf3d580cc0d
"Universidad Autónoma De Guadalajara, Facultad De Medicina",MEX,Mexico,Jalisco,,Physician,7275dbe6-7416-4352-b2d9-ebf3d580cc0d
"Universidad Veracruzana, Facultad De Medicina",MEX,Mexico,Veracruz,,Physician,7275dbe6-7416-4352-b2d9-ebf3d580cc0d
"Universidad Autónoma De Nuevo León (Uanl), Facultad De Medicina",MEX,Mexico,Nuevo Leon,,Physician,7275dbe6-7416-4352-b2d9-ebf3d580cc0d
"Universidad Autónoma De Coahuila (Unidad Torreón), Facultad De Medicina",MEX,Mexico,Torreón,,Physician,7275dbe6-7416-4352-b2d9-ebf3d580cc0d
Universidad Autonoma Metropolitana (Uam),MEX,Mexico,Mexico City,,Physician,7275dbe6-7416-4352-b2d9-ebf3d580cc0d
Universidad De Monterrey (Udem),MEX,Mexico,Nuevo Leon,,Physician,7275dbe6-7416-4352-b2d9-ebf3d580cc0d
Universidad Autónoma De Sinaloa. Facultad De Medicina,MEX,Mexico,Culiacán,,Physician,7275dbe6-7416-4352-b2d9-ebf3d580cc0d
Universidad De Celaya,MEX,Mexico,Guadalajara,,Physician,7275dbe6-7416-4352-b2d9-ebf3d580cc0d
Universidad Autónoma De San Luis Potosí. Facultad De Medicina,MEX,Mexico,San Luis Potosí,,Physician,7275dbe6-7416-4352-b2d9-ebf3d580cc0d
Universidad Juarez Del Estado De Durango Campus Gomez Palacio,MEX,Mexico,Durango,,Physician,7275dbe6-7416-4352-b2d9-ebf3d580cc0d
Universidad Juarez Del Estado De Durango Campus Durango,MEX,Mexico,Durango,,Physician,7275dbe6-7416-4352-b2d9-ebf3d580cc0d
"Universidad México Americana Del Norte A.C., Escuela De Medicina",MEX,Mexico,Reynosa,,Physician,7275dbe6-7416-4352-b2d9-ebf3d580cc0d
"Universidad Michoacana De San Nicolás De Hidalgo. Facultad De Ciencias Médicas Y Biológicas ""Dr. Ignacio Chávez""",MEX,Mexico,San Luis Potosí,,Physician,7275dbe6-7416-4352-b2d9-ebf3d580cc0d
"Universidad Nacional Autónoma De México, Facultad De Medicina Unam",MEX,Mexico,Mexico City,UNAM,Physician,7275dbe6-7416-4352-b2d9-ebf3d580cc0d
"Universidad Nacional Autónoma De México, Facultad De Estudios Superiores Zaragoza",MEX,Mexico,Mexico City,,Physician,7275dbe6-7416-4352-b2d9-ebf3d580cc0d
"Universidad La Salle, Facultad De Medicina",MEX,Mexico,Mexico City,,Physician,7275dbe6-7416-4352-b2d9-ebf3d580cc0d
Escuela Medico Militar,MEX,Mexico,Mexico City,,Physician,7275dbe6-7416-4352-b2d9-ebf3d580cc0d
Universidad Lamar,MEX,Mexico,Texas,,Physician,7275dbe6-7416-4352-b2d9-ebf3d580cc0d
"Universidad Latinoamericana, Escuela De Medicina",MEX,Mexico,Western,ELAM,Physician,7275dbe6-7416-4352-b2d9-ebf3d580cc0d
Universidad Panamericana. Escuela De Medicina,MEX,Mexico,Western,,Physician,7275dbe6-7416-4352-b2d9-ebf3d580cc0d
Universidad Westhill. Escuela De Medicina Ciudad De Mexico,MEX,Mexico,Mexico City,,Physician,7275dbe6-7416-4352-b2d9-ebf3d580cc0d
Universidad Del Ejército Y Fuerza Aérea. Escuela Médico Militar,MEX,Mexico,Mexico City,,Physician,7275dbe6-7416-4352-b2d9-ebf3d580cc0d
Instituto De Estudios Superiores De Chiapas (Iesch),MEX,Mexico,Mexico City,,Physician,7275dbe6-7416-4352-b2d9-ebf3d580cc0d
Universidad Autónoma De Chiapas. Facultad De Medicina Humana,MEX,Mexico,Tuxtla,,Physician,7275dbe6-7416-4352-b2d9-ebf3d580cc0d
Universidad Autónoma De Campeche. Facultad De Medicina,MEX,Mexico,Campeche,,Physician,7275dbe6-7416-4352-b2d9-ebf3d580cc0d
"Universidad De Guanajuato, Facultad De Medicina",MEX,Mexico,Guanajuato,,Physician,7275dbe6-7416-4352-b2d9-ebf3d580cc0d
"Universidad Del Mayab, Escuela De Medicina",MEX,Mexico,Yucatán,,Physician,7275dbe6-7416-4352-b2d9-ebf3d580cc0d
Universidad Autónoma De Yucatán. Facultad De Medicina,MEX,Mexico,Yucatán,,Physician,7275dbe6-7416-4352-b2d9-ebf3d580cc0d
Universidad Anáhuac. Escuela De Medicina,MEX,Mexico,the lake,,Physician,7275dbe6-7416-4352-b2d9-ebf3d580cc0d
Universidad Autónoma De Querétaro. Facultad De Medicina,MEX,Mexico,La Capilla,UAQ,Physician,7275dbe6-7416-4352-b2d9-ebf3d580cc0d
"Universidad Autónoma ""Benito Juárez"" De Oaxaca. Facultad De Medicina",MEX,Mexico,Oaxaca,,Physician,7275dbe6-7416-4352-b2d9-ebf3d580cc0d
"Universidad Michoacana De San Nicolas Hidalgo, Facultad De Medicina",MEX,Mexico,Michoacán,,Physician,7275dbe6-7416-4352-b2d9-ebf3d580cc0d
Universidad Juarez Autonoma De Tabasco,MEX,Mexico,Tabasco,,Physician,7275dbe6-7416-4352-b2d9-ebf3d580cc0d
Universidad Del Valle De Mexico,MEX,Mexico,Mexico City,,Physician,7275dbe6-7416-4352-b2d9-ebf3d580cc0d
Universidad Autonoma De Tamaulipas,MEX,Mexico,Tamaulipas,,Physician,7275dbe6-7416-4352-b2d9-ebf3d580cc0d
Universidad Autónoma De Ciudad Juárez Instituto De Ciencias Biomédicas,MEX,Mexico,Juárez,,Physician,7275dbe6-7416-4352-b2d9-ebf3d580cc0d
Universidad De Las Américas Puebla,MEX,Mexico,San Andrés,,Physician,7275dbe6-7416-4352-b2d9-ebf3d580cc0d
Universidad Autónoma Del Estado De Hidalgo Instituto De Ciencias De La Salud,MEX,Mexico,Hidalgo,UAEH,Physician,7275dbe6-7416-4352-b2d9-ebf3d580cc0d
Universidad Cristobal Colón,MEX,Mexico,Colón,,Physician,7275dbe6-7416-4352-b2d9-ebf3d580cc0d
Universidad De Colima Facultad De Medicina,MEX,Mexico,Colón,,Physician,7275dbe6-7416-4352-b2d9-ebf3d580cc0d
Universidad Autónoma De Chihuahua Facultad De Medicina,MEX,Mexico,Chihuahua,,Physician,7275dbe6-7416-4352-b2d9-ebf3d580cc0d
Universidad Autónoma Del Estado De Morelos Facultad De Medicina,MEX,Mexico,Morelos,,Physician,7275dbe6-7416-4352-b2d9-ebf3d580cc0d
Benemérita Universidad Autónoma De Puebla Escuela De Medicina,MEX,Mexico,Puebla,,Physician,7275dbe6-7416-4352-b2d9-ebf3d580cc0d
Universidad De Montemorelos Escuela De Medicina,MEX,Mexico,Nuevo León,UM,Physician,7275dbe6-7416-4352-b2d9-ebf3d580cc0d
Universidad Del Noreste Escuela De Medicina 'Dr. José Sierra Flores',MEX,Mexico,Tamaulipas,UNE,Physician,7275dbe6-7416-4352-b2d9-ebf3d580cc0d
Universidad Popular Autónoma Del Estado De Puebla Facultad De Medicina,MEX,Mexico,Puebla,,Physician,7275dbe6-7416-4352-b2d9-ebf3d580cc0d
Universidad Regional Del Sureste Escuela De Medicina E Cirugía (Urse),MEX,Mexico,Oaxaca,,Physician,7275dbe6-7416-4352-b2d9-ebf3d580cc0d
Universidad De Sonora,MEX,Mexico,Sonora,,Physician,7275dbe6-7416-4352-b2d9-ebf3d580cc0d
Universidad Autónoma Del Estado De México Facultad De Medicina (Uaemex),MEX,Mexico,Mexico State,,Physician,7275dbe6-7416-4352-b2d9-ebf3d580cc0d
Escuela De Medicina Tominaga Nakamoto,MEX,Mexico,Mexico State,,Physician,7275dbe6-7416-4352-b2d9-ebf3d580cc0d
Universidad Autónoma De Zacatecas Unidad Académica De Medicina Y Ciencias De La Salud (Uaz),MEX,Mexico,Mexico State,,Physician,7275dbe6-7416-4352-b2d9-ebf3d580cc0d
Centro Cultural Universitario Justo Sierra Escuela De Medicina,MEX,Mexico,Mexico State,,Physician,7275dbe6-7416-4352-b2d9-ebf3d580cc0d
Instituto Universitario De Ciencias Médicas Y Humanísticas De Nayarit (Inumedh),MEX,Mexico,Tepic,,Physician,7275dbe6-7416-4352-b2d9-ebf3d580cc0d
Universidad Autónoma De Nayarit Escuela De Medicina,MEX,Mexico,Tepic,UAN,Physician,7275dbe6-7416-4352-b2d9-ebf3d580cc0d
Universidad Autónoma De Durango Campus Zacatecas (Uad),MEX,Mexico,Durango,UAD,Physician,7275dbe6-7416-4352-b2d9-ebf3d580cc0d
Centro De Estudios Universitarios Xochicalco / Universidad Xochicalco,MEX,Mexico,Baja Californa,,Physician,7275dbe6-7416-4352-b2d9-ebf3d580cc0d
Consejo De Universidades,MEX,Mexico,Baja Californa,,Physician,7275dbe6-7416-4352-b2d9-ebf3d580cc0d
Universidad Autónoma De Guerrero,MEX,Mexico,Guerrero,UAGRO,Physician,7275dbe6-7416-4352-b2d9-ebf3d580cc0d
Ss. Cyril And Methodius University In Skopje Faculty Of Medicine,MKD,North Macedonia,Skopje,,Physician,7275dbe6-7416-4352-b2d9-ebf3d580cc0d
Goce Delcev University Faculty Of Medical Sciences,MKD,North Macedonia,Skopje,,Physician,7275dbe6-7416-4352-b2d9-ebf3d580cc0d
"University Of Malta, Faculty Of Medicine & Surgery",MLT,Malta,Malta,,Physician,7275dbe6-7416-4352-b2d9-ebf3d580cc0d
University Of Medicine 1 (Previously Affiliated With University Of Yangon),MMR,Myanmar,Yangon,,Physician,7275dbe6-7416-4352-b2d9-ebf3d580cc0d
University Of Medicine 2 (Previously Affiliated With University Of Yangon),MMR,Myanmar,Yangon,,Physician,7275dbe6-7416-4352-b2d9-ebf3d580cc0d
Université Mohammed V Souissi Faculté De Médecine Et De Pharmacie De Rabat,MOR,Morocco,Rabat,,Physician,7275dbe6-7416-4352-b2d9-ebf3d580cc0d
Université Sidi Mohammed Ben Abdellah Faculté De Médecine Et De Pharmacie De Fès,MOR,Morocco,Rabat,,Physician,7275dbe6-7416-4352-b2d9-ebf3d580cc0d
Université Hassan Ii De Casablanca Faculté De Médecine Et De Pharmacie,MOR,Morocco,Rabat,,Physician,7275dbe6-7416-4352-b2d9-ebf3d580cc0d
Ssr Medical College,MUS,Mauritius,Mauritius,,Physician,7275dbe6-7416-4352-b2d9-ebf3d580cc0d
Anna Medical College And Research Centre,MUS,Mauritius,South-east,,Physician,7275dbe6-7416-4352-b2d9-ebf3d580cc0d
"University Of Mauritius Faculty Of Science, Department Of Medicine",MUS,Mauritius,South-east,,Physician,7275dbe6-7416-4352-b2d9-ebf3d580cc0d
University Of Malawi College Of Medicine,MWI,Malawi,Blantyre,UMCM,Physician,7275dbe6-7416-4352-b2d9-ebf3d580cc0d
University Malaya Medical Centre[2],MYS,Malaysia,colonial,,Physician,7275dbe6-7416-4352-b2d9-ebf3d580cc0d
Universiti Kebangsaan Malaysia Medical Centre[3],MYS,Malaysia,Selangor,UKM,Physician,7275dbe6-7416-4352-b2d9-ebf3d580cc0d
Universiti Sains Malaysia School Of Medical Science[4],MYS,Malaysia,Penang,USM,Physician,7275dbe6-7416-4352-b2d9-ebf3d580cc0d
Universiti Malaysia Sarawak Faculty Of Medicine And Health Sciences[5],MYS,Malaysia,Sarawak,,Physician,7275dbe6-7416-4352-b2d9-ebf3d580cc0d
Universiti Putra Malaysia Faculty Of Medicine And Health Sciences.[6],MYS,Malaysia,Selangor,,Physician,7275dbe6-7416-4352-b2d9-ebf3d580cc0d
International Medical University[7],MYS,Malaysia,Selangor,,Physician,7275dbe6-7416-4352-b2d9-ebf3d580cc0d
Universiti Kuala Lumpur Royal College Medicine Of Perak[8],MYS,Malaysia,Negeri Perak,,Physician,7275dbe6-7416-4352-b2d9-ebf3d580cc0d
International Islamic University Malaysia Kulliyyah Of Medicine[9],MYS,Malaysia,Pahang,IIUM,Physician,7275dbe6-7416-4352-b2d9-ebf3d580cc0d
Penang Medical College[10],MYS,Malaysia,Pahang,,Physician,7275dbe6-7416-4352-b2d9-ebf3d580cc0d
Melaka Manipal Medical College Faculty Of Medicine,MYS,Malaysia,Selangor,MMMC,Physician,7275dbe6-7416-4352-b2d9-ebf3d580cc0d
Universiti Teknologi Mara Faculty Of Medicine[12],MYS,Malaysia,Selangor,,Physician,7275dbe6-7416-4352-b2d9-ebf3d580cc0d
Universiti Malaysia Sabah School Of Medicine[14],MYS,Malaysia,Sabah,,Physician,7275dbe6-7416-4352-b2d9-ebf3d580cc0d
Cyberjaya University College Of Medical Science Faculty Of Medicine[16],MYS,Malaysia,Selangor,,Physician,7275dbe6-7416-4352-b2d9-ebf3d580cc0d
Ucsi University Faculty Of Medicine And Health Sciences[17],MYS,Malaysia,Selangor,UCSI,Physician,7275dbe6-7416-4352-b2d9-ebf3d580cc0d
Monash University School Of Medicine And Health Sciences[18],MYS,Malaysia,Selangor,,Physician,7275dbe6-7416-4352-b2d9-ebf3d580cc0d
Universiti Sains Islam Malaysia Faculty Of Medicine And Health Sciences,MYS,Malaysia,Selangor,,Physician,7275dbe6-7416-4352-b2d9-ebf3d580cc0d
Management & Science University International Medical School[20],MYS,Malaysia,Shah Alam,MSU,Physician,7275dbe6-7416-4352-b2d9-ebf3d580cc0d
Aimst University Faculty Of Medicine,MYS,Malaysia,Kedah,,Physician,7275dbe6-7416-4352-b2d9-ebf3d580cc0d
University Of Sultan Zainal Abidin Faculty Of Medicine And Health Sciences[22],MYS,Malaysia,Terengganu,,Physician,7275dbe6-7416-4352-b2d9-ebf3d580cc0d
National Defence University Of Malaysia Faculty Of Medicine And Defence Health[23],MYS,Malaysia,Terengganu,UPNM,Physician,7275dbe6-7416-4352-b2d9-ebf3d580cc0d
Mahsa University College Faculty Of Medicine,MYS,Malaysia,Selangor,,Physician,7275dbe6-7416-4352-b2d9-ebf3d580cc0d
Bedong Medical College[25],MYS,Malaysia,Selangor,,Physician,7275dbe6-7416-4352-b2d9-ebf3d580cc0d
Perdana University Graduate School Of Medicine[27],MYS,Malaysia,Perdana,,Physician,7275dbe6-7416-4352-b2d9-ebf3d580cc0d
Perdana University Royal College Of Surgeon In Ireland[28],MYS,Malaysia,Selangor,,Physician,7275dbe6-7416-4352-b2d9-ebf3d580cc0d
Segi University Faculty Of Medicine,MYS,Malaysia,Selangor,,Physician,7275dbe6-7416-4352-b2d9-ebf3d580cc0d
Taylor'S University School Of Medicine,MYS,Malaysia,Selangor,,Physician,7275dbe6-7416-4352-b2d9-ebf3d580cc0d
Universiti Tunku Abdul Rahman Faculty Of Medicine And Health Sciences,MYS,Malaysia,Selangor,ULAR,Physician,7275dbe6-7416-4352-b2d9-ebf3d580cc0d
University College Shahputra Faculty Of Medicine,MYS,Malaysia,Selangor,,Physician,7275dbe6-7416-4352-b2d9-ebf3d580cc0d
Quest International University Perak Faculty Of Medicine,MYS,Malaysia,Selangor,,Physician,7275dbe6-7416-4352-b2d9-ebf3d580cc0d
Asia Metropolitan University School Of Medical And Health Sciences,MYS,Malaysia,Selangor,,Physician,7275dbe6-7416-4352-b2d9-ebf3d580cc0d
Lincoln University College School Of Medicine,MYS,Malaysia,Kuala Lumpur,,Physician,7275dbe6-7416-4352-b2d9-ebf3d580cc0d
University Malaya Medical Centre[2],MYS,Malaysia,Kuala Lumpur,,Physician,7275dbe6-7416-4352-b2d9-ebf3d580cc0d
Universiti Kebangsaan Malaysia Medical Centre[3],MYS,Malaysia,Kuala Lumpur,,Physician,7275dbe6-7416-4352-b2d9-ebf3d580cc0d
Universiti Sains Malaysia School Of Medical Science[4],MYS,Malaysia,Kuala Lumpur,,Physician,7275dbe6-7416-4352-b2d9-ebf3d580cc0d
Universiti Malaysia Sarawak Faculty Of Medicine And Health Sciences[5],MYS,Malaysia,Kuala Lumpur,,Physician,7275dbe6-7416-4352-b2d9-ebf3d580cc0d
Universiti Putra Malaysia Faculty Of Medicine And Health Sciences.[6],MYS,Malaysia,Kuala Lumpur,,Physician,7275dbe6-7416-4352-b2d9-ebf3d580cc0d
Universiti Kuala Lumpur Royal College Medicine Of Perak[8],MYS,Malaysia,Kuala Lumpur,,Physician,7275dbe6-7416-4352-b2d9-ebf3d580cc0d
International Islamic University Malaysia Kulliyyah Of Medicine[9],MYS,Malaysia,Pahang,,Physician,7275dbe6-7416-4352-b2d9-ebf3d580cc0d
Penang Medical College[10],MYS,Malaysia,Pahang,,Physician,7275dbe6-7416-4352-b2d9-ebf3d580cc0d
Melaka Manipal Medical College Faculty Of Medicine[11],MYS,Malaysia,Selangor,,Physician,7275dbe6-7416-4352-b2d9-ebf3d580cc0d
Universiti Teknologi Mara Faculty Of Medicine (Uitm),MYS,Malaysia,Selangor,,Physician,7275dbe6-7416-4352-b2d9-ebf3d580cc0d
Universiti Malaysia Sabah School Of Medicine[14],MYS,Malaysia,Sabah,,Physician,7275dbe6-7416-4352-b2d9-ebf3d580cc0d
Allianze University College Of Medical Sciences[15],MYS,Malaysia,Penang,,Physician,7275dbe6-7416-4352-b2d9-ebf3d580cc0d
Cyberjaya University College Of Medical Science Faculty Of Medicine[16],MYS,Malaysia,Selangor,,Physician,7275dbe6-7416-4352-b2d9-ebf3d580cc0d
Ucsi University Faculty Of Medicine And Health Sciences[17],MYS,Malaysia,Selangor,,Physician,7275dbe6-7416-4352-b2d9-ebf3d580cc0d
Monash University School Of Medicine And Health Sciences[18],MYS,Malaysia,Selangor,,Physician,7275dbe6-7416-4352-b2d9-ebf3d580cc0d
Universiti Sains Islam Malaysia Faculty Of Medicine And Health Sciences[19],MYS,Malaysia,Selangor,,Physician,7275dbe6-7416-4352-b2d9-ebf3d580cc0d
Management & Science University International Medical School[20],MYS,Malaysia,Selangor,,Physician,7275dbe6-7416-4352-b2d9-ebf3d580cc0d
Aimst University Faculty Of Medicine[21],MYS,Malaysia,Selangor,AIMST,Physician,7275dbe6-7416-4352-b2d9-ebf3d580cc0d
University Of Sultan Zainal Abidin Faculty Of Medicine And Health Sciences[22],MYS,Malaysia,Terengganu,,Physician,7275dbe6-7416-4352-b2d9-ebf3d580cc0d
National Defence University Of Malaysia Faculty Of Medicine And Defence Health[23],MYS,Malaysia,Terengganu,,Physician,7275dbe6-7416-4352-b2d9-ebf3d580cc0d
Mahsa University College Faculty Of Medicine[24],MYS,Malaysia,Selangor,,Physician,7275dbe6-7416-4352-b2d9-ebf3d580cc0d
Bedong Medical College[25],MYS,Malaysia,Selangor,,Physician,7275dbe6-7416-4352-b2d9-ebf3d580cc0d
Newcastle University Medicine Malaysia[26],MYS,Malaysia,Selangor,,Physician,7275dbe6-7416-4352-b2d9-ebf3d580cc0d
Perdana University Graduate School Of Medicine[27],MYS,Malaysia,Perdana,,Physician,7275dbe6-7416-4352-b2d9-ebf3d580cc0d
Perdana University Royal College Of Surgeon In Ireland[28],MYS,Malaysia,Perdana,,Physician,7275dbe6-7416-4352-b2d9-ebf3d580cc0d
Segi University Faculty Of Medicine[29],MYS,Malaysia,Perdana,,Physician,7275dbe6-7416-4352-b2d9-ebf3d580cc0d
Taylor'S University School Of Medicine[30],MYS,Malaysia,Selangor,,Physician,7275dbe6-7416-4352-b2d9-ebf3d580cc0d
Universiti Tunku Abdul Rahman Faculty Of Medicine And Health Sciences (Fmhs)[31],MYS,Malaysia,Selangor,,Physician,7275dbe6-7416-4352-b2d9-ebf3d580cc0d
University College Shahputra Faculty Of Medicine[32],MYS,Malaysia,Selangor,,Physician,7275dbe6-7416-4352-b2d9-ebf3d580cc0d
Quest International University Perak Faculty Of Medicine[33],MYS,Malaysia,Selangor,,Physician,7275dbe6-7416-4352-b2d9-ebf3d580cc0d
Asia Metropolitan University School Of Medical And Health Sciences[34],MYS,Malaysia,Selangor,,Physician,7275dbe6-7416-4352-b2d9-ebf3d580cc0d
Lincoln University College School Of Medicine[35],MYS,Malaysia,Selangor,,Physician,7275dbe6-7416-4352-b2d9-ebf3d580cc0d
Universiti Malaya Fakulti Perubatan,MYS,Malaysia,Selangor,,Physician,7275dbe6-7416-4352-b2d9-ebf3d580cc0d
Universiti Sultan Zainal Abidin Faculty Of Medicine,MYS,Malaysia,Terengganu,,Physician,7275dbe6-7416-4352-b2d9-ebf3d580cc0d
"Asian Institute Of Medicine, Science And Technology (Aimst)",MYS,Malaysia,Kedah,,Physician,7275dbe6-7416-4352-b2d9-ebf3d580cc0d
University Of Namibia School Of Medicine,NAM,Namibia,Windhoek,,Physician,7275dbe6-7416-4352-b2d9-ebf3d580cc0d
University Of Maiduguri College Of Medical Sciences,NGA,Nigeria,Borno,,Physician,7275dbe6-7416-4352-b2d9-ebf3d580cc0d
University Of Lagos College Of Medicine,NGA,Nigeria,Lagos,,Physician,7275dbe6-7416-4352-b2d9-ebf3d580cc0d
Lagos State University College Of Medicine,NGA,Nigeria,Lagos,,Physician,7275dbe6-7416-4352-b2d9-ebf3d580cc0d
University Of Ibadan College Of Medicine,NGA,Nigeria,Oyo,,Physician,7275dbe6-7416-4352-b2d9-ebf3d580cc0d
University Of Jos Faculty Of Medical Sciences,NGA,Nigeria,Plateau,JOS,Physician,7275dbe6-7416-4352-b2d9-ebf3d580cc0d
Bowen University,NGA,Nigeria,Osun,,Physician,7275dbe6-7416-4352-b2d9-ebf3d580cc0d
"Obafemi Awolowo College Of Health Sciences, Olabisi Onabanjo University",NGA,Nigeria,Ogun,,Physician,7275dbe6-7416-4352-b2d9-ebf3d580cc0d
Obafemi Awolowo University College Of Health Sciences,NGA,Nigeria,Ogun,,Physician,7275dbe6-7416-4352-b2d9-ebf3d580cc0d
Delta State University College Of Health Sciences,NGA,Nigeria,Delta,,Physician,7275dbe6-7416-4352-b2d9-ebf3d580cc0d
Madonna University College Of Medicine,NGA,Nigeria,Plateau,,Physician,7275dbe6-7416-4352-b2d9-ebf3d580cc0d
University Of Nigeria Faculty Of Medicine,NGA,Nigeria,Borno,,Physician,7275dbe6-7416-4352-b2d9-ebf3d580cc0d
Usmanu Danfodiyo University College Of Health Sciences,NGA,Nigeria,Sokoto,,Physician,7275dbe6-7416-4352-b2d9-ebf3d580cc0d
Niger Delta University College Of Medical Sciences,NGA,Nigeria,Delta,,Physician,7275dbe6-7416-4352-b2d9-ebf3d580cc0d
University Of Benin School Of Medicine,NGA,Nigeria,Edo,UNIBEN,Physician,7275dbe6-7416-4352-b2d9-ebf3d580cc0d
Enugu State University Of Science And Technology College Of Medicine,NGA,Nigeria,Enugu,,Physician,7275dbe6-7416-4352-b2d9-ebf3d580cc0d
Ladoke Akintola University Of Technology (Lautech) College Of Health Sciences,NGA,Nigeria,Oyo,,Physician,7275dbe6-7416-4352-b2d9-ebf3d580cc0d
University Of Ilorin College Of Health Sciences,NGA,Nigeria,Kwara,,Physician,7275dbe6-7416-4352-b2d9-ebf3d580cc0d
Benue State University College Of Health Sciences,NGA,Nigeria,Benue,,Physician,7275dbe6-7416-4352-b2d9-ebf3d580cc0d
University Of Calabar College Of Medical Sciences,NGA,Nigeria,Cross River,,Physician,7275dbe6-7416-4352-b2d9-ebf3d580cc0d
Abia State University Faculty Of Medicine,NGA,Nigeria,Abia,,Physician,7275dbe6-7416-4352-b2d9-ebf3d580cc0d
Bayero University Faculty Of Medicine,NGA,Nigeria,Kano,BUK,Physician,7275dbe6-7416-4352-b2d9-ebf3d580cc0d
University Of Uyo College Of Health Sciences,NGA,Nigeria,Akwa Ibom,UYO,Physician,7275dbe6-7416-4352-b2d9-ebf3d580cc0d
Ebonyi State University College Of Health Sciences,NGA,Nigeria,Ebonyi,,Physician,7275dbe6-7416-4352-b2d9-ebf3d580cc0d
Imo State University College Of Medicine,NGA,Nigeria,Imo,,Physician,7275dbe6-7416-4352-b2d9-ebf3d580cc0d
Universidad Americana (Uam) Facultad De Medicina,NIC,Nicaragua,Imo,UAM,Physician,7275dbe6-7416-4352-b2d9-ebf3d580cc0d
"Universidad Nacional Autónoma De Nicaragua Facultad De Ciencias Médicas, Managua (Unan)",NIC,Nicaragua,Managua,UNAN,Physician,7275dbe6-7416-4352-b2d9-ebf3d580cc0d
Universidad Católica 'Redemptoris Máter' (Unica) Facultad De Ciencias Médicas,NIC,Nicaragua,Managua,,Physician,7275dbe6-7416-4352-b2d9-ebf3d580cc0d
Universidad Cristiana Autónoma De Nicaragua Facultad De Medicina (Ucan),NIC,Nicaragua,Managua,UCAN,Physician,7275dbe6-7416-4352-b2d9-ebf3d580cc0d
Universidad Católica Del Trópico Seco Facultad De Ciencias Médicas,NIC,Nicaragua,Esteli,,Physician,7275dbe6-7416-4352-b2d9-ebf3d580cc0d
Universidad Central De Nicaragua,NIC,Nicaragua,Managua,,Physician,7275dbe6-7416-4352-b2d9-ebf3d580cc0d
"Universiteit Van Amsterdam, Faculty Of Medicine",NLD,Netherlands,Amsterdam,AMC,Physician,7275dbe6-7416-4352-b2d9-ebf3d580cc0d
"Vu University Medical Center Amsterdam, Faculty Of Medicine",NLD,Netherlands,Amsterdam,VU,Physician,7275dbe6-7416-4352-b2d9-ebf3d580cc0d
"University Of Groningen, Faculty Of Medicine",NLD,Netherlands,Groningen,RUG,Physician,7275dbe6-7416-4352-b2d9-ebf3d580cc0d
"University Of Leiden, Faculty Of Medicine",NLD,Netherlands,South Holland,LUMC,Physician,7275dbe6-7416-4352-b2d9-ebf3d580cc0d
"Universiteit Maastricht, Faculty Of Health, Medicine And Life Sciences",NLD,Netherlands,Maastricht,,Physician,7275dbe6-7416-4352-b2d9-ebf3d580cc0d
"Radboud University Nijmegen, Faculty Of Medicine",NLD,Netherlands,Gelderland,,Physician,7275dbe6-7416-4352-b2d9-ebf3d580cc0d
Erasmus Universiteit Rotterdam,NLD,Netherlands,South Holland,,Physician,7275dbe6-7416-4352-b2d9-ebf3d580cc0d
"Universiteit Utrecht, Faculty Of Medicine",NLD,Netherlands,Utrecht,,Physician,7275dbe6-7416-4352-b2d9-ebf3d580cc0d
American University Of Integrative Sciences School Of Medicine,NLD,Netherlands,Barbados,,Physician,7275dbe6-7416-4352-b2d9-ebf3d580cc0d
Saba University School Of Medicine,NLD,Netherlands,Caribbean,,Physician,7275dbe6-7416-4352-b2d9-ebf3d580cc0d
St. Martinus University Faculty Of Medicine,NLD,Netherlands,Caribbean,,Physician,7275dbe6-7416-4352-b2d9-ebf3d580cc0d
Rijksuniversiteit Groningen Faculteit Der Medische Wetenschappen,NLD,Netherlands,Groningen,,Physician,7275dbe6-7416-4352-b2d9-ebf3d580cc0d
Vumc School Of Medical Sciences,NLD,Netherlands,Amsterdam,,Physician,7275dbe6-7416-4352-b2d9-ebf3d580cc0d
Erasmus Universiteit Faculteit Der Geneeskunde,NLD,Netherlands,Rotterdam,,Physician,7275dbe6-7416-4352-b2d9-ebf3d580cc0d
"Norwegian University Of Science And Technology, Faculty Of Medicine",NOR,Norway,Southern,,Physician,7275dbe6-7416-4352-b2d9-ebf3d580cc0d
University Of Bergen,NOR,Norway,Western Norway,,Physician,7275dbe6-7416-4352-b2d9-ebf3d580cc0d
"University Of Oslo, Faculty Of Medicine",NOR,Norway,Oslo,,Physician,7275dbe6-7416-4352-b2d9-ebf3d580cc0d
The National Hospital (Rikshospitalet),NOR,Norway,Oslo,,Physician,7275dbe6-7416-4352-b2d9-ebf3d580cc0d
"University Hospital: Includes Gaustad Hospital, Norway'S Oldest Psychiatric Hospital",NOR,Norway,Oslo,,Physician,7275dbe6-7416-4352-b2d9-ebf3d580cc0d
University Of Tromsø,NOR,Norway,Northern,,Physician,7275dbe6-7416-4352-b2d9-ebf3d580cc0d
"Institute Of Medicine, Tribhuvan University",NPL,Nepal,Tribhuvan,IOM,Physician,7275dbe6-7416-4352-b2d9-ebf3d580cc0d
Patan Academy Of Health Sciences,NPL,Nepal,Patan,,Physician,7275dbe6-7416-4352-b2d9-ebf3d580cc0d
Gandaki Medical College,NPL,Nepal,Gandaki,,Physician,7275dbe6-7416-4352-b2d9-ebf3d580cc0d
Nepal Medical College,NPL,Nepal,Gandaki,,Physician,7275dbe6-7416-4352-b2d9-ebf3d580cc0d
Nepalese Army Institute Of Health Sciences College Of Medicine,NPL,Nepal,Maitri Tole,,Physician,7275dbe6-7416-4352-b2d9-ebf3d580cc0d
Universal College Of Medical Sciences,NPL,Nepal,Bhairahwa,,Physician,7275dbe6-7416-4352-b2d9-ebf3d580cc0d
B.P. Koirala Institute Of Health Sciences,NPL,Nepal,Sunsari,,Physician,7275dbe6-7416-4352-b2d9-ebf3d580cc0d
"University Of Auckland, Faculty Of Medical And Health Sciences",NZL,New Zealand,Auckland,,Physician,7275dbe6-7416-4352-b2d9-ebf3d580cc0d
"University Of Otago, School Of Medicine",NZL,New Zealand,Auckland,,Physician,7275dbe6-7416-4352-b2d9-ebf3d580cc0d
Oman Medical College,OMN,Oman,North Batinha,,Physician,7275dbe6-7416-4352-b2d9-ebf3d580cc0d
Sultan Qaboos University College Of Medicine,OMN,Oman,North Batinha,SQU,Physician,7275dbe6-7416-4352-b2d9-ebf3d580cc0d
Foundation University Medical College,PAK,Pakistan,Punjab,FUMC,Physician,7275dbe6-7416-4352-b2d9-ebf3d580cc0d
Allama Iqbal Medical College,PAK,Pakistan,Punjab,,Physician,7275dbe6-7416-4352-b2d9-ebf3d580cc0d
Fatima Jinnah Medical College For Women,PAK,Pakistan,Punjab,,Physician,7275dbe6-7416-4352-b2d9-ebf3d580cc0d
Al-Nafees Medical College,PAK,Pakistan,Islamabad,Anmc,Physician,7275dbe6-7416-4352-b2d9-ebf3d580cc0d
Islamabad Medical & Dental College,PAK,Pakistan,Islamabad,,Physician,7275dbe6-7416-4352-b2d9-ebf3d580cc0d
Shifa College Of Medicine,PAK,Pakistan,Punjab,,Physician,7275dbe6-7416-4352-b2d9-ebf3d580cc0d
Dow Medical College,PAK,Pakistan,Punjab,,Physician,7275dbe6-7416-4352-b2d9-ebf3d580cc0d
Sheikh Zayed Medical College,PAK,Pakistan,Punjab,,Physician,7275dbe6-7416-4352-b2d9-ebf3d580cc0d
Wah Medical College,PAK,Pakistan,Punjab,,Physician,7275dbe6-7416-4352-b2d9-ebf3d580cc0d
Sahiwal Medical College,PAK,Pakistan,Punjab,,Physician,7275dbe6-7416-4352-b2d9-ebf3d580cc0d
Rehman Medical College,PAK,Pakistan,Punjab,,Physician,7275dbe6-7416-4352-b2d9-ebf3d580cc0d
Liaquat University Of Medical & Health Sciences Jamshoro,PAK,Pakistan,Punjab,,Physician,7275dbe6-7416-4352-b2d9-ebf3d580cc0d
King Edward Medical University,PAK,Pakistan,Punjab,KEM,Physician,7275dbe6-7416-4352-b2d9-ebf3d580cc0d
Khyber Medical College,PAK,Pakistan,KPK,KMU,Physician,7275dbe6-7416-4352-b2d9-ebf3d580cc0d
Jinnah Sindh Medical University,PAK,Pakistan,Sindh,,Physician,7275dbe6-7416-4352-b2d9-ebf3d580cc0d
Shalamar Medical & Dental College,PAK,Pakistan,Punjab,,Physician,7275dbe6-7416-4352-b2d9-ebf3d580cc0d
Ziauddin Medical College,PAK,Pakistan,Sindh,,Physician,7275dbe6-7416-4352-b2d9-ebf3d580cc0d
Aga Khan University Medical College,PAK,Pakistan,Sindh,,Physician,7275dbe6-7416-4352-b2d9-ebf3d580cc0d
Bahria University Medical & Dental College,PAK,Pakistan,Punjab,,Physician,7275dbe6-7416-4352-b2d9-ebf3d580cc0d
Nishtar Medical College & Hospital,PAK,Pakistan,Punjab,,Physician,7275dbe6-7416-4352-b2d9-ebf3d580cc0d
Gomal Medical College,PAK,Pakistan,Punjab,,Physician,7275dbe6-7416-4352-b2d9-ebf3d580cc0d
Rawalpindi Medical College,PAK,Pakistan,Punjab,,Physician,7275dbe6-7416-4352-b2d9-ebf3d580cc0d
Ayub Medical College,PAK,Pakistan,Punjab,,Physician,7275dbe6-7416-4352-b2d9-ebf3d580cc0d
Dg Khan Medical College Or Dera Ghazi Khan Medical College,PAK,Pakistan,Punjab,,Physician,7275dbe6-7416-4352-b2d9-ebf3d580cc0d
Akhtar Saeed Medical & Dental College,PAK,Pakistan,Punjab,,Physician,7275dbe6-7416-4352-b2d9-ebf3d580cc0d
Pak Red Crescent Medical & Dental College,PAK,Pakistan,Punjab,,Physician,7275dbe6-7416-4352-b2d9-ebf3d580cc0d
Baqai Medical College,PAK,Pakistan,Punjab,,Physician,7275dbe6-7416-4352-b2d9-ebf3d580cc0d
Shaikh Khalifa Bin Zayed Al-Nahyan Medical & Dental College,PAK,Pakistan,Punjab,,Physician,7275dbe6-7416-4352-b2d9-ebf3d580cc0d
Central Park Medical College,PAK,Pakistan,Punjab,,Physician,7275dbe6-7416-4352-b2d9-ebf3d580cc0d
Punjab Medical College,PAK,Pakistan,Punjab,,Physician,7275dbe6-7416-4352-b2d9-ebf3d580cc0d
Yusra Medical & Dental College,PAK,Pakistan,Punjab,,Physician,7275dbe6-7416-4352-b2d9-ebf3d580cc0d
"Frontier Medical & Dental College, Abbottabad",PAK,Pakistan,KPK,,Physician,7275dbe6-7416-4352-b2d9-ebf3d580cc0d
Chandka Medical College,PAK,Pakistan,Sindh,CMC,Physician,7275dbe6-7416-4352-b2d9-ebf3d580cc0d
Hamdard College Of Medicine & Dentistry,PAK,Pakistan,Punjab,,Physician,7275dbe6-7416-4352-b2d9-ebf3d580cc0d
Rawal Institute Of Medical Sciences,PAK,Pakistan,Punjab,,Physician,7275dbe6-7416-4352-b2d9-ebf3d580cc0d
Rashid Latif Medical College,PAK,Pakistan,Punjab,RLMC,Physician,7275dbe6-7416-4352-b2d9-ebf3d580cc0d
Karachi Medical And Dental College,PAK,Pakistan,Sindh,,Physician,7275dbe6-7416-4352-b2d9-ebf3d580cc0d
Bolan Medical College,PAK,Pakistan,Balochistan,BMC,Physician,7275dbe6-7416-4352-b2d9-ebf3d580cc0d
Isra University Faculty Of Medicine And Allied Medical Sciences,PAK,Pakistan,Sindh,,Physician,7275dbe6-7416-4352-b2d9-ebf3d580cc0d
Kabir Medical College,PAK,Pakistan,KPK,KMC,Physician,7275dbe6-7416-4352-b2d9-ebf3d580cc0d
Ghulam Mohammad Mahar Medical College,PAK,Pakistan,Sindh,,Physician,7275dbe6-7416-4352-b2d9-ebf3d580cc0d
Army Medical College,PAK,Pakistan,Punjab,AMC,Physician,7275dbe6-7416-4352-b2d9-ebf3d580cc0d
Shalamar Medical And Dental College,PAK,Pakistan,Punjab,SMDC,Physician,7275dbe6-7416-4352-b2d9-ebf3d580cc0d
Islamabad Medical & Dental College,PAK,Pakistan,Punjab,,Physician,7275dbe6-7416-4352-b2d9-ebf3d580cc0d
Lahore Medical And Dental College,PAK,Pakistan,Punjab,,Physician,7275dbe6-7416-4352-b2d9-ebf3d580cc0d
Multan Medical And Dental College,PAK,Pakistan,Punjab,,Physician,7275dbe6-7416-4352-b2d9-ebf3d580cc0d
"University Of Health Sciences, Lahore",PAK,Pakistan,Punjab,,Physician,7275dbe6-7416-4352-b2d9-ebf3d580cc0d
"Gandhara University, Kabir Medical College",PAK,Pakistan,KPK,KMC,Physician,7275dbe6-7416-4352-b2d9-ebf3d580cc0d
Saidu Medical College,PAK,Pakistan,KPK,,Physician,7275dbe6-7416-4352-b2d9-ebf3d580cc0d
Sharif Medical And Dental College,PAK,Pakistan,Punjab,,Physician,7275dbe6-7416-4352-b2d9-ebf3d580cc0d
Continental Medical College,PAK,Pakistan,Punjab,CMC,Physician,7275dbe6-7416-4352-b2d9-ebf3d580cc0d
International School Of Medical Sciences,PAN,Panama,Panama,ISMS,Physician,7275dbe6-7416-4352-b2d9-ebf3d580cc0d
"Escuela De Medicina, Universidad Latinoamericana De Ciencia Y Tecnología",PAN,Panama,Panama,,Physician,7275dbe6-7416-4352-b2d9-ebf3d580cc0d
"Escuela De Medicina, Latin University Of Panama - Universidad Latina De Panama",PAN,Panama,Panama,,Physician,7275dbe6-7416-4352-b2d9-ebf3d580cc0d
University Of Panama,PAN,Panama,Panama,,Physician,7275dbe6-7416-4352-b2d9-ebf3d580cc0d
Columbus University College Of Medicine And Health Sciences,PAN,Panama,Columbus,,Physician,7275dbe6-7416-4352-b2d9-ebf3d580cc0d
Universidad De Panamá Facultad De Medicina,PAN,Panama,Panama,UP,Physician,7275dbe6-7416-4352-b2d9-ebf3d580cc0d
Universidad Latina De Panamá Facultad De Ciencias De La Salud Dr. William C. Gorgas,PAN,Panama,Panama,,Physician,7275dbe6-7416-4352-b2d9-ebf3d580cc0d
Universidad Autónoma De Chiriquí Unachi,PAN,Panama,Chiriqui,,Physician,7275dbe6-7416-4352-b2d9-ebf3d580cc0d
Universidad Interamericana De Panamá Facultad De Ciencias De La Salud,PAN,Panama,Panama,,Physician,7275dbe6-7416-4352-b2d9-ebf3d580cc0d
"Faculty Of Medicine ""San Fernando"" Of The Universidad Nacional Mayor De San Marcos, Lima",PER,Peru,Lima,,Physician,7275dbe6-7416-4352-b2d9-ebf3d580cc0d
"Faculty Of Medicine ""Alberto Hurtado"" Of The Universidad Peruana Cayetano Heredia, Lima",PER,Peru,Lima,,Physician,7275dbe6-7416-4352-b2d9-ebf3d580cc0d
"Faculty Of Medicine Of Universidad Nacional De San Agustin, Arequipa",PER,Peru,Lima,,Physician,7275dbe6-7416-4352-b2d9-ebf3d580cc0d
"Faculty Of Medicine ""Hipólito Unanue"" Of The Universidad Nacional Federico Villarreal, Lima",PER,Peru,Lima,,Physician,7275dbe6-7416-4352-b2d9-ebf3d580cc0d
"Faculty Of Medicine Of Universidad San Martín De Porres, Lima",PER,Peru,Lima,,Physician,7275dbe6-7416-4352-b2d9-ebf3d580cc0d
"Faculty Of Medicine Of Universidad Catolica De Santa Maria, Arequipa",PER,Peru,Arequipa,UCSM,Physician,7275dbe6-7416-4352-b2d9-ebf3d580cc0d
"Faculty Of Medicine Of Scientific University Of The South, Lima - Cientifica Del Sur",PER,Peru,Lima,,Physician,7275dbe6-7416-4352-b2d9-ebf3d580cc0d
"Faculty Of Medicine Of Universidad Nacional De Trujillo, Trujillo",PER,Peru,Trujillo,,Physician,7275dbe6-7416-4352-b2d9-ebf3d580cc0d
"Faculty Of Medicine Of Universidad Cesar Vallejo, Trujillo (Ucv)",PER,Peru,Trujillo,UCV,Physician,7275dbe6-7416-4352-b2d9-ebf3d580cc0d
"Faculty Of Medicine Of Universidad Particular De Chiclayo, Lambayeque",PER,Peru,Chiclayo,,Physician,7275dbe6-7416-4352-b2d9-ebf3d580cc0d
"Faculty Of Medicine Of Universidad Nacional Del Altiplano, Puno",PER,Peru,Ácora,,Physician,7275dbe6-7416-4352-b2d9-ebf3d580cc0d
Universidad Peruana Los Andes,PER,Peru,Junin,UPLA,Physician,7275dbe6-7416-4352-b2d9-ebf3d580cc0d
"Faculty Of Medicine Of Universidad Privada San Juan Bautista, Lima",PER,Peru,Lima,,Physician,7275dbe6-7416-4352-b2d9-ebf3d580cc0d
"Faculty Of Medicine Of Universidad Ricardo Palma, Lima",PER,Peru,Lima,,Physician,7275dbe6-7416-4352-b2d9-ebf3d580cc0d
"Universidad 'San Luis Gonzaga' De Ica Facultad De Medicina Humana ""Daniel Alcides Carrion""",PER,Peru,Lima,,Physician,7275dbe6-7416-4352-b2d9-ebf3d580cc0d
Universidad Científica Del Sur Facultad De Medicina Humana,PER,Peru,Southern,,Physician,7275dbe6-7416-4352-b2d9-ebf3d580cc0d
Universidad Privada Antenor Orrego Facultad De Medicina Humana (Upao),PER,Peru,Trujillo,UPAO,Physician,7275dbe6-7416-4352-b2d9-ebf3d580cc0d
Universidad Peruana De Ciencias Aplicadas (Upc) Escuela De Medicina,PER,Peru,Lima,UPC,Physician,7275dbe6-7416-4352-b2d9-ebf3d580cc0d
Universidad Nacional De Cajamarca Facultad De Medicina Humana,PER,Peru,Cajamarca,UNC,Physician,7275dbe6-7416-4352-b2d9-ebf3d580cc0d
Universidad Nacional Técnica De Cajamarca Facultad De Medicina,PER,Peru,Cajamarca,,Physician,7275dbe6-7416-4352-b2d9-ebf3d580cc0d
Universidad Andina Del Cusco (Uac),PER,Peru,Cusco,UAC,Physician,7275dbe6-7416-4352-b2d9-ebf3d580cc0d
Universidad Nacional San Antonio Abad Del Cusco Facultad De Medicina Humana (Unsaac),PER,Peru,Southeastern,,Physician,7275dbe6-7416-4352-b2d9-ebf3d580cc0d
Universidad Nacional Jorge Basadre Grohmann Facultad De Ciencias De La Salud (Unjbg),PER,Peru,Tacna,,Physician,7275dbe6-7416-4352-b2d9-ebf3d580cc0d
Universidad Nacional De Piura Facultad De Medicina Humana,PER,Peru,Piura,,Physician,7275dbe6-7416-4352-b2d9-ebf3d580cc0d
Universidad Nacional De La Amazonía Peruana Facultad De Medicina Humana (Unap),PER,Peru,Amazonia,,Physician,7275dbe6-7416-4352-b2d9-ebf3d580cc0d
Universidad Católica Santo Toribio De Mogrovejo (Usat),PER,Peru,Lambayeque,USAT,Physician,7275dbe6-7416-4352-b2d9-ebf3d580cc0d
Universidad Católica Santo Toribio De Mogrovejo (Usat),PER,Peru,Lambayeque,USAT,Physician,7275dbe6-7416-4352-b2d9-ebf3d580cc0d
Universidad Maria Serrana,PGY,Paraguay,East city,,Physician,7275dbe6-7416-4352-b2d9-ebf3d580cc0d
Adventist University Of The Philippines College Of Medicine,PHL,Philippines,Cavite,,Physician,7275dbe6-7416-4352-b2d9-ebf3d580cc0d
Ama Computer College,PHL,Philippines,Cebu,AMA,Physician,7275dbe6-7416-4352-b2d9-ebf3d580cc0d
Angeles University Foundation,PHL,Philippines,Pampanga,,Physician,7275dbe6-7416-4352-b2d9-ebf3d580cc0d
Ateneo De Zamboanga University,PHL,Philippines,Zamboanga,,Physician,7275dbe6-7416-4352-b2d9-ebf3d580cc0d
Ateneo School Of Medicine And Public Health,PHL,Philippines,Ortigas Avenue,,Physician,7275dbe6-7416-4352-b2d9-ebf3d580cc0d
Baguio Central University,PHL,Philippines,Northern Luzan,,Physician,7275dbe6-7416-4352-b2d9-ebf3d580cc0d
Bicol Christian College Of Medicine,PHL,Philippines,Albay,,Physician,7275dbe6-7416-4352-b2d9-ebf3d580cc0d
Bicol University,PHL,Philippines,Albay,,Physician,7275dbe6-7416-4352-b2d9-ebf3d580cc0d
Cagayan State University,PHL,Philippines,Cagayan Valley,,Physician,7275dbe6-7416-4352-b2d9-ebf3d580cc0d
Cebu Doctors' University,PHL,Philippines,Cebu,,Physician,7275dbe6-7416-4352-b2d9-ebf3d580cc0d
Cebu Institute Of Medicine,PHL,Philippines,Cebu,,Physician,7275dbe6-7416-4352-b2d9-ebf3d580cc0d
Central Philippine University,PHL,Philippines,Iloilo,,Physician,7275dbe6-7416-4352-b2d9-ebf3d580cc0d
Davao Medical School Foundation,PHL,Philippines,Mindanao,,Physician,7275dbe6-7416-4352-b2d9-ebf3d580cc0d
De La Salle Health Sciences Institute - College Of Medicine,PHL,Philippines,Cavite,,Physician,7275dbe6-7416-4352-b2d9-ebf3d580cc0d
Divine Word University Of Tacloban,PHL,Philippines,Tacloban,DWU,Physician,7275dbe6-7416-4352-b2d9-ebf3d580cc0d
Emilio Aguinaldo College - College Of Medicine,PHL,Philippines,Manila,EAC,Physician,7275dbe6-7416-4352-b2d9-ebf3d580cc0d
Far Eastern University – Nicanor Reyes Medical Foundation,PHL,Philippines,Manila,FEU,Physician,7275dbe6-7416-4352-b2d9-ebf3d580cc0d
Iloilo Doctors' College Of Medicine,PHL,Philippines,Iloilo,,Physician,7275dbe6-7416-4352-b2d9-ebf3d580cc0d
Lyceum-Northwestern University,PHL,Philippines,Northwestern,,Physician,7275dbe6-7416-4352-b2d9-ebf3d580cc0d
Manila Central University Filemon D. Tanchoco Foundation,PHL,Philippines,Manila,MCU,Physician,7275dbe6-7416-4352-b2d9-ebf3d580cc0d
Mindanao State University,PHL,Philippines,Mindanao,,Physician,7275dbe6-7416-4352-b2d9-ebf3d580cc0d
New Era University,PHL,Philippines,Manila,NEU,Physician,7275dbe6-7416-4352-b2d9-ebf3d580cc0d
Our Lady Of Fatima University - College Of Medicine,PHL,Philippines,Nueva Ecija,,Physician,7275dbe6-7416-4352-b2d9-ebf3d580cc0d
Palawan State University - College Of Medicine,PHL,Philippines,Palawan,,Physician,7275dbe6-7416-4352-b2d9-ebf3d580cc0d
Pamantasan Ng Lungsod Ng Maynila - College Of Medicine,PHL,Philippines,Manila,PLM,Physician,7275dbe6-7416-4352-b2d9-ebf3d580cc0d
Philippine Muslim-Christian College,PHL,Philippines,Manila,,Physician,7275dbe6-7416-4352-b2d9-ebf3d580cc0d
Remedios T. Romualdez Foundation,PHL,Philippines,Caraga,,Physician,7275dbe6-7416-4352-b2d9-ebf3d580cc0d
San Beda College Of Medicine,PHL,Philippines,Manila,,Physician,7275dbe6-7416-4352-b2d9-ebf3d580cc0d
Silliman University Medical School,PHL,Philippines,Negros Oriental,,Physician,7275dbe6-7416-4352-b2d9-ebf3d580cc0d
Southwestern University - College Of Medicine,PHL,Philippines,Southwestern,,Physician,7275dbe6-7416-4352-b2d9-ebf3d580cc0d
"Saint Louis University, Baguio City International College Of Medicine",PHL,Philippines,Benguet,SLU,Physician,7275dbe6-7416-4352-b2d9-ebf3d580cc0d
"St. Luke'S College Of Medicine, William H. Quasha Memorial",PHL,Philippines,Manila,,Physician,7275dbe6-7416-4352-b2d9-ebf3d580cc0d
St. Paul University Philippines - School Of Medicine,PHL,Philippines,Tuguegarao,SPUP,Physician,7275dbe6-7416-4352-b2d9-ebf3d580cc0d
University Of Cebu,PHL,Philippines,Cebu,,Physician,7275dbe6-7416-4352-b2d9-ebf3d580cc0d
University Of Northern Philippines,PHL,Philippines,Northern,,Physician,7275dbe6-7416-4352-b2d9-ebf3d580cc0d
University Of Perpetual Help System College Of Medicine,PHL,Philippines,Manila,,Physician,7275dbe6-7416-4352-b2d9-ebf3d580cc0d
University Of Saint La Salle,PHL,Philippines,La Salle,USLS,Physician,7275dbe6-7416-4352-b2d9-ebf3d580cc0d
University Of Santo Tomas Faculty Of Medicine And Surgery,PHL,Philippines,Manila,UST,Physician,7275dbe6-7416-4352-b2d9-ebf3d580cc0d
University Of The East Ramon Magsaysay Memorial Medical Center (Uermmmc),PHL,Philippines,Manila,,Physician,7275dbe6-7416-4352-b2d9-ebf3d580cc0d
University Of The Philippines College Of Medicine,PHL,Philippines,Manila,,Physician,7275dbe6-7416-4352-b2d9-ebf3d580cc0d
University Of The Philippines School Of Health Sciences In Leyte,PHL,Philippines,Manila,,Physician,7275dbe6-7416-4352-b2d9-ebf3d580cc0d
University Of The Visayas Gullas College Of Medicine,PHL,Philippines,Cebu,,Physician,7275dbe6-7416-4352-b2d9-ebf3d580cc0d
Virgen Milagrosa University Foundation,PHL,Philippines,Pangasinan,VMUF,Physician,7275dbe6-7416-4352-b2d9-ebf3d580cc0d
West Visayas State University,PHL,Philippines,Iloilo,,Physician,7275dbe6-7416-4352-b2d9-ebf3d580cc0d
Xavier University – Ateneo De Cagayan Dr. Jose P. Rizal School Of Medicine,PHL,Philippines,Negros Oriental,,Physician,7275dbe6-7416-4352-b2d9-ebf3d580cc0d
Davao Medical School Foundation College Of Medicine,PHL,Philippines,Manila,,Physician,7275dbe6-7416-4352-b2d9-ebf3d580cc0d
Ama School Of Medicine,PHL,Philippines,Cebu,,Physician,7275dbe6-7416-4352-b2d9-ebf3d580cc0d
Southwestern University-Matias H. Aznar Memorial College Of Medicine (Swu-Mham),PHL,Philippines,Southwestern,,Physician,7275dbe6-7416-4352-b2d9-ebf3d580cc0d
Southwestern University School Of Medicine,PHL,Philippines,Southwestern,,Physician,7275dbe6-7416-4352-b2d9-ebf3d580cc0d
Jagiellonian University Medical College (Collegium Medicum Uniwersytetu Jagiellonskiego),POL,Poland,Krakow,,Physician,7275dbe6-7416-4352-b2d9-ebf3d580cc0d
Medical University Of Białystok (Uniwersytet Medyczny W Białymstoku),POL,Poland,Northeastern,,Physician,7275dbe6-7416-4352-b2d9-ebf3d580cc0d
Collegium Medicum In Bydgoszcz Of The Nicolaus Copernicus University Of Toruń (Collegium Medicum W Bydgoszczy Uniwersytetu Mikołaja Kopernika W Toruniu),POL,Poland,Northeastern,,Physician,7275dbe6-7416-4352-b2d9-ebf3d580cc0d
Medical University Of Gdansk,POL,Poland,Baltic Sea,,Physician,7275dbe6-7416-4352-b2d9-ebf3d580cc0d
Medical University Of Silesia,POL,Poland,Silesia,,Physician,7275dbe6-7416-4352-b2d9-ebf3d580cc0d
Medical University Of Lublin (Uniwersytet Medyczny W Lublinie),POL,Poland,Lublin,,Physician,7275dbe6-7416-4352-b2d9-ebf3d580cc0d
Medical University Of Łódź (Uniwersytet Medyczny W Łodzi),POL,Poland,Lodz,,Physician,7275dbe6-7416-4352-b2d9-ebf3d580cc0d
Poznań University Of Medical Sciences (Uniwersytet Medyczny W Poznaniu),POL,Poland,Western,,Physician,7275dbe6-7416-4352-b2d9-ebf3d580cc0d
Pomeranian Medical University In Szczecin (Pomorski Uniwersytet Medyczny W Szczecinie),POL,Poland,Szczecin,,Physician,7275dbe6-7416-4352-b2d9-ebf3d580cc0d
Medical University Of Warsaw (Warszawski Uniwersytet Medyczny),POL,Poland,Warsaw,,Physician,7275dbe6-7416-4352-b2d9-ebf3d580cc0d
Faculty Of Medical Sciences Of The University Of Warmia And Mazury In Olsztyn (Wydział Nauk Medycznych Uniwersytetu Warmińsko-Mazurskiego W Olsztynie),POL,Poland,Warmia,UWM,Physician,7275dbe6-7416-4352-b2d9-ebf3d580cc0d
Wroclaw Medical University,POL,Poland,Silesia,,Physician,7275dbe6-7416-4352-b2d9-ebf3d580cc0d
"University Of Algarve, Biomedical Sciences And Medicine Department (Universidade Do Algarve, Departamento De Ciências Biomédicas E Medicina)",PRT,Portugal,southern,,Physician,7275dbe6-7416-4352-b2d9-ebf3d580cc0d
"University Of Beira Interior, Faculty Of Health Sciences (Universidade Da Beira Interior, Faculdade De Ciências Da Saúde)",PRT,Portugal,Centro,,Physician,7275dbe6-7416-4352-b2d9-ebf3d580cc0d
"University Of Coimbra, Faculty Of Medicine (Universidade De Coimbra, Faculdade De Medicina)",PRT,Portugal,Coimbra,,Physician,7275dbe6-7416-4352-b2d9-ebf3d580cc0d
"University Of Lisbon, Faculty Of Medicine (Universidade De Lisboa, Faculdade De Medicina)",PRT,Portugal,Lisbon,,Physician,7275dbe6-7416-4352-b2d9-ebf3d580cc0d
"University Of Minho, School Of Health Sciences (Universidade Do Minho, Escola De Ciências Da Saúde)",PRT,Portugal,Minho,,Physician,7275dbe6-7416-4352-b2d9-ebf3d580cc0d
"University Of Porto, Faculty Of Medicine (Universidade Do Porto, Faculdade De Medicina - Fmup)",PRT,Portugal,Porto,,Physician,7275dbe6-7416-4352-b2d9-ebf3d580cc0d
"University Of Porto, Institute Of Biomedical Sciences Abel Salazar (Universidade Do Porto, Instituto De Ciências Biomédicas Abel Salazar)",PRT,Portugal,Porto,,Physician,7275dbe6-7416-4352-b2d9-ebf3d580cc0d
Universidade Do Porto Faculdade De Medicina,PRT,Portugal,Porto,,Physician,7275dbe6-7416-4352-b2d9-ebf3d580cc0d
Universidade Nova De Lisboa Faculdade De Ciências Médicas,PRT,Portugal,Lisbon,,Physician,7275dbe6-7416-4352-b2d9-ebf3d580cc0d
Universidade Nova De Lisboa Faculdade De Ciências Médicas,PRT,Portugal,Lisbon,,Physician,7275dbe6-7416-4352-b2d9-ebf3d580cc0d
Universidad Politécnica Y Artística (Upap),PRY,Paraguay,Mato Grosso,UPAP,Physician,7275dbe6-7416-4352-b2d9-ebf3d580cc0d
Universidad Sudamericana,PRY,Paraguay,Mato Grosso,,Physician,7275dbe6-7416-4352-b2d9-ebf3d580cc0d
"Universidad Nacional De Asunción, Facultad De Ciencias Medicas, Asunción",PRY,Paraguay,Guairá,UNA,Physician,7275dbe6-7416-4352-b2d9-ebf3d580cc0d
"Universidad Catolica ""Nuestra Senora De La Asunción"", Villarrica.",PRY,Paraguay,Guairá,,Physician,7275dbe6-7416-4352-b2d9-ebf3d580cc0d
"Universidad Nacional De Itapua, Facultad De Medicina, Encarnacion",PRY,Paraguay,Southern,,Physician,7275dbe6-7416-4352-b2d9-ebf3d580cc0d
"Universidad Católica Nuestra Señora De La Asunción Facultad De Ciencias De La Salud, Asunción",PRY,Paraguay,Asuncion,,Physician,7275dbe6-7416-4352-b2d9-ebf3d580cc0d
"Universidad Católica Nuestra Señora De La Asunción Facultad De Ciencias De La Salud, Guairá",PRY,Paraguay,Asuncion,,Physician,7275dbe6-7416-4352-b2d9-ebf3d580cc0d
Universidad Del Norte Facultad De Medicina (Uninorte),PRY,Paraguay,Caribbean,,Physician,7275dbe6-7416-4352-b2d9-ebf3d580cc0d
Universidad Del Pacífico Privada Facultad De Medicina,PRY,Paraguay,Caribbean,UP,Physician,7275dbe6-7416-4352-b2d9-ebf3d580cc0d
Universidad Nacional De Asunción Facultad De Medicina,PRY,Paraguay,Central Paraguay,,Physician,7275dbe6-7416-4352-b2d9-ebf3d580cc0d
Universidad Nacional De Itapúa Facultad De Medicina,PRY,Paraguay,Southern,,Physician,7275dbe6-7416-4352-b2d9-ebf3d580cc0d
Universidad Nacional Del Este Facultad De Ciencias De La Salud,PRY,Paraguay,Southern,,Physician,7275dbe6-7416-4352-b2d9-ebf3d580cc0d
Universidad Privada Del Este,PRY,Paraguay,Southern,,Physician,7275dbe6-7416-4352-b2d9-ebf3d580cc0d
Universidad María Auxiliadora (Umax) Facultad De Medicina,PRY,Paraguay,Central Paraguay,UMAX,Physician,7275dbe6-7416-4352-b2d9-ebf3d580cc0d
Universidad Central Del Paraguay,PRY,Paraguay,Central Paraguay,,Physician,7275dbe6-7416-4352-b2d9-ebf3d580cc0d
Universidad Internacional Tres Fronteras (Uninter),PRY,Paraguay,Central Paraguay,,Physician,7275dbe6-7416-4352-b2d9-ebf3d580cc0d
Islamic University Of Gaza,PSE,Palestine,Gaza,,Physician,7275dbe6-7416-4352-b2d9-ebf3d580cc0d
An-Najah National University,PSE,Palestine,MENA,,Physician,7275dbe6-7416-4352-b2d9-ebf3d580cc0d
Al-Quds Univeristy Faculty Of Medicine,PSE,Palestine,Central West Bank,,Physician,7275dbe6-7416-4352-b2d9-ebf3d580cc0d
Weill Cornell Medical College In Qatar,QAT,Qatar,Doha,,Physician,7275dbe6-7416-4352-b2d9-ebf3d580cc0d
"University Of Medicine And Pharmacy ""Carol Davila"", Bucharest (Universitatea De Medicina Si Farmacie Carol Davila)",ROU,Romania,Galati,,Physician,7275dbe6-7416-4352-b2d9-ebf3d580cc0d
"University Of Medicine And Pharmacy ""Dunarea De Jos"" Din Galati (Universitatea 'Dunarea De Jos' Din Galati Facultatea De Medicina Si Farmacie)",ROU,Romania,Galati,,Physician,7275dbe6-7416-4352-b2d9-ebf3d580cc0d
"University Of Medicine And Pharmacy ""Iuliu Hatieganu"", Cluj-Napoca (Universităţii De Medicină Şi Farmacie Iuliu Hatieganu)",ROU,Romania,Galati,,Physician,7275dbe6-7416-4352-b2d9-ebf3d580cc0d
University Of Oradea (Universitatea Din Oradea),ROU,Romania,north-western Romania,,Physician,7275dbe6-7416-4352-b2d9-ebf3d580cc0d
"University Of Medicine And Pharmacy ""Grigore T. Popa"", Iași (Universitatea Grigore T. Popa De Medicină Şi Farmacie Din Iaşi)",ROU,Romania,Iasi,,Physician,7275dbe6-7416-4352-b2d9-ebf3d580cc0d
"Victor Babeş University Of Medicine And Pharmacy, Timişoara (Universitatea De Medicină Şi Farmacie ""Victor Babeş"" Timişoara)",ROU,Romania,Hamedan,,Physician,7275dbe6-7416-4352-b2d9-ebf3d580cc0d
Transylvania University Of Brașov- Faculty Of Medicine (Universitatea Transilvania Din Brașov – Facultatea De Medicina),ROU,Romania,Brașov,,Physician,7275dbe6-7416-4352-b2d9-ebf3d580cc0d
University Of Medicine And Pharmacy Of Târgu Mureş (Universitatea De Medicină Şi Farmacie Din Târgu-Mureş),ROU,Romania,Târgu Mureș,,Physician,7275dbe6-7416-4352-b2d9-ebf3d580cc0d
"University Of Medicine And Pharmacy Of Craiova (""Universitatea De Medicină Şi Farmacie Din Craiova"")",ROU,Romania,south-western,,Physician,7275dbe6-7416-4352-b2d9-ebf3d580cc0d
"Lucian Blaga University Of Sibiu (Universitatea ""Lucian Blaga"" Din Sibiu)",ROU,Romania,south-western,,Physician,7275dbe6-7416-4352-b2d9-ebf3d580cc0d
"Ovidius University, Constanța (Universitatea Ovidius Constanța – Prima Pagina)",ROU,Romania,south-western,,Physician,7275dbe6-7416-4352-b2d9-ebf3d580cc0d
Vasile Goldiş West University Of Arad,ROU,Romania,south-western,,Physician,7275dbe6-7416-4352-b2d9-ebf3d580cc0d
Universitatea De Medicina Si Farmacie Grigore T. Popa,ROU,Romania,south-western,,Physician,7275dbe6-7416-4352-b2d9-ebf3d580cc0d
Universitatea Lucian Blaga Facultatea De Medicina 'Victor Papilian',ROU,Romania,south-western,,Physician,7275dbe6-7416-4352-b2d9-ebf3d580cc0d
People'S Friendship University Of Russia Faculty Of Medicine,RUS,Russia,South-West,RUDN,Physician,7275dbe6-7416-4352-b2d9-ebf3d580cc0d
Russian National Research Medical University Named After N.I. Pirogov,RUS,Russia,Moscow,,Physician,7275dbe6-7416-4352-b2d9-ebf3d580cc0d
Volgograd State Medical University,RUS,Russia,southern,,Physician,7275dbe6-7416-4352-b2d9-ebf3d580cc0d
Kursk State Medical University,RUS,Russia,Kursk,,Physician,7275dbe6-7416-4352-b2d9-ebf3d580cc0d
Medical Institute Of Tambov State University Named After G. R. Derzhavin,RUS,Russia,Derzhavin Tambov,,Physician,7275dbe6-7416-4352-b2d9-ebf3d580cc0d
First Moscow State Medical University Named After I. M. Sechenov (Fmsmu),RUS,Russia,Moscow,,Physician,7275dbe6-7416-4352-b2d9-ebf3d580cc0d
Astrakhan State Medical University,RUS,Russia,Astrakhan,,Physician,7275dbe6-7416-4352-b2d9-ebf3d580cc0d
Tula State University Medical Institute,RUS,Russia,Tula,,Physician,7275dbe6-7416-4352-b2d9-ebf3d580cc0d
Nizhni Novgorod State Medical Academy,RUS,Russia,Volga,,Physician,7275dbe6-7416-4352-b2d9-ebf3d580cc0d
Altai State Medical University,RUS,Russia,Altai,,Physician,7275dbe6-7416-4352-b2d9-ebf3d580cc0d
Siberian State Medical University,RUS,Russia,Siberian,,Physician,7275dbe6-7416-4352-b2d9-ebf3d580cc0d
Kazan State Medical University,RUS,Russia,Kazan,,Physician,7275dbe6-7416-4352-b2d9-ebf3d580cc0d
Northern State Medical University,RUS,Russia,Northern,,Physician,7275dbe6-7416-4352-b2d9-ebf3d580cc0d
Rostov State Medical University,RUS,Russia,southern,,Physician,7275dbe6-7416-4352-b2d9-ebf3d580cc0d
Ivanovo State Medical Academy,RUS,Russia,Central,,Physician,7275dbe6-7416-4352-b2d9-ebf3d580cc0d
Saratov State Medical University Named After V. I. Razumovsky,RUS,Russia,Volga,,Physician,7275dbe6-7416-4352-b2d9-ebf3d580cc0d
Voronezh State Medical University Named After N. N. Burdenko,RUS,Russia,Voronezh,,Physician,7275dbe6-7416-4352-b2d9-ebf3d580cc0d
"King Abdulaziz University, Jeddah",SAU,Saudi Arabia,Mecca,KAU,Physician,7275dbe6-7416-4352-b2d9-ebf3d580cc0d
"King Abdulaziz University, Jizan",SAU,Saudi Arabia,Jazan,,Physician,7275dbe6-7416-4352-b2d9-ebf3d580cc0d
King Saud Bin Abdulaziz University For Health Sciences College Of Medicine,SAU,Saudi Arabia,Hejaz,,Physician,7275dbe6-7416-4352-b2d9-ebf3d580cc0d
Alfaisal University College Of Medicine,SAU,Saudi Arabia,Riyadh,,Physician,7275dbe6-7416-4352-b2d9-ebf3d580cc0d
University Of Dammam College Of Medicine,SAU,Saudi Arabia,Eastern,IAU,Physician,7275dbe6-7416-4352-b2d9-ebf3d580cc0d
Qassim University College Of Medicine,SAU,Saudi Arabia,Qassim,,Physician,7275dbe6-7416-4352-b2d9-ebf3d580cc0d
Northern Borders University College Of Medicine,SAU,Saudi Arabia,Northern,,Physician,7275dbe6-7416-4352-b2d9-ebf3d580cc0d
University Of Ha’Il College Of Medicine,SAU,Saudi Arabia,Ha'il,,Physician,7275dbe6-7416-4352-b2d9-ebf3d580cc0d
Al-Imam Muhammad Bin Saud Islamic University College Of Medicine,SAU,Saudi Arabia,Ha'il,,Physician,7275dbe6-7416-4352-b2d9-ebf3d580cc0d
Taif University College Of Medicine,SAU,Saudi Arabia,Mecca,,Physician,7275dbe6-7416-4352-b2d9-ebf3d580cc0d
King Faisal University,SAU,Saudi Arabia,Eastern,KFU,Physician,7275dbe6-7416-4352-b2d9-ebf3d580cc0d
Princess Nourah Bint Abdulrahman University College Of Medicine,SAU,Saudi Arabia,Riyadh,,Physician,7275dbe6-7416-4352-b2d9-ebf3d580cc0d
Sulaiman Alrajhi College Of Medicine,SAU,Saudi Arabia,Qassim,SRC,Physician,7275dbe6-7416-4352-b2d9-ebf3d580cc0d
Batterjee Medical College For Sciences And Technology,SAU,Saudi Arabia,Makkah,BMC,Physician,7275dbe6-7416-4352-b2d9-ebf3d580cc0d
Dar Al Uloom University College Of Medicine,SAU,Saudi Arabia,Riyadh,,Physician,7275dbe6-7416-4352-b2d9-ebf3d580cc0d
King Khalid University College Of Medicine And Health Sciences,SAU,Saudi Arabia,Asir,,Physician,7275dbe6-7416-4352-b2d9-ebf3d580cc0d
Umm Al-Qura University Faculty Of Medicine,SAU,Saudi Arabia,Mecca,,Physician,7275dbe6-7416-4352-b2d9-ebf3d580cc0d
Almaarefa Medical College,SAU,Saudi Arabia,Riyadh,,Physician,7275dbe6-7416-4352-b2d9-ebf3d580cc0d
Taibah University College Of Medicine,SAU,Saudi Arabia,Medina,,Physician,7275dbe6-7416-4352-b2d9-ebf3d580cc0d
"National University Of Singapore, Yong Loo Lin School Of Medicine",SGP,Singapore,Singapore,NUS,Physician,7275dbe6-7416-4352-b2d9-ebf3d580cc0d
Duke-Nus Graduate Medical School Singapore,SGP,Singapore,Singapore,Duke NUS,Physician,7275dbe6-7416-4352-b2d9-ebf3d580cc0d
"Nanyang Technological University,Lee Kong Chian School Of Medicine",SGP,Singapore,Singapore,,Physician,7275dbe6-7416-4352-b2d9-ebf3d580cc0d
University Of Sierra Leone College Of Medicine & Allied Health Sciences,SLE,Sierra Leone,Freetown,USL,Physician,7275dbe6-7416-4352-b2d9-ebf3d580cc0d
"Facultad De Ciencias De La Salud ""Dr. Luis Edmundo Vasquez"", Universidad Dr. José Matías Delgado",SLV,El Salvador,geographic,,Physician,7275dbe6-7416-4352-b2d9-ebf3d580cc0d
"Facultad De Medicina, Universidad De El Salvador",SLV,El Salvador,San Salvador,,Physician,7275dbe6-7416-4352-b2d9-ebf3d580cc0d
Universidad Evangelica De El Salvador,SLV,El Salvador,San Salvador,,Physician,7275dbe6-7416-4352-b2d9-ebf3d580cc0d
Universidad Salvadorena Alberto Masferrer (Usam),SLV,El Salvador,San Salvador,,Physician,7275dbe6-7416-4352-b2d9-ebf3d580cc0d
Universidad Nueva San Salvador,SLV,El Salvador,San Salvador,,Physician,7275dbe6-7416-4352-b2d9-ebf3d580cc0d
Universidad Autónoma De Santa Ana Facultad De Medicina (Unasa),SLV,El Salvador,San Salvador,UNASA,Physician,7275dbe6-7416-4352-b2d9-ebf3d580cc0d
"Université Cheikh Anta Diop Faculté De Médecine, De Pharmacie Et D'Odontologie",SNG,Singapore,Singapore,,Physician,7275dbe6-7416-4352-b2d9-ebf3d580cc0d
Amoud Medical School,SOM,Somalia,Borama,,Physician,7275dbe6-7416-4352-b2d9-ebf3d580cc0d
University Of Belgrade Faculty Of Medicine,SRB,Serbia,Belgrade,,Physician,7275dbe6-7416-4352-b2d9-ebf3d580cc0d
Universiteti I Prishtinës Fakulteti I Mjekësisë (Hasan Prishtina),SRB,Serbia,Belgrade,,Physician,7275dbe6-7416-4352-b2d9-ebf3d580cc0d
"Jesseniova Lekárska Fakulta V Martine, Univerzita Komenského (Aka Jessenius)",SVK,Slovakia,Turiec,,Physician,7275dbe6-7416-4352-b2d9-ebf3d580cc0d
Slovenská Zdravotnícka Univerzita V Bratislave,SVK,Slovakia,Bratislave,,Physician,7275dbe6-7416-4352-b2d9-ebf3d580cc0d
"Univerzita Komenského V Bratislave, Lekárska Fakulta",SVK,Slovakia,Bratislave,,Physician,7275dbe6-7416-4352-b2d9-ebf3d580cc0d
Univerzita P. J. Safárika Lekárska Fakulta,SVK,Slovakia,Eastern,,Physician,7275dbe6-7416-4352-b2d9-ebf3d580cc0d
"Univerzita Komenského V Bratislave, Lekárska Fakulta (Aka Comenius University In Bratislava Faculty Of Medicine)",SVK,Slovakia,Bratislave,,Physician,7275dbe6-7416-4352-b2d9-ebf3d580cc0d
Univerzita P. J. Safárika Lekárska Fakulta,SVK,Slovakia,Bratislave,,Physician,7275dbe6-7416-4352-b2d9-ebf3d580cc0d
University Of Ljubljana – Faculty Of Medicine,SVN,Slovenia,Ljubljana,,Physician,7275dbe6-7416-4352-b2d9-ebf3d580cc0d
University Of Maribor – Faculty Of Medicine,SVN,Slovenia,Lower Styria,,Physician,7275dbe6-7416-4352-b2d9-ebf3d580cc0d
"Gothenburg University (University Of Gothenburg, Institute Of Medicine)",SWE,Sweden,Göteborg,,Physician,7275dbe6-7416-4352-b2d9-ebf3d580cc0d
Karolinska Institutet (Karolinska Institutet),SWE,Sweden,Solna,,Physician,7275dbe6-7416-4352-b2d9-ebf3d580cc0d
"Linköping University (Linköping University, Faculty Of Medicine And Health Sciences)",SWE,Sweden,Southern,,Physician,7275dbe6-7416-4352-b2d9-ebf3d580cc0d
"Lund University (Lund University, Faculty Of Medicine)",SWE,Sweden,Eastern,,Physician,7275dbe6-7416-4352-b2d9-ebf3d580cc0d
"Umeå University (Umeå University, Faculty Of Medicine)",SWE,Sweden,mid-northern,,Physician,7275dbe6-7416-4352-b2d9-ebf3d580cc0d
Uppsala University Faculty Of Medicine,SWE,Sweden,Uppsala,,Physician,7275dbe6-7416-4352-b2d9-ebf3d580cc0d
Örebro University,SWE,Sweden,Närke,,Physician,7275dbe6-7416-4352-b2d9-ebf3d580cc0d
Göteborgs Universitet Sahlgrenska Academin,SWE,Sweden,Gothenburg,,Physician,7275dbe6-7416-4352-b2d9-ebf3d580cc0d
Örebro University,SWE,Sweden,Närke,,Physician,7275dbe6-7416-4352-b2d9-ebf3d580cc0d
University Of Örebro,SWE,Sweden,Närke,,Physician,7275dbe6-7416-4352-b2d9-ebf3d580cc0d
Chulalongkorn University Faculty Of Medicine,THA,Thailand,Bangkok,,Physician,7275dbe6-7416-4352-b2d9-ebf3d580cc0d
Siriraj Hospital Faculty Of Medicine,THA,Thailand,Bangkok,,Physician,7275dbe6-7416-4352-b2d9-ebf3d580cc0d
Mahidol University,THA,Thailand,Bangkok,,Physician,7275dbe6-7416-4352-b2d9-ebf3d580cc0d
Chiang Mai University Faculty Of Medicine,THA,Thailand,Bangkok,,Physician,7275dbe6-7416-4352-b2d9-ebf3d580cc0d
Rangsit University Faculty Of Medicine,THA,Thailand,Bangkok,,Physician,7275dbe6-7416-4352-b2d9-ebf3d580cc0d
University Of The West Indies Faculty Of Medicine (St. Augustine),TTO,Trinidad and Tobago,Caribbean,,Physician,7275dbe6-7416-4352-b2d9-ebf3d580cc0d
Faculté De Médecine De Sfax,TUN,Tunisia,Sfax,,Physician,7275dbe6-7416-4352-b2d9-ebf3d580cc0d
Faculté De Médecine Et De Pharmacie De Tunis,TUN,Tunisia,Tunis,,Physician,7275dbe6-7416-4352-b2d9-ebf3d580cc0d
Near East University Faculty Of Medicine: Wdoms,TUR,Turkey,Istanbul,,Physician,7275dbe6-7416-4352-b2d9-ebf3d580cc0d
Abant Izzet Baysal University,TUR,Turkey,Istanbul,,Physician,7275dbe6-7416-4352-b2d9-ebf3d580cc0d
Acıbadem University School Of Medicine,TUR,Turkey,Istanbul,ACU,Physician,7275dbe6-7416-4352-b2d9-ebf3d580cc0d
Adıyaman University,TUR,Turkey,Southeast Anatolia,,Physician,7275dbe6-7416-4352-b2d9-ebf3d580cc0d
Adnan Menderes University,TUR,Turkey,Aegean,,Physician,7275dbe6-7416-4352-b2d9-ebf3d580cc0d
Afyon Kocatepe University,TUR,Turkey,Afyon,,Physician,7275dbe6-7416-4352-b2d9-ebf3d580cc0d
Akdeniz Üniversitesi,TUR,Turkey,Antalya,AU,Physician,7275dbe6-7416-4352-b2d9-ebf3d580cc0d
Ankara Üniversitesi,TUR,Turkey,Central Anatolia,,Physician,7275dbe6-7416-4352-b2d9-ebf3d580cc0d
Atatürk University,TUR,Turkey,Erzurum,,Physician,7275dbe6-7416-4352-b2d9-ebf3d580cc0d
Balıkesir University,TUR,Turkey,Balıkesir,,Physician,7275dbe6-7416-4352-b2d9-ebf3d580cc0d
Başkent University,TUR,Turkey,Ankara,,Physician,7275dbe6-7416-4352-b2d9-ebf3d580cc0d
Bülent Ecevit University,TUR,Turkey,Zonguldak,,Physician,7275dbe6-7416-4352-b2d9-ebf3d580cc0d
Celal Bayar University,TUR,Turkey,Manisa,CBU,Physician,7275dbe6-7416-4352-b2d9-ebf3d580cc0d
Cumhuriyet University,TUR,Turkey,Sivas,,Physician,7275dbe6-7416-4352-b2d9-ebf3d580cc0d
Çanakkale Onsekiz Mart University,TUR,Turkey,Dardannelles,COMU,Physician,7275dbe6-7416-4352-b2d9-ebf3d580cc0d
Çukurova Üniversitesi,TUR,Turkey,Cilicia,,Physician,7275dbe6-7416-4352-b2d9-ebf3d580cc0d
Dicle University,TUR,Turkey,southeastern,,Physician,7275dbe6-7416-4352-b2d9-ebf3d580cc0d
Dokuz Eylul University,TUR,Turkey,Aegean,,Physician,7275dbe6-7416-4352-b2d9-ebf3d580cc0d
Dumlupınar University,TUR,Turkey,Kütahya,,Physician,7275dbe6-7416-4352-b2d9-ebf3d580cc0d
Düzce University,TUR,Turkey,East Marmara,,Physician,7275dbe6-7416-4352-b2d9-ebf3d580cc0d
Ege University,TUR,Turkey,Aegean,,Physician,7275dbe6-7416-4352-b2d9-ebf3d580cc0d
Erciyes University,TUR,Turkey,Kayseri,,Physician,7275dbe6-7416-4352-b2d9-ebf3d580cc0d
Eskişehir Osmangazi University,TUR,Turkey,Eskişehir,,Physician,7275dbe6-7416-4352-b2d9-ebf3d580cc0d
Fatih University,TUR,Turkey,Istanbul,,Physician,7275dbe6-7416-4352-b2d9-ebf3d580cc0d
Fırat University,TUR,Turkey,Elâzığ,,Physician,7275dbe6-7416-4352-b2d9-ebf3d580cc0d
Gazi Üniversitesi,TUR,Turkey,Ankara,,Physician,7275dbe6-7416-4352-b2d9-ebf3d580cc0d
University Of Gaziantep,TUR,Turkey,Ankara,,Physician,7275dbe6-7416-4352-b2d9-ebf3d580cc0d
Gaziosmanpaşa University,TUR,Turkey,İstanbul,,Physician,7275dbe6-7416-4352-b2d9-ebf3d580cc0d
Gülhane Military Medical Academy,TUR,Turkey,İstanbul,,Physician,7275dbe6-7416-4352-b2d9-ebf3d580cc0d
Hacettepe University,TUR,Turkey,İstanbul,,Physician,7275dbe6-7416-4352-b2d9-ebf3d580cc0d
İNönü University,TUR,Turkey,İstanbul,,Physician,7275dbe6-7416-4352-b2d9-ebf3d580cc0d
Istanbul Bilim University,TUR,Turkey,İstanbul,,Physician,7275dbe6-7416-4352-b2d9-ebf3d580cc0d
Istanbul Medipol University,TUR,Turkey,İstanbul,,Physician,7275dbe6-7416-4352-b2d9-ebf3d580cc0d
Istanbul University Istanbul Medical Faculty,TUR,Turkey,İstanbul,,Physician,7275dbe6-7416-4352-b2d9-ebf3d580cc0d
Istanbul University Cerrahpaşa Medical Faculty,TUR,Turkey,İstanbul,,Physician,7275dbe6-7416-4352-b2d9-ebf3d580cc0d
Karadeniz Technical University,TUR,Turkey,Black Sea,,Physician,7275dbe6-7416-4352-b2d9-ebf3d580cc0d
Kırıkkale University (King Khalid University),TUR,Turkey,Kırıkkale,,Physician,7275dbe6-7416-4352-b2d9-ebf3d580cc0d
Kocaeli University,TUR,Turkey,East Marmara,,Physician,7275dbe6-7416-4352-b2d9-ebf3d580cc0d
Koç University,TUR,Turkey,İstanbul,,Physician,7275dbe6-7416-4352-b2d9-ebf3d580cc0d
Maltepe University,TUR,Turkey,İstanbul,,Physician,7275dbe6-7416-4352-b2d9-ebf3d580cc0d
Marmara University (Eastern Mediterranian University Joint Program),TUR,Turkey,İstanbul,,Physician,7275dbe6-7416-4352-b2d9-ebf3d580cc0d
Mersin University,TUR,Turkey,Mersin,,Physician,7275dbe6-7416-4352-b2d9-ebf3d580cc0d
Mevlana University,TUR,Turkey,Selçuklu,,Physician,7275dbe6-7416-4352-b2d9-ebf3d580cc0d
Mustafa Kemal University,TUR,Turkey,Hatay,MKU,Physician,7275dbe6-7416-4352-b2d9-ebf3d580cc0d
Stellenbosch,TUR,Turkey,Western Cape,,Physician,7275dbe6-7416-4352-b2d9-ebf3d580cc0d
Ondokuz Mayıs University,TUR,Turkey,Ondokuz,OMU,Physician,7275dbe6-7416-4352-b2d9-ebf3d580cc0d
Pamukkale Üniversitesi,TUR,Turkey,Denizli,PAU,Physician,7275dbe6-7416-4352-b2d9-ebf3d580cc0d
Selçuk University,TUR,Turkey,Aegean,,Physician,7275dbe6-7416-4352-b2d9-ebf3d580cc0d
Süleyman Demirel Üniversitesi,TUR,Turkey,Aegean,SDU,Physician,7275dbe6-7416-4352-b2d9-ebf3d580cc0d
Trakya University,TUR,Turkey,Thrace,,Physician,7275dbe6-7416-4352-b2d9-ebf3d580cc0d
Ufuk University,TUR,Turkey,Ankara,,Physician,7275dbe6-7416-4352-b2d9-ebf3d580cc0d
Uludağ Üniversitesi,TUR,Turkey,Ankara,,Physician,7275dbe6-7416-4352-b2d9-ebf3d580cc0d
Van Yüzüncü Yıl Üniversitesi,TUR,Turkey,Van,,Physician,7275dbe6-7416-4352-b2d9-ebf3d580cc0d
Yeditepe University,TUR,Turkey,İstanbul,,Physician,7275dbe6-7416-4352-b2d9-ebf3d580cc0d
Yıldırım Beyazit Universitesi,TUR,Turkey,İstanbul,,Physician,7275dbe6-7416-4352-b2d9-ebf3d580cc0d
"Istanbul Üniversitesi, Cerrahpasa Tip Fakültesi",TUR,Turkey,İstanbul,,Physician,7275dbe6-7416-4352-b2d9-ebf3d580cc0d
Acibadem Üniversitesi Tip Fakültesi,TUR,Turkey,İstanbul,ACU,Physician,7275dbe6-7416-4352-b2d9-ebf3d580cc0d
Düzce Üniversitesi Tip Fakültesi,TUR,Turkey,Düzce,,Physician,7275dbe6-7416-4352-b2d9-ebf3d580cc0d
Namik Kemal Üniversitesi Tip Fakültesi,TUR,Turkey,Tekirdağ,,Physician,7275dbe6-7416-4352-b2d9-ebf3d580cc0d
Gaziosmanpasa Üniversitesi Tip Fakültesi,TUR,Turkey,Tokat,,Physician,7275dbe6-7416-4352-b2d9-ebf3d580cc0d
Recep Tayyip Erdogan Üniversitesi Tip Fakültesi,TUR,Turkey,Rize,,Physician,7275dbe6-7416-4352-b2d9-ebf3d580cc0d
Turgut Özal Üniversitesi Tip Fakültesi,TUR,Turkey,Ankara,,Physician,7275dbe6-7416-4352-b2d9-ebf3d580cc0d
Süleyman Demirel Üniversitesi Tip Fakültesi,TUR,Turkey,Aegean,,Physician,7275dbe6-7416-4352-b2d9-ebf3d580cc0d
Harran Üniversitesi Tip Fakültesi,TUR,Turkey,Aegean,,Physician,7275dbe6-7416-4352-b2d9-ebf3d580cc0d
"Selçuk Üniversitesi, Selçuklu Tip Fakültesi",TUR,Turkey,Aegean,,Physician,7275dbe6-7416-4352-b2d9-ebf3d580cc0d
Gülhane Askeri Tip Akademisi,TUR,Turkey,Ankara,,Physician,7275dbe6-7416-4352-b2d9-ebf3d580cc0d
Bülent Ecevit Üniversitesi Tip Fakültesi,TUR,Turkey,Zonguldak,,Physician,7275dbe6-7416-4352-b2d9-ebf3d580cc0d
Istanbul Medeniyet Üniversitesi Tip Fakültesi,TUR,Turkey,İstanbul,,Physician,7275dbe6-7416-4352-b2d9-ebf3d580cc0d
Dokuz Eylül Üniversitesi Tip Fakültesi,TUR,Turkey,İzmir,DEU,Physician,7275dbe6-7416-4352-b2d9-ebf3d580cc0d
Giresun Üniversitesi Tip Fakültesi,TUR,Turkey,İzmir,,Physician,7275dbe6-7416-4352-b2d9-ebf3d580cc0d
Bahçeşehir Üniversitesi Tip Fakültesi,TUR,Turkey,İstanbul,,Physician,7275dbe6-7416-4352-b2d9-ebf3d580cc0d
Bezmialem Vakif Üniversitesi Tip Fakültesi,TUR,Turkey,Bezmiâlem,,Physician,7275dbe6-7416-4352-b2d9-ebf3d580cc0d
Istanbul Kemerburgaz University,TUR,Turkey,İstanbul,,Physician,7275dbe6-7416-4352-b2d9-ebf3d580cc0d
"Ankara Yıldırım Beyazıt University, Faculty Of Medicine",TUR,Turkey,Ankara,,Physician,7275dbe6-7416-4352-b2d9-ebf3d580cc0d
Sağlık Bilimleri Üniversitesi,TUR,Turkey,Saglik,,Physician,7275dbe6-7416-4352-b2d9-ebf3d580cc0d
National Yang Ming University,TWN,Taiwan,Taipei,,Physician,7275dbe6-7416-4352-b2d9-ebf3d580cc0d
National Taiwan University,TWN,Taiwan,Taipei,,Physician,7275dbe6-7416-4352-b2d9-ebf3d580cc0d
National Cheng Kung University,TWN,Taiwan,Tainan,NCKU,Physician,7275dbe6-7416-4352-b2d9-ebf3d580cc0d
Fu Jen Catholic University,TWN,Taiwan,Taipei,,Physician,7275dbe6-7416-4352-b2d9-ebf3d580cc0d
National Defense Medical Center,TWN,Taiwan,Taipei,,Physician,7275dbe6-7416-4352-b2d9-ebf3d580cc0d
Chang Gung University,TWN,Taiwan,Taipei,,Physician,7275dbe6-7416-4352-b2d9-ebf3d580cc0d
Taipei Medical University,TWN,Taiwan,Taipei,,Physician,7275dbe6-7416-4352-b2d9-ebf3d580cc0d
Kaohsiung Medical University,TWN,Taiwan,Kaohsiung,,Physician,7275dbe6-7416-4352-b2d9-ebf3d580cc0d
China Medical University,TWN,Taiwan,Kaohsiung,,Physician,7275dbe6-7416-4352-b2d9-ebf3d580cc0d
Tzu Chi University,TWN,Taiwan,Hualien,TCU,Physician,7275dbe6-7416-4352-b2d9-ebf3d580cc0d
Chung Shan Medical University,TWN,Taiwan,Eastern Asia,,Physician,7275dbe6-7416-4352-b2d9-ebf3d580cc0d
Mackay Medical College,TWN,Taiwan,Taipei,MMC,Physician,7275dbe6-7416-4352-b2d9-ebf3d580cc0d
I-Shou School Of Medicine,TWN,Taiwan,Southern,ISM,Physician,7275dbe6-7416-4352-b2d9-ebf3d580cc0d
Hubert Kairuki Memorial University Faculty Of Medicine,TZA,Tanzania,Dar es Salaam,,Physician,7275dbe6-7416-4352-b2d9-ebf3d580cc0d
International Medical & Technological University College Of Medicine,TZA,Tanzania,Dar es Salaam,,Physician,7275dbe6-7416-4352-b2d9-ebf3d580cc0d
Kilimanjaro Christian Medical College,TZA,Tanzania,Kilimanjaro,,Physician,7275dbe6-7416-4352-b2d9-ebf3d580cc0d
Muhimbili University Of Health And Allied Sciences School Of Medicine,TZA,Tanzania,Dar es Salaam,MUSAH,Physician,7275dbe6-7416-4352-b2d9-ebf3d580cc0d
University Of Dodoma College Of Health Sciences,TZA,Tanzania,Central Region,UDOM,Physician,7275dbe6-7416-4352-b2d9-ebf3d580cc0d
"Weill Bugando School Of Medicine, Catholic University Of Health And Allied Sciences",TZA,Tanzania,north-western,,Physician,7275dbe6-7416-4352-b2d9-ebf3d580cc0d
Muhimbili University Of Health And Allied Sciences School Of Medicine,TZA,Tanzania,Dar es Salaam,,Physician,7275dbe6-7416-4352-b2d9-ebf3d580cc0d
Makerere University School Of Medicine,UGA,Uganda,Nkozi,MUSM,Physician,7275dbe6-7416-4352-b2d9-ebf3d580cc0d
Kampala International University Faculty Of Medicine And Dentistry,UGA,Uganda,Western,,Physician,7275dbe6-7416-4352-b2d9-ebf3d580cc0d
Odessa National Medical University,UKR,Ukraine,Odessa,,Physician,7275dbe6-7416-4352-b2d9-ebf3d580cc0d
V.N. Karazin Kharkiv National University School Of Medicine,UKR,Ukraine,Kharkiv,,Physician,7275dbe6-7416-4352-b2d9-ebf3d580cc0d
O.O. Bogomolets National Medical University,UKR,Ukraine,Kyiv,NMU,Physician,7275dbe6-7416-4352-b2d9-ebf3d580cc0d
Sumy State University Medical Institute,UKR,Ukraine,Sumy,,Physician,7275dbe6-7416-4352-b2d9-ebf3d580cc0d
Danylo Halytsky Lviv National Medical University,UKR,Ukraine,Western,,Physician,7275dbe6-7416-4352-b2d9-ebf3d580cc0d
I. Ya. Horbachevsky Ternopil State Medical University,UKR,Ukraine,Ternopil,,Physician,7275dbe6-7416-4352-b2d9-ebf3d580cc0d
Kharkiv National Medical University,UKR,Ukraine,Kharkiv,,Physician,7275dbe6-7416-4352-b2d9-ebf3d580cc0d
"Medical Academy Named After S.I. Georgievskiy, Crimean Federal University Named After V.I. Vernadsky",UKR,Ukraine,Western,,Physician,7275dbe6-7416-4352-b2d9-ebf3d580cc0d
Bukovinian State Medical University,UKR,Ukraine,Western,,Physician,7275dbe6-7416-4352-b2d9-ebf3d580cc0d
Universidade José Do Rosário Vellano (Unifenas) Faculdade De Medicina Alfenas,BRA,Brazil,Alfenas,,Physician,7275dbe6-7416-4352-b2d9-ebf3d580cc0d
Centro Latinoamericana De Economia Humana (Claeh) Facultad De Medicina,URY,Uruguay,Montevideo,,Physician,7275dbe6-7416-4352-b2d9-ebf3d580cc0d
Universidad De La República Facultad De Medicina,URY,Uruguay,Montevideo,,Physician,7275dbe6-7416-4352-b2d9-ebf3d580cc0d
St Augustine International University,UGA,Uganda,Nkozi,,Physician,7275dbe6-7416-4352-b2d9-ebf3d580cc0d
Trinity School Of Medicine,VCT,St. Vincent and the Grenadines,southern Caribbean,,Physician,7275dbe6-7416-4352-b2d9-ebf3d580cc0d
American University Of St Vincent School Of Medicine,VCT,St. Vincent and the Grenadines,southern Caribbean,,Physician,7275dbe6-7416-4352-b2d9-ebf3d580cc0d
American University Of St. Vincent School Of Medicine,VCT,St. Vincent and the Grenadines,southern Caribbean,,Physician,7275dbe6-7416-4352-b2d9-ebf3d580cc0d
All Saints University College Of Medicine,VCT,St. Vincent and the Grenadines,southern Caribbean,,Physician,7275dbe6-7416-4352-b2d9-ebf3d580cc0d
"Universidad De Oriente Escuela De Medicina, Nucleo De Bolivar",VEN,Venezuela,Bolívar,UDO,Physician,7275dbe6-7416-4352-b2d9-ebf3d580cc0d
Universidad Central De Venezuela Escuela De Medicina Jose Maria Vargas,VEN,Venezuela,Bolívar,,Physician,7275dbe6-7416-4352-b2d9-ebf3d580cc0d
Universidad Central De Venezuela Escuela De Medicina Luis Razetti,VEN,Venezuela,Bolívar,,Physician,7275dbe6-7416-4352-b2d9-ebf3d580cc0d
Universidad Centro-Occidental Lisandro Alvarado Decanato De Ciencias De La Salud,VEN,Venezuela,Lara,UCLA,Physician,7275dbe6-7416-4352-b2d9-ebf3d580cc0d
"Universidad De Carabobo Facultad De Ciencias De La Salud, Aragua",VEN,Venezuela,Aragua,,Physician,7275dbe6-7416-4352-b2d9-ebf3d580cc0d
"Universidad De Carabobo Facultad De Ciencias De La Salud, Valencia",VEN,Venezuela,Valencia,,Physician,7275dbe6-7416-4352-b2d9-ebf3d580cc0d
Universidad De Los Andes (Venezuela) Facultad De Medicina (Ula),VEN,Venezuela,Merida,ULA,Physician,7275dbe6-7416-4352-b2d9-ebf3d580cc0d
"Universidad De Oriente Escuela De Medicina, Nucleo De Anzoategui",VEN,Venezuela,Bolívar,,Physician,7275dbe6-7416-4352-b2d9-ebf3d580cc0d
Universidad Del Zulia Facultad De Medicina (Luz),VEN,Venezuela,Zulia,LUZ,Physician,7275dbe6-7416-4352-b2d9-ebf3d580cc0d
Universidad Nacional Experimental De Los Llanos Centrales Rómulo Gallegos Escuela De Medicina,VEN,Venezuela,Guarico,,Physician,7275dbe6-7416-4352-b2d9-ebf3d580cc0d
Universidad Nacional Experimental Francisco De Miranda Área De Ciencias De La Salud (Unefm),VEN,Venezuela,Falcon,,Physician,7275dbe6-7416-4352-b2d9-ebf3d580cc0d
Can Tho University Of Medicine And Pharmacy,VNM,Vietnam,Phong Dinh,,Physician,7275dbe6-7416-4352-b2d9-ebf3d580cc0d
Hai Phong University Of Medicine And Pharmacy,VNM,Vietnam,Hai Phong,,Physician,7275dbe6-7416-4352-b2d9-ebf3d580cc0d
Hanoi Medical University,VNM,Vietnam,Hà Tây,HMU,Physician,7275dbe6-7416-4352-b2d9-ebf3d580cc0d
Hue College Of Medicine And Pharmacy,VNM,Vietnam,Thua Thien Hue,,Physician,7275dbe6-7416-4352-b2d9-ebf3d580cc0d
Pham Ngoc Thach University Of Medicine,VNM,Vietnam,Hà Tây,,Physician,7275dbe6-7416-4352-b2d9-ebf3d580cc0d
Tay Nguyen University Faculty Of Medicine And Pharmacy,VNM,Vietnam,Vietnam,TNU,Physician,7275dbe6-7416-4352-b2d9-ebf3d580cc0d
Thai Nguyen University Of Medicine And Pharmacy,VNM,Vietnam,Thái Nguyên,,Physician,7275dbe6-7416-4352-b2d9-ebf3d580cc0d
Thaibinh Medical University,VNM,Vietnam,Thái Bình,,Physician,7275dbe6-7416-4352-b2d9-ebf3d580cc0d
University Of Medicine And Pharmacy Of Ho Chi Minh City,VNM,Vietnam,Ho Chi Minh,,Physician,7275dbe6-7416-4352-b2d9-ebf3d580cc0d
Vietnam Military Medical University Faculty Of Medicine,VNM,Vietnam,Bac Giang,,Physician,7275dbe6-7416-4352-b2d9-ebf3d580cc0d
Oceania University Of Medicine,WSM,Samoa,Apia,OUM,Physician,7275dbe6-7416-4352-b2d9-ebf3d580cc0d
University Of Sana'A Faculty Of Medicine And Health Sciences,YEM,Yemen,Sanaa,,Physician,7275dbe6-7416-4352-b2d9-ebf3d580cc0d
Aden University Faculty Of Medicine,YEM,Yemen,Aden,,Physician,7275dbe6-7416-4352-b2d9-ebf3d580cc0d
University Of Cape Town,ZAF,South Africa,Cape town,,Physician,7275dbe6-7416-4352-b2d9-ebf3d580cc0d
University Of The Free State,ZAF,South Africa,Orange Free,,Physician,7275dbe6-7416-4352-b2d9-ebf3d580cc0d
University Of Kwazulu-Natal,ZAF,South Africa,KwaZulu-Natal,,Physician,7275dbe6-7416-4352-b2d9-ebf3d580cc0d
Sefako Makgatho Health Sciences University,ZAF,South Africa,Gauteng,,Physician,7275dbe6-7416-4352-b2d9-ebf3d580cc0d
University Of Pretoria,ZAF,South Africa,Gauteng,,Physician,7275dbe6-7416-4352-b2d9-ebf3d580cc0d
University Of Stellenbosch,ZAF,South Africa,Western Cape,,Physician,7275dbe6-7416-4352-b2d9-ebf3d580cc0d
Walter Sisulu University,ZAF,South Africa,Eastern Cape,WSU,Physician,7275dbe6-7416-4352-b2d9-ebf3d580cc0d
University Of The Witwatersrand,ZAF,South Africa,Gauteng,,Physician,7275dbe6-7416-4352-b2d9-ebf3d580cc0d
University Of Stellenbosch Faculty Of Medicine And Health Sciences,ZAF,South Africa,Western Cape,,Physician,7275dbe6-7416-4352-b2d9-ebf3d580cc0d
State University Of Zanzibar,ZAF,South Africa,Zanzibar,,Physician,7275dbe6-7416-4352-b2d9-ebf3d580cc0d
"University Of The Western Cape, School Of Public Health",ZAF,South Africa,Western Cape,,Physician,7275dbe6-7416-4352-b2d9-ebf3d580cc0d
University Of Zambia School Of Medicine,ZMB,Zambia,Lusaka,UNZA,Physician,7275dbe6-7416-4352-b2d9-ebf3d580cc0d
Cavendish University School Of Medicine,ZMB,Zambia,Lusaka,,Physician,7275dbe6-7416-4352-b2d9-ebf3d580cc0d
University Of Zimbabwe College Of Health Sciences,ZWE,Zimbabwe,Harare,,Physician,7275dbe6-7416-4352-b2d9-ebf3d580cc0d
Saint James School Of Medicine,Bonaire (NL),Bonaire (NL),Park Ridge,,Physician,7275dbe6-7416-4352-b2d9-ebf3d580cc0d
Saint James School Of Medicine,USA,United States,Park Ridge,,Physician,7275dbe6-7416-4352-b2d9-ebf3d580cc0d
Caribbean Medical University School Of Medicine,Curacao (NL),,Caribbean,,Physician,7275dbe6-7416-4352-b2d9-ebf3d580cc0d
Aureus University School Of Medicine,ABW,Aruba,Caribbean,,Physician,7275dbe6-7416-4352-b2d9-ebf3d580cc0d
Université Cadi Ayyad Faculté De Médecine Et De Pharmacie De Marrakech,MAR,Morocco,Rabat,,Physician,7275dbe6-7416-4352-b2d9-ebf3d580cc0d
Ryazan State Ivan Petrovich Pavlov Medical University Medical Faculty,RUS,Russia,South-West,,Physician,7275dbe6-7416-4352-b2d9-ebf3d580cc0d
Ukrainian Medical Stomatological Academy,UKR,Ukraine,South-West,,Physician,7275dbe6-7416-4352-b2d9-ebf3d580cc0d
Barts And The London,GBR,United Kingdom,London,,Dentist,b8b3027e-5386-4345-b997-28af33308226
Bristol Dental School And Hospital,GBR,United Kingdom,South West,,Dentist,b8b3027e-5386-4345-b997-28af33308226
King'S College London Dental Institute,GBR,United Kingdom,London,,Dentist,b8b3027e-5386-4345-b997-28af33308226
Leeds Dental Institute,GBR,United Kingdom,Yorkshire and the Humber,,Dentist,b8b3027e-5386-4345-b997-28af33308226
Liverpool University Dental Hospital And School Of Dentistry,GBR,United Kingdom,North West England,,Dentist,b8b3027e-5386-4345-b997-28af33308226
Newcastle Dental School,GBR,United Kingdom,North East,,Dentist,b8b3027e-5386-4345-b997-28af33308226
Plymouth University,GBR,United Kingdom,Plymouth,,Dentist,b8b3027e-5386-4345-b997-28af33308226
Royal College Of Surgeons Of England,GBR,United Kingdom,North West England,,Dentist,b8b3027e-5386-4345-b997-28af33308226
University Of Birmingham,GBR,United Kingdom,West Midlands,,Dentist,b8b3027e-5386-4345-b997-28af33308226
University Of Central Lancashire (Uclan),GBR,United Kingdom,West Midlands,,Dentist,b8b3027e-5386-4345-b997-28af33308226
University Of Manchester,GBR,United Kingdom,West Midlands,,Dentist,b8b3027e-5386-4345-b997-28af33308226
University Of Sheffield,GBR,United Kingdom,West Midlands,,Dentist,b8b3027e-5386-4345-b997-28af33308226
Queen'S University Belfast,GBR,United Kingdom,Queensland,,Dentist,b8b3027e-5386-4345-b997-28af33308226
Aberdeen Dental School,GBR,United Kingdom,Scotland,,Dentist,b8b3027e-5386-4345-b997-28af33308226
Glasgow Dental Hospital And School,GBR,United Kingdom,The Glasgow City,,Dentist,b8b3027e-5386-4345-b997-28af33308226
University Of Dundee,GBR,United Kingdom,Dundee,,Dentist,b8b3027e-5386-4345-b997-28af33308226
Cardiff University,GBR,United Kingdom,South Glamorgan,,Dentist,b8b3027e-5386-4345-b997-28af33308226
University Of Dublin (Trinity College) - Dublin Dental University Hospital,IRL,Ireland,Dublin,,Dentist,b8b3027e-5386-4345-b997-28af33308226
National University Of Ireland (University College Cork),IRL,Ireland,Dublin,,Dentist,b8b3027e-5386-4345-b997-28af33308226
University Of Otago,NZL,New Zealand,Otago,,Dentist,b8b3027e-5386-4345-b997-28af33308226
Charles Sturt University,AUS,Australia,Queensland,CSU,Dentist,b8b3027e-5386-4345-b997-28af33308226
Griffith University,AUS,Australia,Queensland,,Dentist,b8b3027e-5386-4345-b997-28af33308226
James Cook University,AUS,Australia,Queensland,JCU,Dentist,b8b3027e-5386-4345-b997-28af33308226
La Trobe University,AUS,Australia,Victoria,,Dentist,b8b3027e-5386-4345-b997-28af33308226
Royal Australasian College Of Dental Surgeons (Racds),AUS,Australia,Sydney,RACDS,Dentist,b8b3027e-5386-4345-b997-28af33308226
Royal College Of Pathologists Of Australasia (Rcpa),AUS,Australia,Queensland,RCPA,Dentist,b8b3027e-5386-4345-b997-28af33308226
The University Of Western Australia,AUS,Australia,Western,,Dentist,b8b3027e-5386-4345-b997-28af33308226
Cavendish University School Of Medicine,AUS,Australia,Western,,Dentist,b8b3027e-5386-4345-b997-28af33308226
University Of Melbourne,AUS,Australia,Victoria,,Dentist,b8b3027e-5386-4345-b997-28af33308226
University Of Queensland,AUS,Australia,Queensland,,Dentist,b8b3027e-5386-4345-b997-28af33308226
University Of Sydney,AUS,Australia,Sydney,,Dentist,b8b3027e-5386-4345-b997-28af33308226
Tufts University School Of Dental Medicine,USA,United States,Midwestern,,Dentist,b8b3027e-5386-4345-b997-28af33308226
Midwestern University Cdmi,USA,United States,Midwestern,,Dentist,b8b3027e-5386-4345-b997-28af33308226
King Saud Bin Abdulaziz University For Health Sciences,SAU,Saudi Arabia,Middle East,,Dentist,b8b3027e-5386-4345-b997-28af33308226
"Tanta University, Faculty Of Dentistry",EGY,Egypt,Tanta,,Dentist,b8b3027e-5386-4345-b997-28af33308226
"Bangor University (Formerly University Of Wales, Bangor)",GBR,United Kingdom,Wales,,Other HCP - Psychologist,e97c41fb-de10-4f72-8a14-8a4b110c2293
British Psychological Society,GBR,United Kingdom,Wales,BPS,Other HCP - Psychologist,e97c41fb-de10-4f72-8a14-8a4b110c2293
Canterbury Christ Church University,GBR,United Kingdom,Canterbury,,Other HCP - Psychologist,e97c41fb-de10-4f72-8a14-8a4b110c2293
Cardiff Metropolitan University,GBR,United Kingdom,South Glamorgan,,Other HCP - Psychologist,e97c41fb-de10-4f72-8a14-8a4b110c2293
Cardiff University,GBR,United Kingdom,South Glamorgan,,Other HCP - Psychologist,e97c41fb-de10-4f72-8a14-8a4b110c2293
"City, University Of London",GBR,United Kingdom,London,,Other HCP - Psychologist,e97c41fb-de10-4f72-8a14-8a4b110c2293
Glasgow Caledonian University,GBR,United Kingdom,The Glasgow City,,Other HCP - Psychologist,e97c41fb-de10-4f72-8a14-8a4b110c2293
King'S College London,GBR,United Kingdom,London,,Other HCP - Psychologist,e97c41fb-de10-4f72-8a14-8a4b110c2293
London Metropolitan University,GBR,United Kingdom,London,,Other HCP - Psychologist,e97c41fb-de10-4f72-8a14-8a4b110c2293
Metanoia Institute,GBR,United Kingdom,London,,Other HCP - Psychologist,e97c41fb-de10-4f72-8a14-8a4b110c2293
New School Of Psychotherapy & Counselling & Middlesex University,GBR,United Kingdom,London,,Other HCP - Psychologist,e97c41fb-de10-4f72-8a14-8a4b110c2293
Newcastle University,GBR,United Kingdom,North East,,Other HCP - Psychologist,e97c41fb-de10-4f72-8a14-8a4b110c2293
Oxford Health Nhs Foundation Trust,GBR,United Kingdom,Oxfordshire,NHS,Other HCP - Psychologist,e97c41fb-de10-4f72-8a14-8a4b110c2293
Regent'S University London (Formerly Regent'S College),GBR,United Kingdom,London,,Other HCP - Psychologist,e97c41fb-de10-4f72-8a14-8a4b110c2293
Roehampton University,GBR,United Kingdom,London,,Other HCP - Psychologist,e97c41fb-de10-4f72-8a14-8a4b110c2293
"Royal Holloway, University Of London",GBR,United Kingdom,London,,Other HCP - Psychologist,e97c41fb-de10-4f72-8a14-8a4b110c2293
Staffordshire University,GBR,United Kingdom,London,,Other HCP - Psychologist,e97c41fb-de10-4f72-8a14-8a4b110c2293
Tavistock & Portman Nhs Foundation Trust,GBR,United Kingdom,London,,Other HCP - Psychologist,e97c41fb-de10-4f72-8a14-8a4b110c2293
Teesside University,GBR,United Kingdom,York,,Other HCP - Psychologist,e97c41fb-de10-4f72-8a14-8a4b110c2293
The Queen'S University Of Belfast,GBR,United Kingdom,Zhongli,QUB,Other HCP - Psychologist,e97c41fb-de10-4f72-8a14-8a4b110c2293
Ucl Institute Of Education,GBR,United Kingdom,London,UCL,Other HCP - Psychologist,e97c41fb-de10-4f72-8a14-8a4b110c2293
University College London,GBR,United Kingdom,London,,Other HCP - Psychologist,e97c41fb-de10-4f72-8a14-8a4b110c2293
University Of Bath,GBR,United Kingdom,Sovereign,,Other HCP - Psychologist,e97c41fb-de10-4f72-8a14-8a4b110c2293
University Of Birmingham,GBR,United Kingdom,West Midlands,,Other HCP - Psychologist,e97c41fb-de10-4f72-8a14-8a4b110c2293
University Of Bristol,GBR,United Kingdom,West Midlands,,Other HCP - Psychologist,e97c41fb-de10-4f72-8a14-8a4b110c2293
University Of Coventry And University Of Warwick,GBR,United Kingdom,West Midlands,,Other HCP - Psychologist,e97c41fb-de10-4f72-8a14-8a4b110c2293
University Of East Anglia,GBR,United Kingdom,East Anglia,,Other HCP - Psychologist,e97c41fb-de10-4f72-8a14-8a4b110c2293
University Of East London,GBR,United Kingdom,London,,Other HCP - Psychologist,e97c41fb-de10-4f72-8a14-8a4b110c2293
University Of Edinburgh,GBR,United Kingdom,Zhejiang,,Other HCP - Psychologist,e97c41fb-de10-4f72-8a14-8a4b110c2293
University Of Essex,GBR,United Kingdom,London,,Other HCP - Psychologist,e97c41fb-de10-4f72-8a14-8a4b110c2293
University Of Exeter,GBR,United Kingdom,South West,,Other HCP - Psychologist,e97c41fb-de10-4f72-8a14-8a4b110c2293
University Of Glasgow,GBR,United Kingdom,The Glasgow City,,Other HCP - Psychologist,e97c41fb-de10-4f72-8a14-8a4b110c2293
University Of Hertfordshire,GBR,United Kingdom,Wales,,Other HCP - Psychologist,e97c41fb-de10-4f72-8a14-8a4b110c2293
University Of Hull,GBR,United Kingdom,Yorkshire,,Other HCP - Psychologist,e97c41fb-de10-4f72-8a14-8a4b110c2293
University Of Lancaster,GBR,United Kingdom,North West,,Other HCP - Psychologist,e97c41fb-de10-4f72-8a14-8a4b110c2293
University Of Leeds,GBR,United Kingdom,Yorkshire and the Humber,,Other HCP - Psychologist,e97c41fb-de10-4f72-8a14-8a4b110c2293
University Of Leicester,GBR,United Kingdom,Yorkshire and the Humber,,Other HCP - Psychologist,e97c41fb-de10-4f72-8a14-8a4b110c2293
University Of Lincoln,GBR,United Kingdom,East Midlands,,Other HCP - Psychologist,e97c41fb-de10-4f72-8a14-8a4b110c2293
University Of Liverpool,GBR,United Kingdom,North West England,,Other HCP - Psychologist,e97c41fb-de10-4f72-8a14-8a4b110c2293
University Of Manchester,GBR,United Kingdom,North West,,Other HCP - Psychologist,e97c41fb-de10-4f72-8a14-8a4b110c2293
University Of Nottingham,GBR,United Kingdom,East Midlands,,Other HCP - Psychologist,e97c41fb-de10-4f72-8a14-8a4b110c2293
University Of Plymouth,GBR,United Kingdom,East Midlands,,Other HCP - Psychologist,e97c41fb-de10-4f72-8a14-8a4b110c2293
University Of Sheffield,GBR,United Kingdom,Yorkshire and the Humber,,Other HCP - Psychologist,e97c41fb-de10-4f72-8a14-8a4b110c2293
University Of Southampton,GBR,United Kingdom,South East,,Other HCP - Psychologist,e97c41fb-de10-4f72-8a14-8a4b110c2293
University Of Surrey,GBR,United Kingdom,British Columbia,,Other HCP - Psychologist,e97c41fb-de10-4f72-8a14-8a4b110c2293
"University Of The West Of England, Bristol",GBR,United Kingdom,Western,,Other HCP - Psychologist,e97c41fb-de10-4f72-8a14-8a4b110c2293
University Of Wolverhampton,GBR,United Kingdom,West Midlands,,Other HCP - Psychologist,e97c41fb-de10-4f72-8a14-8a4b110c2293
Australian National University,AUS,Australia,Canberra,ANU,Other HCP - Psychologist,e97c41fb-de10-4f72-8a14-8a4b110c2293
University Of Canberra,AUS,Australia,Canberra,,Other HCP - Psychologist,e97c41fb-de10-4f72-8a14-8a4b110c2293
Australian Catholic University,AUS,Australia,New South Wales,ACU,Other HCP - Psychologist,e97c41fb-de10-4f72-8a14-8a4b110c2293
Australian College Of Applied Psychology,AUS,Australia,Sydney,,Other HCP - Psychologist,e97c41fb-de10-4f72-8a14-8a4b110c2293
Charles Sturt University,AUS,Australia,New South Wales,,Other HCP - Psychologist,e97c41fb-de10-4f72-8a14-8a4b110c2293
La Trobe University,AUS,Australia,Victoria,,Other HCP - Psychologist,e97c41fb-de10-4f72-8a14-8a4b110c2293
Macquarie University,AUS,Australia,Sydney,,Other HCP - Psychologist,e97c41fb-de10-4f72-8a14-8a4b110c2293
Southern Cross University,AUS,Australia,Queensland,,Other HCP - Psychologist,e97c41fb-de10-4f72-8a14-8a4b110c2293
University Of Newcastle,AUS,Australia,North East,,Other HCP - Psychologist,e97c41fb-de10-4f72-8a14-8a4b110c2293
University Of New England,AUS,Australia,northeastern,,Other HCP - Psychologist,e97c41fb-de10-4f72-8a14-8a4b110c2293
University Of New South Wales,AUS,Australia,New South Wales,,Other HCP - Psychologist,e97c41fb-de10-4f72-8a14-8a4b110c2293
University Of Sydney,AUS,Australia,Sydney,,Other HCP - Psychologist,e97c41fb-de10-4f72-8a14-8a4b110c2293
Western Sydney University,AUS,Australia,Sydney,,Other HCP - Psychologist,e97c41fb-de10-4f72-8a14-8a4b110c2293
University Of Wollongong,AUS,Australia,New South Wales,UOW,Other HCP - Psychologist,e97c41fb-de10-4f72-8a14-8a4b110c2293
Charles Darwin University,AUS,Australia,Northern,CDU,Other HCP - Psychologist,e97c41fb-de10-4f72-8a14-8a4b110c2293
Australian Catholic University,AUS,Australia,New South Wales,,Other HCP - Psychologist,e97c41fb-de10-4f72-8a14-8a4b110c2293
Bond University,AUS,Australia,Queensland,,Other HCP - Psychologist,e97c41fb-de10-4f72-8a14-8a4b110c2293
Central Queensland University,AUS,Australia,Queensland,,Other HCP - Psychologist,e97c41fb-de10-4f72-8a14-8a4b110c2293
Griffith University,AUS,Australia,Queensland,,Other HCP - Psychologist,e97c41fb-de10-4f72-8a14-8a4b110c2293
James Cook University,AUS,Australia,Queensland,,Other HCP - Psychologist,e97c41fb-de10-4f72-8a14-8a4b110c2293
Queensland University Of Technology,AUS,Australia,Queensland,,Other HCP - Psychologist,e97c41fb-de10-4f72-8a14-8a4b110c2293
University Of Queensland,AUS,Australia,Queensland,,Other HCP - Psychologist,e97c41fb-de10-4f72-8a14-8a4b110c2293
University Of Southern Queensland,AUS,Australia,Queensland,,Other HCP - Psychologist,e97c41fb-de10-4f72-8a14-8a4b110c2293
University Of The Sunshine Coast,AUS,Australia,Queensland,,Other HCP - Psychologist,e97c41fb-de10-4f72-8a14-8a4b110c2293
Flinders University,AUS,Australia,Victoria,,Other HCP - Psychologist,e97c41fb-de10-4f72-8a14-8a4b110c2293
University Of Adelaide,AUS,Australia,Southern,,Other HCP - Psychologist,e97c41fb-de10-4f72-8a14-8a4b110c2293
University Of South Australia,AUS,Australia,Southern,,Other HCP - Psychologist,e97c41fb-de10-4f72-8a14-8a4b110c2293
University Of Tasmania,AUS,Australia,Alberta,UTAS,Other HCP - Psychologist,e97c41fb-de10-4f72-8a14-8a4b110c2293
Australian College Of Applied Psychology,AUS,Australia,Sydney,,Other HCP - Psychologist,e97c41fb-de10-4f72-8a14-8a4b110c2293
Federation University Australia (Formerly University Of Ballarat),AUS,Australia,Ballarat,,Other HCP - Psychologist,e97c41fb-de10-4f72-8a14-8a4b110c2293
La Trobe University,AUS,Australia,Victoria,,Other HCP - Psychologist,e97c41fb-de10-4f72-8a14-8a4b110c2293
Monash University,AUS,Australia,Victoria,,Other HCP - Psychologist,e97c41fb-de10-4f72-8a14-8a4b110c2293
Rmit,AUS,Australia,Victoria,,Other HCP - Psychologist,e97c41fb-de10-4f72-8a14-8a4b110c2293
Swinburne University Of Technology,AUS,Australia,Victoria,,Other HCP - Psychologist,e97c41fb-de10-4f72-8a14-8a4b110c2293
Swinburne University Of Technology Offered Through Open Universities Australia,AUS,Australia,Victoria,,Other HCP - Psychologist,e97c41fb-de10-4f72-8a14-8a4b110c2293
Swinburne University Online,AUS,Australia,Victoria,,Other HCP - Psychologist,e97c41fb-de10-4f72-8a14-8a4b110c2293
University Of Melbourne,AUS,Australia,Victoria,,Other HCP - Psychologist,e97c41fb-de10-4f72-8a14-8a4b110c2293
Victoria University,AUS,Australia,Victoria,,Other HCP - Psychologist,e97c41fb-de10-4f72-8a14-8a4b110c2293
Curtin University,AUS,Australia,Western,,Other HCP - Psychologist,e97c41fb-de10-4f72-8a14-8a4b110c2293
Edith Cowan University,AUS,Australia,Western,,Other HCP - Psychologist,e97c41fb-de10-4f72-8a14-8a4b110c2293
University Of Western Australia,AUS,Australia,Western,,Other HCP - Psychologist,e97c41fb-de10-4f72-8a14-8a4b110c2293
Murdoch University,AUS,Australia,Western Australia,,Other HCP - Psychologist,e97c41fb-de10-4f72-8a14-8a4b110c2293
Aut,NZL,New Zealand,Vienna,,Other HCP - Psychologist,e97c41fb-de10-4f72-8a14-8a4b110c2293
Massey University,NZL,New Zealand,Palmerston North,,Other HCP - Psychologist,e97c41fb-de10-4f72-8a14-8a4b110c2293
University Of Auckland,NZL,New Zealand,North Island,,Other HCP - Psychologist,e97c41fb-de10-4f72-8a14-8a4b110c2293
University Of Canterbury,NZL,New Zealand,Canterbury,,Other HCP - Psychologist,e97c41fb-de10-4f72-8a14-8a4b110c2293
University Of Otago,NZL,New Zealand,Otago,,Other HCP - Psychologist,e97c41fb-de10-4f72-8a14-8a4b110c2293
University Of Waikato,NZL,New Zealand,Waikato,,Other HCP - Psychologist,e97c41fb-de10-4f72-8a14-8a4b110c2293
Victoria University,NZL,New Zealand,Victoria,,Other HCP - Psychologist,e97c41fb-de10-4f72-8a14-8a4b110c2293
Nui Maynooth,IRL,Ireland,Maynooth,MU,Other HCP - Psychologist,e97c41fb-de10-4f72-8a14-8a4b110c2293
Dublin Business School,IRL,Ireland,Dublin,,Other HCP - Psychologist,e97c41fb-de10-4f72-8a14-8a4b110c2293
Nui Galway,IRL,Ireland,Western Ireland,,Other HCP - Psychologist,e97c41fb-de10-4f72-8a14-8a4b110c2293
Waterford Institute Of Technology,IRL,Ireland,south-east,WIT,Other HCP - Psychologist,e97c41fb-de10-4f72-8a14-8a4b110c2293
Dun Laoghaire Institute Of Art And Design Technology,IRL,Ireland,south-east,IADT,Other HCP - Psychologist,e97c41fb-de10-4f72-8a14-8a4b110c2293
University Of Limerick,IRL,Ireland,Munster,,Other HCP - Psychologist,e97c41fb-de10-4f72-8a14-8a4b110c2293
University College Dublin,IRL,Ireland,Dublin,,Other HCP - Psychologist,e97c41fb-de10-4f72-8a14-8a4b110c2293
University College Cork,IRL,Ireland,Dublin,,Other HCP - Psychologist,e97c41fb-de10-4f72-8a14-8a4b110c2293
Trinity College Dublin,IRL,Ireland,Dublin,,Other HCP - Psychologist,e97c41fb-de10-4f72-8a14-8a4b110c2293
"Mary Immaculate College, University Of Limerick",IRL,Ireland,Munster,,Other HCP - Psychologist,e97c41fb-de10-4f72-8a14-8a4b110c2293
Dublin City University,IRL,Ireland,Dublin,,Other HCP - Psychologist,e97c41fb-de10-4f72-8a14-8a4b110c2293
National College Of Ireland,IRL,Ireland,Dublin,,Other HCP - Psychologist,e97c41fb-de10-4f72-8a14-8a4b110c2293
Charles Darwin University,AUS,Australia,Darwin,CDU,Other HCP - Pharmacist,5b181394-a865-4d2a-b4ad-d3a3af39e81a
Charles Sturt University,AUS,Australia,New South Wales,,Other HCP - Pharmacist,5b181394-a865-4d2a-b4ad-d3a3af39e81a
Curtin University Of Technology,AUS,Australia,Western,,Other HCP - Pharmacist,5b181394-a865-4d2a-b4ad-d3a3af39e81a
Griffith University,AUS,Australia,Queensland,,Other HCP - Pharmacist,5b181394-a865-4d2a-b4ad-d3a3af39e81a
James Cook University,AUS,Australia,Queensland,,Other HCP - Pharmacist,5b181394-a865-4d2a-b4ad-d3a3af39e81a
La Trobe University,AUS,Australia,Victoria,,Other HCP - Pharmacist,5b181394-a865-4d2a-b4ad-d3a3af39e81a
Monash University,AUS,Australia,Victoria,,Other HCP - Pharmacist,5b181394-a865-4d2a-b4ad-d3a3af39e81a
Queensland University Of Technology,AUS,Australia,Queensland,,Other HCP - Pharmacist,5b181394-a865-4d2a-b4ad-d3a3af39e81a
Rmit University,AUS,Australia,Victoria,,Other HCP - Pharmacist,5b181394-a865-4d2a-b4ad-d3a3af39e81a
University Of Canberra,AUS,Australia,Canberra,ANU,Other HCP - Pharmacist,5b181394-a865-4d2a-b4ad-d3a3af39e81a
University Of Newcastle,AUS,Australia,North East,,Other HCP - Pharmacist,5b181394-a865-4d2a-b4ad-d3a3af39e81a
University Of Queensland,AUS,Australia,Queensland,,Other HCP - Pharmacist,5b181394-a865-4d2a-b4ad-d3a3af39e81a
University Of South Australia,AUS,Australia,Southern,,Other HCP - Pharmacist,5b181394-a865-4d2a-b4ad-d3a3af39e81a
University Of Sydney,AUS,Australia,Sydney,,Other HCP - Pharmacist,5b181394-a865-4d2a-b4ad-d3a3af39e81a
University Of Tasmania,AUS,Australia,Sydney,UTAS,Other HCP - Pharmacist,5b181394-a865-4d2a-b4ad-d3a3af39e81a
"University Of Technology, Sydney",AUS,Australia,Sydney,,Other HCP - Pharmacist,5b181394-a865-4d2a-b4ad-d3a3af39e81a
University Of Western Australia,AUS,Australia,Western Australia,,Other HCP - Pharmacist,5b181394-a865-4d2a-b4ad-d3a3af39e81a
Braunschweig University Of Technology,DEU,Germany,Lower Saxony,,Other HCP - Pharmacist,5b181394-a865-4d2a-b4ad-d3a3af39e81a
Free University Of Berlin,DEU,Germany,Berlin,,Other HCP - Pharmacist,5b181394-a865-4d2a-b4ad-d3a3af39e81a
Goethe University Frankfurt,DEU,Germany,Hesse,,Other HCP - Pharmacist,5b181394-a865-4d2a-b4ad-d3a3af39e81a
Heidelberg University,DEU,Germany,Baden-Württemberg,,Other HCP - Pharmacist,5b181394-a865-4d2a-b4ad-d3a3af39e81a
Leipzig University,DEU,Germany,Leipzig,,Other HCP - Pharmacist,5b181394-a865-4d2a-b4ad-d3a3af39e81a
Ludwig Maximilian University Of Munich,DEU,Germany,Bavaria,,Other HCP - Pharmacist,5b181394-a865-4d2a-b4ad-d3a3af39e81a
Saarland University,DEU,Germany,Saarland,,Other HCP - Pharmacist,5b181394-a865-4d2a-b4ad-d3a3af39e81a
University Of Bonn,DEU,Germany,North Rhine-Westphalia,,Other HCP - Pharmacist,5b181394-a865-4d2a-b4ad-d3a3af39e81a
University Of Düsseldorf,DEU,Germany,North Rhine-Westphalia,,Other HCP - Pharmacist,5b181394-a865-4d2a-b4ad-d3a3af39e81a
University Of Erlangen-Nuremberg,DEU,Germany,Bavaria,,Other HCP - Pharmacist,5b181394-a865-4d2a-b4ad-d3a3af39e81a
University Of Freiburg,DEU,Germany,Baden-Württemberg Land,,Other HCP - Pharmacist,5b181394-a865-4d2a-b4ad-d3a3af39e81a
University Of Greifswald,DEU,Germany,Mecklenburg-Vorpommern,,Other HCP - Pharmacist,5b181394-a865-4d2a-b4ad-d3a3af39e81a
University Of Halle-Wittenberg,DEU,Germany,Saxony-Anhalt,,Other HCP - Pharmacist,5b181394-a865-4d2a-b4ad-d3a3af39e81a
University Of Hamburg,DEU,Germany,Hamburg,,Other HCP - Pharmacist,5b181394-a865-4d2a-b4ad-d3a3af39e81a
University Of Jena,DEU,Germany,Thuringia,,Other HCP - Pharmacist,5b181394-a865-4d2a-b4ad-d3a3af39e81a
University Of Kiel,DEU,Germany,Schleswig-Holstein,,Other HCP - Pharmacist,5b181394-a865-4d2a-b4ad-d3a3af39e81a
University Of Mainz,DEU,Germany,Rhineland-Palatinate,,Other HCP - Pharmacist,5b181394-a865-4d2a-b4ad-d3a3af39e81a
University Of Marburg,DEU,Germany,Hesse,,Other HCP - Pharmacist,5b181394-a865-4d2a-b4ad-d3a3af39e81a
University Of Münster,DEU,Germany,North Rhine-Westphalia,,Other HCP - Pharmacist,5b181394-a865-4d2a-b4ad-d3a3af39e81a
University Of Regensburg,DEU,Germany,Bavaria,,Other HCP - Pharmacist,5b181394-a865-4d2a-b4ad-d3a3af39e81a
University Of Tübingen,DEU,Germany,Baden-Württemberg,,Other HCP - Pharmacist,5b181394-a865-4d2a-b4ad-d3a3af39e81a
University Of Würzburg,DEU,Germany,Bavaria,,Other HCP - Pharmacist,5b181394-a865-4d2a-b4ad-d3a3af39e81a
Aston,GBR,United Kingdom,West Midlands,,Other HCP - Pharmacist,5b181394-a865-4d2a-b4ad-d3a3af39e81a
Bath,GBR,United Kingdom,South West,,Other HCP - Pharmacist,5b181394-a865-4d2a-b4ad-d3a3af39e81a
Birmingham,GBR,United Kingdom,West Midlands,,Other HCP - Pharmacist,5b181394-a865-4d2a-b4ad-d3a3af39e81a
Bradford,GBR,United Kingdom,Yorkshire and the Humber,,Other HCP - Pharmacist,5b181394-a865-4d2a-b4ad-d3a3af39e81a
Brighton,GBR,United Kingdom,South East England,,Other HCP - Pharmacist,5b181394-a865-4d2a-b4ad-d3a3af39e81a
Central Lancashire,GBR,United Kingdom,North West,,Other HCP - Pharmacist,5b181394-a865-4d2a-b4ad-d3a3af39e81a
Sunderland,GBR,United Kingdom,North East,,Other HCP - Pharmacist,5b181394-a865-4d2a-b4ad-d3a3af39e81a
Durham,GBR,United Kingdom,Durham,,Other HCP - Pharmacist,5b181394-a865-4d2a-b4ad-d3a3af39e81a
De Montfort,GBR,United Kingdom,East Midlands,,Other HCP - Pharmacist,5b181394-a865-4d2a-b4ad-d3a3af39e81a
East Anglia,GBR,United Kingdom,East anglia,,Other HCP - Pharmacist,5b181394-a865-4d2a-b4ad-d3a3af39e81a
Greenwich,GBR,United Kingdom,Greenwich,,Other HCP - Pharmacist,5b181394-a865-4d2a-b4ad-d3a3af39e81a
Hertfordshire,GBR,United Kingdom,Hertfordshire,,Other HCP - Pharmacist,5b181394-a865-4d2a-b4ad-d3a3af39e81a
Huddersfield,GBR,United Kingdom,Huddersfield,,Other HCP - Pharmacist,5b181394-a865-4d2a-b4ad-d3a3af39e81a
Keele,GBR,United Kingdom,West Midlands,,Other HCP - Pharmacist,5b181394-a865-4d2a-b4ad-d3a3af39e81a
Kingston,GBR,United Kingdom,Jamaica,,Other HCP - Pharmacist,5b181394-a865-4d2a-b4ad-d3a3af39e81a
Lincoln,GBR,United Kingdom,East Midlands,,Other HCP - Pharmacist,5b181394-a865-4d2a-b4ad-d3a3af39e81a
Liverpool John Moores,GBR,United Kingdom,East Midlands,LJMU,Other HCP - Pharmacist,5b181394-a865-4d2a-b4ad-d3a3af39e81a
University College London,GBR,United Kingdom,London,,Other HCP - Pharmacist,5b181394-a865-4d2a-b4ad-d3a3af39e81a
King'S College London,GBR,United Kingdom,London,,Other HCP - Pharmacist,5b181394-a865-4d2a-b4ad-d3a3af39e81a
Sussex,GBR,United Kingdom,Sussex,,Other HCP - Pharmacist,5b181394-a865-4d2a-b4ad-d3a3af39e81a
Manchester,GBR,United Kingdom,North West England,,Other HCP - Pharmacist,5b181394-a865-4d2a-b4ad-d3a3af39e81a
Nottingham,GBR,United Kingdom,East Midlands,,Other HCP - Pharmacist,5b181394-a865-4d2a-b4ad-d3a3af39e81a
Wolverhampton,GBR,United Kingdom,West Midlands,,Other HCP - Pharmacist,5b181394-a865-4d2a-b4ad-d3a3af39e81a
University Of Portsmouth,GBR,United Kingdom,West Midlands,,Other HCP - Pharmacist,5b181394-a865-4d2a-b4ad-d3a3af39e81a
University Of Sunderland,GBR,United Kingdom,West Midlands,,Other HCP - Pharmacist,5b181394-a865-4d2a-b4ad-d3a3af39e81a
University Of Auckland,NZL,New Zealand,North Island,,Other HCP - Pharmacist,5b181394-a865-4d2a-b4ad-d3a3af39e81a
University Of Otago,NZL,New Zealand,Otago,,Other HCP - Pharmacist,5b181394-a865-4d2a-b4ad-d3a3af39e81a
Trinity College Dublin,IRL,Ireland,Dublin,,Other HCP - Pharmacist,5b181394-a865-4d2a-b4ad-d3a3af39e81a
University College Cork,IRL,Ireland,Dublin,,Other HCP - Pharmacist,5b181394-a865-4d2a-b4ad-d3a3af39e81a
Royal College Of Surgeons In Ireland,IRL,Ireland,Dublin,,Other HCP - Pharmacist,5b181394-a865-4d2a-b4ad-d3a3af39e81a
North West University,ZAF,South Africa,Northwestern,,Other HCP - Pharmacist,5b181394-a865-4d2a-b4ad-d3a3af39e81a
Cairo University,EGY,Egypt,Cairo,CU,Other HCP - Pharmacist,5b181394-a865-4d2a-b4ad-d3a3af39e81a
University Of Waterloo,CAN,Canada,Ontario,UW,Other HCP - Optometrist,837c946c-9404-4c4e-9fab-93e361a331c1
Université De Montréal,CAN,Canada,Quebec,,Other HCP - Optometrist,837c946c-9404-4c4e-9fab-93e361a331c1
Anglia Ruskin University,GBR,United Kingdom,Anglia,,Other HCP - Optometrist,837c946c-9404-4c4e-9fab-93e361a331c1
Aston University,GBR,United Kingdom,Sovereign,,Other HCP - Optometrist,837c946c-9404-4c4e-9fab-93e361a331c1
University Of Bradford,GBR,United Kingdom,Yorkshire and the Humber,UB,Other HCP - Optometrist,837c946c-9404-4c4e-9fab-93e361a331c1
Cardiff University,GBR,United Kingdom,Glamorgan,,Other HCP - Optometrist,837c946c-9404-4c4e-9fab-93e361a331c1
City University,GBR,United Kingdom,London,CUL,Other HCP - Optometrist,837c946c-9404-4c4e-9fab-93e361a331c1
Glasgow Caledonian University,GBR,United Kingdom,Scotland,,Other HCP - Optometrist,837c946c-9404-4c4e-9fab-93e361a331c1
Plymouth University,GBR,United Kingdom,Massachusetts,PU,Other HCP - Optometrist,837c946c-9404-4c4e-9fab-93e361a331c1
University Of Manchester,GBR,United Kingdom,California,,Other HCP - Optometrist,837c946c-9404-4c4e-9fab-93e361a331c1
University Of Ulster,GBR,United Kingdom,Ulster,,Other HCP - Optometrist,837c946c-9404-4c4e-9fab-93e361a331c1
University Of Hertfordshire,GBR,United Kingdom,southern,,Other HCP - Optometrist,837c946c-9404-4c4e-9fab-93e361a331c1
University Of Portsmouth,GBR,United Kingdom,South East England,,Other HCP - Optometrist,837c946c-9404-4c4e-9fab-93e361a331c1
Australian College Of Optometry,AUS,Australia,Victoria,,Other HCP - Optometrist,837c946c-9404-4c4e-9fab-93e361a331c1
Deakin University,AUS,Australia,Victoria,DU,Other HCP - Optometrist,837c946c-9404-4c4e-9fab-93e361a331c1
Flinders University,AUS,Australia,Victoria,,Other HCP - Optometrist,837c946c-9404-4c4e-9fab-93e361a331c1
Queensland University Of Technology,AUS,Australia,Queensland,,Other HCP - Optometrist,837c946c-9404-4c4e-9fab-93e361a331c1
University Of Auckland,AUS,Australia,North Island,,Other HCP - Optometrist,837c946c-9404-4c4e-9fab-93e361a331c1
University Of Melbourne,AUS,Australia,Victoria,,Other HCP - Optometrist,837c946c-9404-4c4e-9fab-93e361a331c1
University Of New South Wales,AUS,Australia,New South Wales,,Other HCP - Optometrist,837c946c-9404-4c4e-9fab-93e361a331c1
Dublin Institute Of Technology,IRL,Ireland,Dublin,,Other HCP - Optometrist,837c946c-9404-4c4e-9fab-93e361a331c1
Auckland University,NZL,New Zealand,North Island,,Other HCP - Optometrist,837c946c-9404-4c4e-9fab-93e361a331c1
Anglia Ruskin University,GBR,United Kingdom,Anglia,,Other HCP - EMT,c51475fe-dc7c-4b64-9a80-3d8d6b5b4e38
Birmingham City University,GBR,United Kingdom,West Midlands,,Other HCP - EMT,c51475fe-dc7c-4b64-9a80-3d8d6b5b4e38
Bournemouth University,GBR,United Kingdom,Dorset,,Other HCP - EMT,c51475fe-dc7c-4b64-9a80-3d8d6b5b4e38
Canterbury Christ Church University,GBR,United Kingdom,Canterbury,,Other HCP - EMT,c51475fe-dc7c-4b64-9a80-3d8d6b5b4e38
Coventry University,GBR,United Kingdom,Sovereign,CU,Other HCP - EMT,c51475fe-dc7c-4b64-9a80-3d8d6b5b4e38
Edge Hill University (Formerly Edgehill College),GBR,United Kingdom,North West England,,Other HCP - EMT,c51475fe-dc7c-4b64-9a80-3d8d6b5b4e38
Liverpool John Moores University,GBR,United Kingdom,East Midlands,LJMU,Other HCP - EMT,c51475fe-dc7c-4b64-9a80-3d8d6b5b4e38
London Ambulance Aervice Nhs Trust,GBR,United Kingdom,London,,Other HCP - EMT,c51475fe-dc7c-4b64-9a80-3d8d6b5b4e38
Outreach Rescue Medic Skills,GBR,United Kingdom,London,,Other HCP - EMT,c51475fe-dc7c-4b64-9a80-3d8d6b5b4e38
Oxford Brookes University,GBR,United Kingdom,Oxfordshire,,Other HCP - EMT,c51475fe-dc7c-4b64-9a80-3d8d6b5b4e38
Pearson College,GBR,United Kingdom,Pearson,UWC,Other HCP - EMT,c51475fe-dc7c-4b64-9a80-3d8d6b5b4e38
Scottish Ambulance Academy And Glasgow Caledonian University,GBR,United Kingdom,Scotland,,Other HCP - EMT,c51475fe-dc7c-4b64-9a80-3d8d6b5b4e38
Sheffield Hallam University,GBR,United Kingdom,South Yorkshire,SHU,Other HCP - EMT,c51475fe-dc7c-4b64-9a80-3d8d6b5b4e38
St George'S University Of London,GBR,United Kingdom,London,,Other HCP - EMT,c51475fe-dc7c-4b64-9a80-3d8d6b5b4e38
Staffordshire University,GBR,United Kingdom,West Midlands,,Other HCP - EMT,c51475fe-dc7c-4b64-9a80-3d8d6b5b4e38
Swansea University,GBR,United Kingdom,Wales,,Other HCP - EMT,c51475fe-dc7c-4b64-9a80-3d8d6b5b4e38
Teesside University,GBR,United Kingdom,York,,Other HCP - EMT,c51475fe-dc7c-4b64-9a80-3d8d6b5b4e38
The University Of Uorthampton,GBR,United Kingdom,East Midlands,,Other HCP - EMT,c51475fe-dc7c-4b64-9a80-3d8d6b5b4e38
University Of Bedfordshire,GBR,United Kingdom,Eastern,,Other HCP - EMT,c51475fe-dc7c-4b64-9a80-3d8d6b5b4e38
University Of Bradford,GBR,United Kingdom,Yorkshire and the Humber,,Other HCP - EMT,c51475fe-dc7c-4b64-9a80-3d8d6b5b4e38
University Of Brighton,GBR,United Kingdom,Sussex,,Other HCP - EMT,c51475fe-dc7c-4b64-9a80-3d8d6b5b4e38
University Of Central Lancashire,GBR,United Kingdom,Preston,,Other HCP - EMT,c51475fe-dc7c-4b64-9a80-3d8d6b5b4e38
University Of Cumbria,GBR,United Kingdom,North West,,Other HCP - EMT,c51475fe-dc7c-4b64-9a80-3d8d6b5b4e38
University Of East Anglia,GBR,United Kingdom,East anglia,,Other HCP - EMT,c51475fe-dc7c-4b64-9a80-3d8d6b5b4e38
University Of Greenwich,GBR,United Kingdom,Greenwich,,Other HCP - EMT,c51475fe-dc7c-4b64-9a80-3d8d6b5b4e38
University Of Hertfordshire,GBR,United Kingdom,Wales,,Other HCP - EMT,c51475fe-dc7c-4b64-9a80-3d8d6b5b4e38
University Of Plymouth,GBR,United Kingdom,Massachusetts,,Other HCP - EMT,c51475fe-dc7c-4b64-9a80-3d8d6b5b4e38
University Of Portsmouth,GBR,United Kingdom,South East England,,Other HCP - EMT,c51475fe-dc7c-4b64-9a80-3d8d6b5b4e38
University Of Suffolk,GBR,United Kingdom,East Anglian,,Other HCP - EMT,c51475fe-dc7c-4b64-9a80-3d8d6b5b4e38
University Of Sunderland,GBR,United Kingdom,North East,,Other HCP - EMT,c51475fe-dc7c-4b64-9a80-3d8d6b5b4e38
University Of Surrey,GBR,United Kingdom,Guildford,,Other HCP - EMT,c51475fe-dc7c-4b64-9a80-3d8d6b5b4e38
"University Of The West Of England, Bristol",GBR,United Kingdom,South West,,Other HCP - EMT,c51475fe-dc7c-4b64-9a80-3d8d6b5b4e38
University Of Wolverhampton,GBR,United Kingdom,West Midlands,,Other HCP - EMT,c51475fe-dc7c-4b64-9a80-3d8d6b5b4e38
University Of Worcester,GBR,United Kingdom,Worcester,,Other HCP - EMT,c51475fe-dc7c-4b64-9a80-3d8d6b5b4e38
West Midlands Ambulance Service Nhs Foundation Trust,GBR,United Kingdom,West Midlands,,Other HCP - EMT,c51475fe-dc7c-4b64-9a80-3d8d6b5b4e38
Auckland University Of Technology Nz- Bachelor Of Health Science (Paramedicine),NZL,New Zealand,North Island,,Other HCP - EMT,c51475fe-dc7c-4b64-9a80-3d8d6b5b4e38
Charles Sturt University Nsw - Bachelor Of Clinical Practice (Paramedic),AUS,Australia,Victoria,NSW,Other HCP - EMT,c51475fe-dc7c-4b64-9a80-3d8d6b5b4e38
Edith Cowan University Wa - Bachelor Of Science (Paramedical Science),AUS,Australia,Western,ECU,Other HCP - EMT,c51475fe-dc7c-4b64-9a80-3d8d6b5b4e38
Federation University Vic – Graduate Diploma Of Paramedicine,AUS,Australia,Victoria,,Other HCP - EMT,c51475fe-dc7c-4b64-9a80-3d8d6b5b4e38
Flinders University Sa - Bachelor Of Science (Paramedic),AUS,Australia,Southern,,Other HCP - EMT,c51475fe-dc7c-4b64-9a80-3d8d6b5b4e38
Monash University Vic - Bachelor Of Emergency Health(Paramedic),AUS,Australia,Monash,,Other HCP - EMT,c51475fe-dc7c-4b64-9a80-3d8d6b5b4e38
Australian Catholic University – Bachelor Of Nursing/Bachelor Of Paramedicine,AUS,Australia,Sydney,ACU,Other HCP - EMT,c51475fe-dc7c-4b64-9a80-3d8d6b5b4e38
Australian Catholic University - Bachelor Of Paramedicine,AUS,Australia,Sydney,ACU,Other HCP - EMT,c51475fe-dc7c-4b64-9a80-3d8d6b5b4e38
Queensland University Of Technology - Bachelor Of Paramedic Science,AUS,Australia,Queensland,,Other HCP - EMT,c51475fe-dc7c-4b64-9a80-3d8d6b5b4e38
University Of Sunshine Coast - Bachelor Of Paramedic Science (Bpsc),AUS,Australia,Queensland,BPSC,Other HCP - EMT,c51475fe-dc7c-4b64-9a80-3d8d6b5b4e38
Queensland University Of Technology - Bachelor Of Paramedic Science Graduate Entry,AUS,Australia,Queensland,,Other HCP - EMT,c51475fe-dc7c-4b64-9a80-3d8d6b5b4e38
Queensland University Of Technology – Bachelor Of Nursing/Bachelor Of Paramedic Science,AUS,Australia,Queensland,,Other HCP - EMT,c51475fe-dc7c-4b64-9a80-3d8d6b5b4e38
Victoria University - Bachelor Of Health Science (Paramedic),AUS,Australia,Victoria,,Other HCP - EMT,c51475fe-dc7c-4b64-9a80-3d8d6b5b4e38
Central Queensland University - Bachelor Of Paramedic Science,AUS,Australia,Queensland,,Other HCP - EMT,c51475fe-dc7c-4b64-9a80-3d8d6b5b4e38
Western Sydney University – Bachelor Of Health Sciences (Paramedicine),AUS,Australia,Sydney,,Other HCP - EMT,c51475fe-dc7c-4b64-9a80-3d8d6b5b4e38
Charles Sturt University Nsw - Graduate Diploma Clinical Practice (Paramedic),AUS,Australia,Sydney,CSU,Other HCP - EMT,c51475fe-dc7c-4b64-9a80-3d8d6b5b4e38
Latrobe University Vic – Bachelor Of Paramedic Practice/Bachelor Of Public Health Promotion,AUS,Australia,Victoria,,Other HCP - EMT,c51475fe-dc7c-4b64-9a80-3d8d6b5b4e38
University Of Tasmania - Bachelor Of Paramedic Practice,AUS,Australia,Tasmanian,UTAS,Other HCP - EMT,c51475fe-dc7c-4b64-9a80-3d8d6b5b4e38
Curtin University Wa – Bachelor Of Science (Health Sciences),AUS,Australia,Canberra,,Other HCP - EMT,c51475fe-dc7c-4b64-9a80-3d8d6b5b4e38
Whitireia New Zealand - Bachelor Of Health Science ( Paramedic),NZL,New Zealand,Greater Wellington,,Other HCP - EMT,c51475fe-dc7c-4b64-9a80-3d8d6b5b4e38
Griffith University - Bachelor Of Paramedicine,AUS,Australia,New South Wales,,Other HCP - EMT,c51475fe-dc7c-4b64-9a80-3d8d6b5b4e38
University Of Southern Queensland – Bachelor Of Paramedicine,AUS,Australia,Queensland,,Other HCP - EMT,c51475fe-dc7c-4b64-9a80-3d8d6b5b4e38
Hse Nasc,IRL,Ireland,Dublin,,Other HCP - EMT,c51475fe-dc7c-4b64-9a80-3d8d6b5b4e38
Irish Red Cross,IRL,Ireland,Leinster,,Other HCP - EMT,c51475fe-dc7c-4b64-9a80-3d8d6b5b4e38
Medilink Ambulance Ltd T/A Mediclink Ambulance Service,IRL,Ireland,Dublin,,Other HCP - EMT,c51475fe-dc7c-4b64-9a80-3d8d6b5b4e38
Medicall Ambulance Ltd T/A Medicall Ambulance Service,IRL,Ireland,Dublin,,Other HCP - EMT,c51475fe-dc7c-4b64-9a80-3d8d6b5b4e38
Defence Forces Medical School,IRL,Ireland,Dublin,,Other HCP - EMT,c51475fe-dc7c-4b64-9a80-3d8d6b5b4e38
St John Ambulance Ireland,IRL,Ireland,Dublin,,Other HCP - EMT,c51475fe-dc7c-4b64-9a80-3d8d6b5b4e38
Order Of Malta Ireland,IRL,Ireland,Malta,,Other HCP - EMT,c51475fe-dc7c-4b64-9a80-3d8d6b5b4e38
Career Path College Ltd T/A Irish Ambulance Training Institute (Iati),IRL,Ireland,Malta,IATI,Other HCP - EMT,c51475fe-dc7c-4b64-9a80-3d8d6b5b4e38
Murray Ambulance Service Ltd,IRL,Ireland,Kentucky,,Other HCP - EMT,c51475fe-dc7c-4b64-9a80-3d8d6b5b4e38
Dfb Rcsi,IRL,Ireland,Columbia,RCSI,Other HCP - EMT,c51475fe-dc7c-4b64-9a80-3d8d6b5b4e38
City Of Dublin Education And Training Board (Cdetb),IRL,Ireland,Dublin,,Other HCP - EMT,c51475fe-dc7c-4b64-9a80-3d8d6b5b4e38
Cork College Of Commerce,IRL,Ireland,Dublin,,Other HCP - EMT,c51475fe-dc7c-4b64-9a80-3d8d6b5b4e38
Dublin City University (Dcu),IRL,Ireland,Dublin,,Other HCP - EMT,c51475fe-dc7c-4b64-9a80-3d8d6b5b4e38
Emergency Care Group Ltd T/A Emergency Care,IRL,Ireland,Dublin,EMS,Other HCP - EMT,c51475fe-dc7c-4b64-9a80-3d8d6b5b4e38
Irish Heart Foundation,IRL,Ireland,Dublin,,Other HCP - EMT,c51475fe-dc7c-4b64-9a80-3d8d6b5b4e38
Irish Underwater Council,IRL,Ireland,Dublin,,Other HCP - EMT,c51475fe-dc7c-4b64-9a80-3d8d6b5b4e38
Irish Water Safety Association,IRL,Ireland,Dublin,,Other HCP - EMT,c51475fe-dc7c-4b64-9a80-3d8d6b5b4e38
National Safety Centre,IRL,Ireland,Dublin,,Other HCP - EMT,c51475fe-dc7c-4b64-9a80-3d8d6b5b4e38
Munster Medics,IRL,Ireland,Münster,,Other HCP - EMT,c51475fe-dc7c-4b64-9a80-3d8d6b5b4e38
Optimise Management Consultants T/A Qualtec,IRL,Ireland,Münster,,Other HCP - EMT,c51475fe-dc7c-4b64-9a80-3d8d6b5b4e38
Respond Training,IRL,Ireland,Münster,,Other HCP - EMT,c51475fe-dc7c-4b64-9a80-3d8d6b5b4e38
Safety Ireland First Response Ltd.,IRL,Ireland,Dublin,,Other HCP - EMT,c51475fe-dc7c-4b64-9a80-3d8d6b5b4e38
Sinnott Training & Certification Ltd (Stac),IRL,Ireland,mid-west,STAC,Other HCP - EMT,c51475fe-dc7c-4b64-9a80-3d8d6b5b4e38
Sligo Fire Service Training Centre,IRL,Ireland,Abbeyquarter South,,Other HCP - EMT,c51475fe-dc7c-4b64-9a80-3d8d6b5b4e38
Smt Consultants Ltd.,IRL,Ireland,Dublin,,Other HCP - EMT,c51475fe-dc7c-4b64-9a80-3d8d6b5b4e38
Ucd - Centre For Emergency Medical Science (Cems),IRL,Ireland,Dublin,CEMS,Other HCP - EMT,c51475fe-dc7c-4b64-9a80-3d8d6b5b4e38
Alpha Aid Training,IRL,Ireland,Dublin,,Other HCP - EMT,c51475fe-dc7c-4b64-9a80-3d8d6b5b4e38
Co. Kildare Leader Partnership,IRL,Ireland,Kildare,,Other HCP - EMT,c51475fe-dc7c-4b64-9a80-3d8d6b5b4e38
Cpl T/A Nifast,IRL,Ireland,Kildare,,Other HCP - EMT,c51475fe-dc7c-4b64-9a80-3d8d6b5b4e38
"Paramedic Studies Graduate Entry Medical School, University Of Limerick",IRL,Ireland,Munster,,Other HCP - EMT,c51475fe-dc7c-4b64-9a80-3d8d6b5b4e38
Allergy Lifestyle Limited,IRL,Ireland,Munster,,Other HCP - EMT,c51475fe-dc7c-4b64-9a80-3d8d6b5b4e38
T.C. Harran University,TUR,Turkey,Sanliurfa,,Other HCP - EMT,c51475fe-dc7c-4b64-9a80-3d8d6b5b4e38
Edith Cowen University,AUS,Australia,Western,ECU,Other HCP - EMT,c51475fe-dc7c-4b64-9a80-3d8d6b5b4e38
Australian Catholic Inuveristy,AUS,Australia,New South Wales,ACU,Other HCP - EMT,c51475fe-dc7c-4b64-9a80-3d8d6b5b4e38
Barry University School Of Podiatric Medicine,USA,United States,South Wales,,Other HCP - Podiatrist,b05eaa16-fa2a-42e8-9958-21ea5e78517f
Birmingham Metropolitan College (Formerly Matthew Boulton College),GBR,United Kingdom,West Midlands,,Other HCP - Podiatrist,b05eaa16-fa2a-42e8-9958-21ea5e78517f
California School Of Podiatric Medicine At Samuel Merritt University,USA,United States,California,,Other HCP - Podiatrist,b05eaa16-fa2a-42e8-9958-21ea5e78517f
Cardiff Metropolitan University,GBR,United Kingdom,Glamorgan,,Other HCP - Podiatrist,b05eaa16-fa2a-42e8-9958-21ea5e78517f
Glasgow Caledonian University,GBR,United Kingdom,Scotland,,Other HCP - Podiatrist,b05eaa16-fa2a-42e8-9958-21ea5e78517f
Kent State University College Of Podiatric Medicine,USA,United States,Kent,KSU,Other HCP - Podiatrist,b05eaa16-fa2a-42e8-9958-21ea5e78517f
Midwestern University Arizona School Of Podiatric Medicine,USA,United States,mid-western,,Other HCP - Podiatrist,b05eaa16-fa2a-42e8-9958-21ea5e78517f
New College Durham,GBR,United Kingdom,North-east,,Other HCP - Podiatrist,b05eaa16-fa2a-42e8-9958-21ea5e78517f
New York College Of Podiatric Medicine,USA,United States,New York,NYCPM,Other HCP - Podiatrist,b05eaa16-fa2a-42e8-9958-21ea5e78517f
Queen Margaret University,GBR,United Kingdom,Musselburgh,QMU,Other HCP - Podiatrist,b05eaa16-fa2a-42e8-9958-21ea5e78517f
Temple University School Of Podiatric Medicine,USA,United States,Philadelphia,,Other HCP - Podiatrist,b05eaa16-fa2a-42e8-9958-21ea5e78517f
The University Of Northampton (Formerly University College Northampton),GBR,United Kingdom,East Midlands,,Other HCP - Podiatrist,b05eaa16-fa2a-42e8-9958-21ea5e78517f
University Of Brighton,GBR,United Kingdom,East Sussex,,Other HCP - Podiatrist,b05eaa16-fa2a-42e8-9958-21ea5e78517f
University Of East London,GBR,United Kingdom,East London,,Other HCP - Podiatrist,b05eaa16-fa2a-42e8-9958-21ea5e78517f
University Of Huddersfield,GBR,United Kingdom,Yorkshire and the Humber,,Other HCP - Podiatrist,b05eaa16-fa2a-42e8-9958-21ea5e78517f
University Of Plymouth,GBR,United Kingdom,Yorkshire and the Humber,,Other HCP - Podiatrist,b05eaa16-fa2a-42e8-9958-21ea5e78517f
University Of Salford (Formerly Known As Salford College Of Technology),GBR,United Kingdom,Salford,,Other HCP - Podiatrist,b05eaa16-fa2a-42e8-9958-21ea5e78517f
University Of Southampton,GBR,United Kingdom,South East England,,Other HCP - Podiatrist,b05eaa16-fa2a-42e8-9958-21ea5e78517f
University Of Ulster,GBR,United Kingdom,Ulster,,Other HCP - Podiatrist,b05eaa16-fa2a-42e8-9958-21ea5e78517f
National University Of Ireland Galway (Nuig),IRL,Ireland,Ulster,,Other HCP - Podiatrist,b05eaa16-fa2a-42e8-9958-21ea5e78517f
Auckland University Of Technology,AUS,Australia,North Island,,Other HCP - Podiatrist,b05eaa16-fa2a-42e8-9958-21ea5e78517f
Australasian College Of Podiatric Surgeons,AUS,Australia,Queensland,,Other HCP - Podiatrist,b05eaa16-fa2a-42e8-9958-21ea5e78517f
Central Queensland University,AUS,Australia,Queensland,,Other HCP - Podiatrist,b05eaa16-fa2a-42e8-9958-21ea5e78517f
Charles Sturt University,AUS,Australia,Queensland,,Other HCP - Podiatrist,b05eaa16-fa2a-42e8-9958-21ea5e78517f
La Trobe University,AUS,Australia,Queensland,,Other HCP - Podiatrist,b05eaa16-fa2a-42e8-9958-21ea5e78517f
Queensland University Of Technology,AUS,Australia,Queensland,,Other HCP - Podiatrist,b05eaa16-fa2a-42e8-9958-21ea5e78517f
Southern Cross University,AUS,Australia,Southern,,Other HCP - Podiatrist,b05eaa16-fa2a-42e8-9958-21ea5e78517f
The University Of Western Australia,AUS,Australia,Western,,Other HCP - Podiatrist,b05eaa16-fa2a-42e8-9958-21ea5e78517f
University Of Newcastle,AUS,Australia,Queensland,,Other HCP - Podiatrist,b05eaa16-fa2a-42e8-9958-21ea5e78517f
University Of South Australia,AUS,Australia,Southern,,Other HCP - Podiatrist,b05eaa16-fa2a-42e8-9958-21ea5e78517f
University Of Western Sydney,AUS,Australia,Sydney,,Other HCP - Podiatrist,b05eaa16-fa2a-42e8-9958-21ea5e78517f
Auckland University Of Technology,NZL,New Zealand,North Island,,Other HCP - Podiatrist,b05eaa16-fa2a-42e8-9958-21ea5e78517f
Bournemouth University,GBR,United Kingdom,South West England,,Other HCP - Physiotherapist,440c63e6-9b91-4359-a911-e562a36e03b7
Brunel University,GBR,United Kingdom,London,,Other HCP - Physiotherapist,440c63e6-9b91-4359-a911-e562a36e03b7
Cardiff University,GBR,United Kingdom,Glamorgan,,Other HCP - Physiotherapist,440c63e6-9b91-4359-a911-e562a36e03b7
Coventry University,GBR,United Kingdom,Coventry,,Other HCP - Physiotherapist,440c63e6-9b91-4359-a911-e562a36e03b7
Glasgow Caledonian University,GBR,United Kingdom,Scotland,,Other HCP - Physiotherapist,440c63e6-9b91-4359-a911-e562a36e03b7
Keele University,GBR,United Kingdom,Scotland,,Other HCP - Physiotherapist,440c63e6-9b91-4359-a911-e562a36e03b7
King'S College London,GBR,United Kingdom,London,,Other HCP - Physiotherapist,440c63e6-9b91-4359-a911-e562a36e03b7
Leeds Beckett University,GBR,United Kingdom,Yorkshire and the Humber,,Other HCP - Physiotherapist,440c63e6-9b91-4359-a911-e562a36e03b7
London South Bank University,GBR,United Kingdom,London,,Other HCP - Physiotherapist,440c63e6-9b91-4359-a911-e562a36e03b7
Manchester Metropolitan University,GBR,United Kingdom,North West England,,Other HCP - Physiotherapist,440c63e6-9b91-4359-a911-e562a36e03b7
Northumbria University At Newcastle,GBR,United Kingdom,North East,,Other HCP - Physiotherapist,440c63e6-9b91-4359-a911-e562a36e03b7
Oxford Brookes University,GBR,United Kingdom,North West,,Other HCP - Physiotherapist,440c63e6-9b91-4359-a911-e562a36e03b7
Queen Margaret University,GBR,United Kingdom,Musselburgh,,Other HCP - Physiotherapist,440c63e6-9b91-4359-a911-e562a36e03b7
Sheffield Hallam University,GBR,United Kingdom,South Yorkshire,SHU,Other HCP - Physiotherapist,440c63e6-9b91-4359-a911-e562a36e03b7
St George'S University Of London,GBR,United Kingdom,London,,Other HCP - Physiotherapist,440c63e6-9b91-4359-a911-e562a36e03b7
Teesside University,GBR,United Kingdom,North East England,,Other HCP - Physiotherapist,440c63e6-9b91-4359-a911-e562a36e03b7
The Robert Gordon University,GBR,United Kingdom,Scotland,RGU,Other HCP - Physiotherapist,440c63e6-9b91-4359-a911-e562a36e03b7
University Of Birmingham,GBR,United Kingdom,West Midlands,,Other HCP - Physiotherapist,440c63e6-9b91-4359-a911-e562a36e03b7
University Of Bradford,GBR,United Kingdom,Yorkshire and the Humber,UB,Other HCP - Physiotherapist,440c63e6-9b91-4359-a911-e562a36e03b7
University Of Brighton,GBR,United Kingdom,South East England,,Other HCP - Physiotherapist,440c63e6-9b91-4359-a911-e562a36e03b7
University Of Central Lancashire,GBR,United Kingdom,North West,,Other HCP - Physiotherapist,440c63e6-9b91-4359-a911-e562a36e03b7
University Of Cumbria,GBR,United Kingdom,North West,,Other HCP - Physiotherapist,440c63e6-9b91-4359-a911-e562a36e03b7
University Of East Anglia,GBR,United Kingdom,East Anglia,,Other HCP - Physiotherapist,440c63e6-9b91-4359-a911-e562a36e03b7
University Of East London,GBR,United Kingdom,East London,,Other HCP - Physiotherapist,440c63e6-9b91-4359-a911-e562a36e03b7
University Of Essex,GBR,United Kingdom,Essex,,Other HCP - Physiotherapist,440c63e6-9b91-4359-a911-e562a36e03b7
University Of Hertfordshire,GBR,United Kingdom,southern,,Other HCP - Physiotherapist,440c63e6-9b91-4359-a911-e562a36e03b7
University Of Huddersfield,GBR,United Kingdom,Yorkshire and the Humber,,Other HCP - Physiotherapist,440c63e6-9b91-4359-a911-e562a36e03b7
University Of Liverpool,GBR,United Kingdom,northwestern,,Other HCP - Physiotherapist,440c63e6-9b91-4359-a911-e562a36e03b7
University Of Nottingham,GBR,United Kingdom,East Midlands,,Other HCP - Physiotherapist,440c63e6-9b91-4359-a911-e562a36e03b7
University Of Plymouth,GBR,United Kingdom,Massachusetts,,Other HCP - Physiotherapist,440c63e6-9b91-4359-a911-e562a36e03b7
University Of Salford,GBR,United Kingdom,North West,,Other HCP - Physiotherapist,440c63e6-9b91-4359-a911-e562a36e03b7
University Of Southampton,GBR,United Kingdom,South East England,,Other HCP - Physiotherapist,440c63e6-9b91-4359-a911-e562a36e03b7
"University Of The West Of England, Bristol",GBR,United Kingdom,Western,,Other HCP - Physiotherapist,440c63e6-9b91-4359-a911-e562a36e03b7
University Of Ulster,GBR,United Kingdom,Ulster,,Other HCP - Physiotherapist,440c63e6-9b91-4359-a911-e562a36e03b7
University Of Worcester,GBR,United Kingdom,Ulster,,Other HCP - Physiotherapist,440c63e6-9b91-4359-a911-e562a36e03b7
York St John University,GBR,United Kingdom,York,,Other HCP - Physiotherapist,440c63e6-9b91-4359-a911-e562a36e03b7
Australian Catholic University,AUS,Australia,New South Wales,ACU,Other HCP - Physiotherapist,440c63e6-9b91-4359-a911-e562a36e03b7
Bond University,AUS,Australia,Queensland,,Other HCP - Physiotherapist,440c63e6-9b91-4359-a911-e562a36e03b7
Central Queensland University,AUS,Australia,Queensland,,Other HCP - Physiotherapist,440c63e6-9b91-4359-a911-e562a36e03b7
Charles Sturt University,AUS,Australia,New South Wales,,Other HCP - Physiotherapist,440c63e6-9b91-4359-a911-e562a36e03b7
Curtin University,AUS,Australia,Canberra,,Other HCP - Physiotherapist,440c63e6-9b91-4359-a911-e562a36e03b7
Flinders University,AUS,Australia,Victoria,,Other HCP - Physiotherapist,440c63e6-9b91-4359-a911-e562a36e03b7
Griffith University,AUS,Australia,New South Wales,,Other HCP - Physiotherapist,440c63e6-9b91-4359-a911-e562a36e03b7
James Cook University,AUS,Australia,Queensland,,Other HCP - Physiotherapist,440c63e6-9b91-4359-a911-e562a36e03b7
La Trobe University,AUS,Australia,Victoria,,Other HCP - Physiotherapist,440c63e6-9b91-4359-a911-e562a36e03b7
Macquarie University,AUS,Australia,Sydney,,Other HCP - Physiotherapist,440c63e6-9b91-4359-a911-e562a36e03b7
Monash University,AUS,Australia,Victoria,,Other HCP - Physiotherapist,440c63e6-9b91-4359-a911-e562a36e03b7
University Of Canberra,AUS,Australia,Canberra,,Other HCP - Physiotherapist,440c63e6-9b91-4359-a911-e562a36e03b7
University Of Melbourne,AUS,Australia,Victoria,,Other HCP - Physiotherapist,440c63e6-9b91-4359-a911-e562a36e03b7
University Of Newcastle,AUS,Australia,Yorkshire and the Humber,,Other HCP - Physiotherapist,440c63e6-9b91-4359-a911-e562a36e03b7
University Of Notre Dame Australia,AUS,Australia,New South Wales.,,Other HCP - Physiotherapist,440c63e6-9b91-4359-a911-e562a36e03b7
University Of Queensland,AUS,Australia,Queensland,,Other HCP - Physiotherapist,440c63e6-9b91-4359-a911-e562a36e03b7
University Of South Australia,AUS,Australia,Southern,,Other HCP - Physiotherapist,440c63e6-9b91-4359-a911-e562a36e03b7
University Of Sydney,AUS,Australia,Sydney,,Other HCP - Physiotherapist,440c63e6-9b91-4359-a911-e562a36e03b7
Western Sydney University,AUS,Australia,Sydney,,Other HCP - Physiotherapist,440c63e6-9b91-4359-a911-e562a36e03b7
Auckland University Of Technology Bachelor,NZL,New Zealand,Auckland,,Other HCP - Physiotherapist,440c63e6-9b91-4359-a911-e562a36e03b7
University Of Otago,NZL,New Zealand,Otago,,Other HCP - Physiotherapist,440c63e6-9b91-4359-a911-e562a36e03b7
Hanze Hogeschool Groningen,NLD,Netherlands,Groningen,,Other HCP - Physiotherapist,440c63e6-9b91-4359-a911-e562a36e03b7
Royal College Of Surgeons In Ireland,IRL,Ireland,Dublin,RCSI,Other HCP - Physiotherapist,440c63e6-9b91-4359-a911-e562a36e03b7
Trinity College Dublin,IRL,Ireland,Dublin,,Other HCP - Physiotherapist,440c63e6-9b91-4359-a911-e562a36e03b7
University College Dublin,IRL,Ireland,Dublin,,Other HCP - Physiotherapist,440c63e6-9b91-4359-a911-e562a36e03b7
University Of Limerick,IRL,Ireland,Munster,UL,Other HCP - Physiotherapist,440c63e6-9b91-4359-a911-e562a36e03b7
Northern Illinois University,USA,United States,Northern,,Other HCP - Physiotherapist,440c63e6-9b91-4359-a911-e562a36e03b7
Western Carolina University,USA,United States,Western,,Other HCP - Physiotherapist,440c63e6-9b91-4359-a911-e562a36e03b7
William Carey University,USA,United States,Western,,Other HCP - Physiotherapist,440c63e6-9b91-4359-a911-e562a36e03b7
University Of Central Florida,USA,United States,Florida,,Other HCP - Physiotherapist,440c63e6-9b91-4359-a911-e562a36e03b7
University Of South Carolina,USA,United States,South Carolina,,Other HCP - Physiotherapist,440c63e6-9b91-4359-a911-e562a36e03b7
Physical Therapy At Delta University,EGY,Egypt,Cairo,,Other HCP - Physiotherapist,440c63e6-9b91-4359-a911-e562a36e03b7
Savonia University Of Applied Sciences,FIN,Finland,North Savo,,Other HCP - Physiotherapist,440c63e6-9b91-4359-a911-e562a36e03b7
Bournemouth University,GBR,United Kingdom,South West England,,Other HCP - Occupational Therapist,151672ce-6176-45e5-aea4-2c8e16c730fc
University Of Bradford,GBR,United Kingdom,Yorkshire and the Humber,,Other HCP - Occupational Therapist,151672ce-6176-45e5-aea4-2c8e16c730fc
University Of The West Of England,GBR,United Kingdom,Western,,Other HCP - Occupational Therapist,151672ce-6176-45e5-aea4-2c8e16c730fc
Canterbury Christ Church University,GBR,United Kingdom,Canterbury,,Other HCP - Occupational Therapist,151672ce-6176-45e5-aea4-2c8e16c730fc
University Of Essex,GBR,United Kingdom,Essex,,Other HCP - Occupational Therapist,151672ce-6176-45e5-aea4-2c8e16c730fc
Coventry University,GBR,United Kingdom,Coventry,,Other HCP - Occupational Therapist,151672ce-6176-45e5-aea4-2c8e16c730fc
University Of Derby,GBR,United Kingdom,East Midlands,,Other HCP - Occupational Therapist,151672ce-6176-45e5-aea4-2c8e16c730fc
University Of Brighton,GBR,United Kingdom,South East England,,Other HCP - Occupational Therapist,151672ce-6176-45e5-aea4-2c8e16c730fc
University Of Huddersfield,GBR,United Kingdom,Yorkshire and the Humber,,Other HCP - Occupational Therapist,151672ce-6176-45e5-aea4-2c8e16c730fc
Kingston University London/St Georges University Of London,GBR,United Kingdom,London,,Other HCP - Occupational Therapist,151672ce-6176-45e5-aea4-2c8e16c730fc
University Of Cumbria,GBR,United Kingdom,North West,,Other HCP - Occupational Therapist,151672ce-6176-45e5-aea4-2c8e16c730fc
Leeds Beckett University,GBR,United Kingdom,North West England,,Other HCP - Occupational Therapist,151672ce-6176-45e5-aea4-2c8e16c730fc
The University Of Liverpool,GBR,United Kingdom,North West England,,Other HCP - Occupational Therapist,151672ce-6176-45e5-aea4-2c8e16c730fc
Brunel University London,GBR,United Kingdom,London,,Other HCP - Occupational Therapist,151672ce-6176-45e5-aea4-2c8e16c730fc
London South Bank University,GBR,United Kingdom,London,,Other HCP - Occupational Therapist,151672ce-6176-45e5-aea4-2c8e16c730fc
Teesside University,GBR,United Kingdom,Middlesbrough,,Other HCP - Occupational Therapist,151672ce-6176-45e5-aea4-2c8e16c730fc
Northumbria University,GBR,United Kingdom,North East,NU,Other HCP - Occupational Therapist,151672ce-6176-45e5-aea4-2c8e16c730fc
The University Of Northampton,GBR,United Kingdom,East Midlands,,Other HCP - Occupational Therapist,151672ce-6176-45e5-aea4-2c8e16c730fc
University Of East Anglia,GBR,United Kingdom,East Anglia,,Other HCP - Occupational Therapist,151672ce-6176-45e5-aea4-2c8e16c730fc
Oxford Brookes University,GBR,United Kingdom,Oxfordshire,OBU,Other HCP - Occupational Therapist,151672ce-6176-45e5-aea4-2c8e16c730fc
Plymouth University,GBR,United Kingdom,Massachusetts,,Other HCP - Occupational Therapist,151672ce-6176-45e5-aea4-2c8e16c730fc
University Of Salford,GBR,United Kingdom,North West,,Other HCP - Occupational Therapist,151672ce-6176-45e5-aea4-2c8e16c730fc
Sheffield Hallam University,GBR,United Kingdom,South Yorkshire,SHU,Other HCP - Occupational Therapist,151672ce-6176-45e5-aea4-2c8e16c730fc
University Of Southampton,GBR,United Kingdom,South East,,Other HCP - Occupational Therapist,151672ce-6176-45e5-aea4-2c8e16c730fc
University Of Worcester,GBR,United Kingdom,Worcester,,Other HCP - Occupational Therapist,151672ce-6176-45e5-aea4-2c8e16c730fc
York St John University,GBR,United Kingdom,York,,Other HCP - Occupational Therapist,151672ce-6176-45e5-aea4-2c8e16c730fc
Ulster University,GBR,United Kingdom,Ulster,,Other HCP - Occupational Therapist,151672ce-6176-45e5-aea4-2c8e16c730fc
The Robert Gordon University,GBR,United Kingdom,Ulster,,Other HCP - Occupational Therapist,151672ce-6176-45e5-aea4-2c8e16c730fc
Queen Margaret University,GBR,United Kingdom,Queensland,,Other HCP - Occupational Therapist,151672ce-6176-45e5-aea4-2c8e16c730fc
Glasgow Caledonian University,GBR,United Kingdom,Scotland,,Other HCP - Occupational Therapist,151672ce-6176-45e5-aea4-2c8e16c730fc
Cardiff University,GBR,United Kingdom,Wales,,Other HCP - Occupational Therapist,151672ce-6176-45e5-aea4-2c8e16c730fc
Glyndwr University,GBR,United Kingdom,Wrexham,,Other HCP - Occupational Therapist,151672ce-6176-45e5-aea4-2c8e16c730fc
Auckland University Of Technology,AUS,Australia,North Island,AUT,Other HCP - Occupational Therapist,151672ce-6176-45e5-aea4-2c8e16c730fc
Australian Catholic University,AUS,Australia,New South Wales,ACU,Other HCP - Occupational Therapist,151672ce-6176-45e5-aea4-2c8e16c730fc
Bond University,AUS,Australia,Queensland,,Other HCP - Occupational Therapist,151672ce-6176-45e5-aea4-2c8e16c730fc
Central Queensland University,AUS,Australia,Queensland,,Other HCP - Occupational Therapist,151672ce-6176-45e5-aea4-2c8e16c730fc
Charles Sturt University,AUS,Australia,New South Wales,CSU,Other HCP - Occupational Therapist,151672ce-6176-45e5-aea4-2c8e16c730fc
Curtin University,AUS,Australia,East Midlands,,Other HCP - Occupational Therapist,151672ce-6176-45e5-aea4-2c8e16c730fc
Deakin University,AUS,Australia,Victoria,,Other HCP - Occupational Therapist,151672ce-6176-45e5-aea4-2c8e16c730fc
Edith Cowan University,AUS,Australia,Western,ECU,Other HCP - Occupational Therapist,151672ce-6176-45e5-aea4-2c8e16c730fc
Flinders University,AUS,Australia,Victoria,,Other HCP - Occupational Therapist,151672ce-6176-45e5-aea4-2c8e16c730fc
Griffith University,AUS,Australia,Queensland,,Other HCP - Occupational Therapist,151672ce-6176-45e5-aea4-2c8e16c730fc
James Cook University,AUS,Australia,Queensland,,Other HCP - Occupational Therapist,151672ce-6176-45e5-aea4-2c8e16c730fc
La Trobe University,AUS,Australia,Queensland,,Other HCP - Occupational Therapist,151672ce-6176-45e5-aea4-2c8e16c730fc
Monash University,AUS,Australia,Queensland,,Other HCP - Occupational Therapist,151672ce-6176-45e5-aea4-2c8e16c730fc
Occupational Therapy Council Of Australia And New Zealand,AUS,Australia,Queensland,,Other HCP - Occupational Therapist,151672ce-6176-45e5-aea4-2c8e16c730fc
Otago Polytechnic,AUS,Australia,Otago,,Other HCP - Occupational Therapist,151672ce-6176-45e5-aea4-2c8e16c730fc
Southern Cross University,AUS,Australia,Southern,,Other HCP - Occupational Therapist,151672ce-6176-45e5-aea4-2c8e16c730fc
Swinburne University Of Technology,AUS,Australia,Victoria,,Other HCP - Occupational Therapist,151672ce-6176-45e5-aea4-2c8e16c730fc
University Of Canberra,AUS,Australia,Canberra,,Other HCP - Occupational Therapist,151672ce-6176-45e5-aea4-2c8e16c730fc
University Of Newcastle,AUS,Australia,Canberra,,Other HCP - Occupational Therapist,151672ce-6176-45e5-aea4-2c8e16c730fc
University Of Queensland,AUS,Australia,Queensland,,Other HCP - Occupational Therapist,151672ce-6176-45e5-aea4-2c8e16c730fc
University Of South Australia,AUS,Australia,Southern,,Other HCP - Occupational Therapist,151672ce-6176-45e5-aea4-2c8e16c730fc
University Of Sydney,AUS,Australia,Sydney,,Other HCP - Occupational Therapist,151672ce-6176-45e5-aea4-2c8e16c730fc
University Of The Sunshine Coast,AUS,Australia,Queensland,,Other HCP - Occupational Therapist,151672ce-6176-45e5-aea4-2c8e16c730fc
Western Sydney University,AUS,Australia,Sydney,,Other HCP - Occupational Therapist,151672ce-6176-45e5-aea4-2c8e16c730fc
National University Of Ireland Galway,IRL,Ireland,Dublin,,Other HCP - Occupational Therapist,151672ce-6176-45e5-aea4-2c8e16c730fc
"Trinity College Dublin, The University Of Dublin",IRL,Ireland,Dublin,,Other HCP - Occupational Therapist,151672ce-6176-45e5-aea4-2c8e16c730fc
University College Cork,IRL,Ireland,Dublin,,Other HCP - Occupational Therapist,151672ce-6176-45e5-aea4-2c8e16c730fc
University Of Limerick,IRL,Ireland,Dublin,,Other HCP - Occupational Therapist,151672ce-6176-45e5-aea4-2c8e16c730fc
Auckland University Of Technology,NZL,New Zealand,North Island,,Other HCP - Occupational Therapist,151672ce-6176-45e5-aea4-2c8e16c730fc
Central Institute Of Technology,NZL,New Zealand,North Island,,Other HCP - Occupational Therapist,151672ce-6176-45e5-aea4-2c8e16c730fc
Otago Polytechnic,NZL,New Zealand,Otago,,Other HCP - Occupational Therapist,151672ce-6176-45e5-aea4-2c8e16c730fc
Australian Catholic University,AUS,Australia,Queensland,,Registered Nurse,18f39740-a7c2-4215-a50c-8782c326d979
Avondale College Of Higher Education,AUS,Australia,Arizona,,Registered Nurse,18f39740-a7c2-4215-a50c-8782c326d979
Central Queensland University,AUS,Australia,Queensland,,Registered Nurse,18f39740-a7c2-4215-a50c-8782c326d979
Charles Darwin University,AUS,Australia,Darwin,CDU,Registered Nurse,18f39740-a7c2-4215-a50c-8782c326d979
Charles Sturt University,AUS,Australia,New South Wales,CSU,Registered Nurse,18f39740-a7c2-4215-a50c-8782c326d979
Curtin University,AUS,Australia,Western,,Registered Nurse,18f39740-a7c2-4215-a50c-8782c326d979
Deakin University,AUS,Australia,Victoria,DU,Registered Nurse,18f39740-a7c2-4215-a50c-8782c326d979
Edith Cowan University,AUS,Australia,Western,,Registered Nurse,18f39740-a7c2-4215-a50c-8782c326d979
Federation University Australia,AUS,Australia,Queensland,,Registered Nurse,18f39740-a7c2-4215-a50c-8782c326d979
Flinders University,AUS,Australia,Victoria,,Registered Nurse,18f39740-a7c2-4215-a50c-8782c326d979
Griffith University,AUS,Australia,Queensland,,Registered Nurse,18f39740-a7c2-4215-a50c-8782c326d979
Holmesglen,AUS,Australia,Queensland,,Registered Nurse,18f39740-a7c2-4215-a50c-8782c326d979
James Cook University,AUS,Australia,Queensland,,Registered Nurse,18f39740-a7c2-4215-a50c-8782c326d979
La Trobe University,AUS,Australia,Queensland,,Registered Nurse,18f39740-a7c2-4215-a50c-8782c326d979
Monash University,AUS,Australia,Queensland,,Registered Nurse,18f39740-a7c2-4215-a50c-8782c326d979
Murdoch University,AUS,Australia,Western,,Registered Nurse,18f39740-a7c2-4215-a50c-8782c326d979
Queensland University Of Technology,AUS,Australia,Queensland,,Registered Nurse,18f39740-a7c2-4215-a50c-8782c326d979
Rmit University,AUS,Australia,Victoria,RMIT,Registered Nurse,18f39740-a7c2-4215-a50c-8782c326d979
Southern Cross University,AUS,Australia,Southern,,Registered Nurse,18f39740-a7c2-4215-a50c-8782c326d979
University Of Adelaide,AUS,Australia,Southern,,Registered Nurse,18f39740-a7c2-4215-a50c-8782c326d979
University Of Canberra,AUS,Australia,Canberra,UC,Registered Nurse,18f39740-a7c2-4215-a50c-8782c326d979
University Of Melbourne,AUS,Australia,Victoria,,Registered Nurse,18f39740-a7c2-4215-a50c-8782c326d979
University Of New England,AUS,Australia,Victoria,,Registered Nurse,18f39740-a7c2-4215-a50c-8782c326d979
University Of Newcastle,AUS,Australia,North East,,Registered Nurse,18f39740-a7c2-4215-a50c-8782c326d979
University Of Notre Dame Australia,AUS,Australia,Western,,Registered Nurse,18f39740-a7c2-4215-a50c-8782c326d979
University Of Queensland,AUS,Australia,Queensland,,Registered Nurse,18f39740-a7c2-4215-a50c-8782c326d979
University Of South Australia,AUS,Australia,Southern,,Registered Nurse,18f39740-a7c2-4215-a50c-8782c326d979
University Of Southern Queensland,AUS,Australia,Queensland,,Registered Nurse,18f39740-a7c2-4215-a50c-8782c326d979
University Of Sydney,AUS,Australia,Sydney,,Registered Nurse,18f39740-a7c2-4215-a50c-8782c326d979
University Of Tasmania,AUS,Australia,Tasmanian,UTAS,Registered Nurse,18f39740-a7c2-4215-a50c-8782c326d979
University Of Technology Sydney,AUS,Australia,Sydney,,Registered Nurse,18f39740-a7c2-4215-a50c-8782c326d979
University Of The Sunshine Coast,AUS,Australia,Queensland,,Registered Nurse,18f39740-a7c2-4215-a50c-8782c326d979
University Of Wollongong,AUS,Australia,New South Wales,UOW,Registered Nurse,18f39740-a7c2-4215-a50c-8782c326d979
Victoria University,AUS,Australia,Victoria,,Registered Nurse,18f39740-a7c2-4215-a50c-8782c326d979
Western Sydney University,AUS,Australia,Sydney,,Registered Nurse,18f39740-a7c2-4215-a50c-8782c326d979
Aboriginal Health College,AUS,Australia,northern,,Registered Nurse,18f39740-a7c2-4215-a50c-8782c326d979
Anmf (Vic Branch) Education Centre,AUS,Australia,Victoria,ANMF,Registered Nurse,18f39740-a7c2-4215-a50c-8782c326d979
Australasian Lawrence Aged Care College,AUS,Australia,Preston,,Registered Nurse,18f39740-a7c2-4215-a50c-8782c326d979
Australian Catholic University (Acucom),AUS,Australia,New South Wales,ACU,Registered Nurse,18f39740-a7c2-4215-a50c-8782c326d979
Australian Nursing And Midwifery Education Centre,AUS,Australia,Ridleyton,,Registered Nurse,18f39740-a7c2-4215-a50c-8782c326d979
Australian Nursing Federation (Tasmania),AUS,Australia,Tasmanian,ANMF,Registered Nurse,18f39740-a7c2-4215-a50c-8782c326d979
Bendigo Tafe (Bendigo Regional Institute Of Tafe),AUS,Australia,Victoria,TAFE,Registered Nurse,18f39740-a7c2-4215-a50c-8782c326d979
Box Hill Institute (Of Tafe),AUS,Australia,Victoria,TAFE,Registered Nurse,18f39740-a7c2-4215-a50c-8782c326d979
Care Training Australia,AUS,Australia,Tasmania,,Registered Nurse,18f39740-a7c2-4215-a50c-8782c326d979
Careers Australia,AUS,Australia,Tasmania,,Registered Nurse,18f39740-a7c2-4215-a50c-8782c326d979
Celtic Training And Consultancy Pty Ltd,AUS,Australia,Queensland,,Registered Nurse,18f39740-a7c2-4215-a50c-8782c326d979
Central Queensland University,AUS,Australia,Queensland,,Registered Nurse,18f39740-a7c2-4215-a50c-8782c326d979
Central Regional Tafe,AUS,Australia,Victoria,,Registered Nurse,18f39740-a7c2-4215-a50c-8782c326d979
Charles Darwin University,AUS,Australia,Darwin,,Registered Nurse,18f39740-a7c2-4215-a50c-8782c326d979
Chisholm Institute Of Tafe,AUS,Australia,Victoria,,Registered Nurse,18f39740-a7c2-4215-a50c-8782c326d979
CIT (Canberra Institute of Technology),AUS,Australia,Canberra,CIT,Registered Nurse,18f39740-a7c2-4215-a50c-8782c326d979
EQUALS International,AUS,Australia,South Australia,,Registered Nurse,18f39740-a7c2-4215-a50c-8782c326d979
Federation Training,AUS,Australia,South Australia,,Registered Nurse,18f39740-a7c2-4215-a50c-8782c326d979
Federation University Australia,AUS,Australia,Queensland,FUA,Registered Nurse,18f39740-a7c2-4215-a50c-8782c326d979
Fox Education and Consultancy,AUS,Australia,Queensland,,Registered Nurse,18f39740-a7c2-4215-a50c-8782c326d979
Gordon Institute of TAFE,AUS,Australia,Victoria,,Registered Nurse,18f39740-a7c2-4215-a50c-8782c326d979
Goulburn Ovens Institute of TAFE (GOTAFE),AUS,Australia,Victoria,TAFE,Registered Nurse,18f39740-a7c2-4215-a50c-8782c326d979
Health Skills Australia,AUS,Australia,Tasmania,,Registered Nurse,18f39740-a7c2-4215-a50c-8782c326d979
Holmesglen,AUS,Australia,New South Wales,,Registered Nurse,18f39740-a7c2-4215-a50c-8782c326d979
Institute of Health and Nursing Australia (IHNA),AUS,Australia,Victoria,IHNA,Registered Nurse,18f39740-a7c2-4215-a50c-8782c326d979
Job Training Institute,AUS,Australia,Victoria,,Registered Nurse,18f39740-a7c2-4215-a50c-8782c326d979
Kangan Institute,AUS,Australia,Victoria,,Registered Nurse,18f39740-a7c2-4215-a50c-8782c326d979
Marr Mooditj Training Incorporated (previously known as Marr Mooditj Foundation Inc),AUS,Australia,Victoria,,Registered Nurse,18f39740-a7c2-4215-a50c-8782c326d979
Mater Education Limited (Mater Health Services Limited),AUS,Australia,Victoria,,Registered Nurse,18f39740-a7c2-4215-a50c-8782c326d979
Mayfield Education,AUS,Australia,Ohia,,Registered Nurse,18f39740-a7c2-4215-a50c-8782c326d979
Menzies Institute of Technology,AUS,Australia,Victoria,,Registered Nurse,18f39740-a7c2-4215-a50c-8782c326d979
New South Wales Health RTO,AUS,Australia,New South Wales,RTO,Registered Nurse,18f39740-a7c2-4215-a50c-8782c326d979
Northland Polytechnic,AUS,Australia,Northern,,Registered Nurse,18f39740-a7c2-4215-a50c-8782c326d979
North Metropolitan TAFE,AUS,Australia,Northern,,Registered Nurse,18f39740-a7c2-4215-a50c-8782c326d979
North Regional TAFE,AUS,Australia,Northern,,Registered Nurse,18f39740-a7c2-4215-a50c-8782c326d979
Partners in Training Australia,AUS,Australia,Queensland,,Registered Nurse,18f39740-a7c2-4215-a50c-8782c326d979
RMIT University,AUS,Australia,Victoria,RMIT,Registered Nurse,18f39740-a7c2-4215-a50c-8782c326d979
Royal Gurkhas Institute of Technology,AUS,Australia,Victoria,RGIT,Registered Nurse,18f39740-a7c2-4215-a50c-8782c326d979
Skills Training Australia,AUS,Australia,Queensland,,Registered Nurse,18f39740-a7c2-4215-a50c-8782c326d979
South Metropolitan TAFE,AUS,Australia,Southern,,Registered Nurse,18f39740-a7c2-4215-a50c-8782c326d979
South Regional TAFE,AUS,Australia,Southern,,Registered Nurse,18f39740-a7c2-4215-a50c-8782c326d979
South West Institute of TAFE,AUS,Australia,Southern,,Registered Nurse,18f39740-a7c2-4215-a50c-8782c326d979
Southern Cross Education Institute,AUS,Australia,Southern,,Registered Nurse,18f39740-a7c2-4215-a50c-8782c326d979
Sunraysia Institute of TAFE,AUS,Australia,Victoria,,Registered Nurse,18f39740-a7c2-4215-a50c-8782c326d979
Swinburne University of Technology,AUS,Australia,Victoria,,Registered Nurse,18f39740-a7c2-4215-a50c-8782c326d979
TAFE NSW,AUS,Australia,New South Wales,,Registered Nurse,18f39740-a7c2-4215-a50c-8782c326d979
TAFE Queensland Brisbane,AUS,Australia,Queensland,,Registered Nurse,18f39740-a7c2-4215-a50c-8782c326d979
TAFE Queensland East Coast,AUS,Australia,Queensland,,Registered Nurse,18f39740-a7c2-4215-a50c-8782c326d979
TAFE Queensland Gold Coast,AUS,Australia,Queensland,,Registered Nurse,18f39740-a7c2-4215-a50c-8782c326d979
TAFE Queensland North,AUS,Australia,Queensland,,Registered Nurse,18f39740-a7c2-4215-a50c-8782c326d979
TAFE Queensland South West,AUS,Australia,Queensland,,Registered Nurse,18f39740-a7c2-4215-a50c-8782c326d979
TAFE SA,AUS,Australia,Queensland,,Registered Nurse,18f39740-a7c2-4215-a50c-8782c326d979
TasTAFE,AUS,Australia,Queensland,,Registered Nurse,18f39740-a7c2-4215-a50c-8782c326d979
Torrens University,AUS,Australia,Sydney,,Registered Nurse,18f39740-a7c2-4215-a50c-8782c326d979
University of Notre Dame Australia,AUS,Australia,Western,,Registered Nurse,18f39740-a7c2-4215-a50c-8782c326d979
UOW College,AUS,Australia,New South Wales,,Registered Nurse,18f39740-a7c2-4215-a50c-8782c326d979
VFA Learning,AUS,Australia,Victoria,,Registered Nurse,18f39740-a7c2-4215-a50c-8782c326d979
Victoria University,AUS,Australia,Victoria,,Registered Nurse,18f39740-a7c2-4215-a50c-8782c326d979
Wodonga Institute of TAFE,AUS,Australia,Victoria,,Registered Nurse,18f39740-a7c2-4215-a50c-8782c326d979
YourLife Health & Learning Inc,AUS,Australia,Victoria,,Registered Nurse,18f39740-a7c2-4215-a50c-8782c326d979
Ara Institute of Canterbury,NZL,New Zealand,Canterbury,,Registered Nurse,18f39740-a7c2-4215-a50c-8782c326d979
NorthTec,NZL,New Zealand,North Island,,Registered Nurse,18f39740-a7c2-4215-a50c-8782c326d979
Manukau Institute of Technology,NZL,New Zealand,North Island,,Registered Nurse,18f39740-a7c2-4215-a50c-8782c326d979
Otago Polytechnic,NZL,New Zealand,Otago,,Registered Nurse,18f39740-a7c2-4215-a50c-8782c326d979
Southland Institute of Technology,NZL,New Zealand,Southland,,Registered Nurse,18f39740-a7c2-4215-a50c-8782c326d979
Unitec Institute of Technology,NZL,New Zealand,North Island,,Registered Nurse,18f39740-a7c2-4215-a50c-8782c326d979
Universal College of Learning,NZL,New Zealand,North Island,UCOL,Registered Nurse,18f39740-a7c2-4215-a50c-8782c326d979
Whitireia Community Polytechnic,NZL,New Zealand,Whitireia,,Registered Nurse,18f39740-a7c2-4215-a50c-8782c326d979
Wintec,NZL,New Zealand,North Island,,Registered Nurse,18f39740-a7c2-4215-a50c-8782c326d979
Auckland University of Technology,NZL,New Zealand,North Island,,Registered Nurse,18f39740-a7c2-4215-a50c-8782c326d979
Ara Institute of Canterbury,NZL,New Zealand,Canterbury,,Registered Nurse,18f39740-a7c2-4215-a50c-8782c326d979
Eastern Institute of Technology,NZL,New Zealand,North Island,EIT,Registered Nurse,18f39740-a7c2-4215-a50c-8782c326d979
Manukau Institute of Technology,NZL,New Zealand,North Island,,Registered Nurse,18f39740-a7c2-4215-a50c-8782c326d979
Massey University,NZL,New Zealand,North Island,,Registered Nurse,18f39740-a7c2-4215-a50c-8782c326d979
Nelson Marlborough Institute of Technology,NZL,New Zealand,North Island,,Registered Nurse,18f39740-a7c2-4215-a50c-8782c326d979
NorthTec,NZL,New Zealand,North Island,,Registered Nurse,18f39740-a7c2-4215-a50c-8782c326d979
Otago Polytechnic,NZL,New Zealand,Otago,,Registered Nurse,18f39740-a7c2-4215-a50c-8782c326d979
Southland Institute of Technology,NZL,New Zealand,Southland,,Registered Nurse,18f39740-a7c2-4215-a50c-8782c326d979
Te Whare Wānanga o Awanuiārangi,NZL,New Zealand,Southland,,Registered Nurse,18f39740-a7c2-4215-a50c-8782c326d979
Unitec Institute of Technology,NZL,New Zealand,North Island,,Registered Nurse,18f39740-a7c2-4215-a50c-8782c326d979
Universal College of Learning,NZL,New Zealand,North Island,,Registered Nurse,18f39740-a7c2-4215-a50c-8782c326d979
University of Auckland,NZL,New Zealand,North Island,,Registered Nurse,18f39740-a7c2-4215-a50c-8782c326d979
Western Institute of Technology at Taranaki,NZL,New Zealand,Western,,Registered Nurse,18f39740-a7c2-4215-a50c-8782c326d979
Waiariki Institute of Technology (Toioho Mai Institute of technology),NZL,New Zealand,South Waikato,,Registered Nurse,18f39740-a7c2-4215-a50c-8782c326d979
Waikato Institute of Technology,NZL,New Zealand,South Waikato,,Registered Nurse,18f39740-a7c2-4215-a50c-8782c326d979
Whitireia Community Polytechnic,NZL,New Zealand,Whitireia,,Registered Nurse,18f39740-a7c2-4215-a50c-8782c326d979
Dublin City University,IRL,Ireland,Dublin,DCU,Registered Nurse,18f39740-a7c2-4215-a50c-8782c326d979
Trinity College Dublin,IRL,Ireland,Dublin,TCU,Registered Nurse,18f39740-a7c2-4215-a50c-8782c326d979
University College Dublin,IRL,Ireland,Dublin,,Registered Nurse,18f39740-a7c2-4215-a50c-8782c326d979
University College Cork,IRL,Ireland,Dublin,,Registered Nurse,18f39740-a7c2-4215-a50c-8782c326d979
Athlone Institute of Technology,IRL,Ireland,Midlands,AIT,Registered Nurse,18f39740-a7c2-4215-a50c-8782c326d979
Dundalk Institute of Technology,IRL,Ireland,South Ulster,DKIT,Registered Nurse,18f39740-a7c2-4215-a50c-8782c326d979
Galway Mayo Institute of Technology,IRL,Ireland,Connacht,GMIT,Registered Nurse,18f39740-a7c2-4215-a50c-8782c326d979
Institute of Technology Tralee,IRL,Ireland,south-west,IT,Registered Nurse,18f39740-a7c2-4215-a50c-8782c326d979
Letterkenny Institute of Technology,IRL,Ireland,Ulster,LYIT,Registered Nurse,18f39740-a7c2-4215-a50c-8782c326d979
National University of Ireland Galway,IRL,Ireland,Connacht,,Registered Nurse,18f39740-a7c2-4215-a50c-8782c326d979
St. Angela's College Sligo,IRL,Ireland,Sligo,NUI,Registered Nurse,18f39740-a7c2-4215-a50c-8782c326d979
University of Limerick,IRL,Ireland,Dublin,,Registered Nurse,18f39740-a7c2-4215-a50c-8782c326d979
Waterford Institute of Technology,IRL,Ireland,South-East,WIT,Registered Nurse,18f39740-a7c2-4215-a50c-8782c326d979
Anglia Ruskin University,GBR,United Kingdom,Anglia,,Registered Nurse,18f39740-a7c2-4215-a50c-8782c326d979
Bangor University,GBR,United Kingdom,northwest Wales,,Registered Nurse,18f39740-a7c2-4215-a50c-8782c326d979
Birmingham City University,GBR,United Kingdom,West Midlands,,Registered Nurse,18f39740-a7c2-4215-a50c-8782c326d979
Bournemouth University,GBR,United Kingdom,Bournemouth,,Registered Nurse,18f39740-a7c2-4215-a50c-8782c326d979
BPP University,GBR,United Kingdom,West Midlands,BPP,Registered Nurse,18f39740-a7c2-4215-a50c-8782c326d979
Buckinghamshire New University,GBR,United Kingdom,South East,,Registered Nurse,18f39740-a7c2-4215-a50c-8782c326d979
Canterbury Christ Church University,GBR,United Kingdom,Canterbury,,Registered Nurse,18f39740-a7c2-4215-a50c-8782c326d979
City University London,GBR,United Kingdom,London,,Registered Nurse,18f39740-a7c2-4215-a50c-8782c326d979
Coventry University,GBR,United Kingdom,Coventry,,Registered Nurse,18f39740-a7c2-4215-a50c-8782c326d979
De Montfort University,GBR,United Kingdom,London,DMU,Registered Nurse,18f39740-a7c2-4215-a50c-8782c326d979
Edge Hill University,GBR,United Kingdom,North West,,Registered Nurse,18f39740-a7c2-4215-a50c-8782c326d979
Edinburgh Napier University,GBR,United Kingdom,Scotland,,Registered Nurse,18f39740-a7c2-4215-a50c-8782c326d979
Glasgow Caledonian University,GBR,United Kingdom,Scotland,,Registered Nurse,18f39740-a7c2-4215-a50c-8782c326d979
Glyndwr University (formerly North East Wales Inst. of HE),GBR,United Kingdom,North East Wales,,Registered Nurse,18f39740-a7c2-4215-a50c-8782c326d979
Keele University,GBR,United Kingdom,North East Wales,,Registered Nurse,18f39740-a7c2-4215-a50c-8782c326d979
King's College London,GBR,United Kingdom,London,KCL,Registered Nurse,18f39740-a7c2-4215-a50c-8782c326d979
Kingston University & St George's University of London,GBR,United Kingdom,London,,Registered Nurse,18f39740-a7c2-4215-a50c-8782c326d979
Leeds Beckett University,GBR,United Kingdom,West Yorkshire,,Registered Nurse,18f39740-a7c2-4215-a50c-8782c326d979
Liverpool John Moores University,GBR,United Kingdom,North West England,,Registered Nurse,18f39740-a7c2-4215-a50c-8782c326d979
London South Bank University,GBR,United Kingdom,London,,Registered Nurse,18f39740-a7c2-4215-a50c-8782c326d979
Manchester Metropolitan University,GBR,United Kingdom,North West England,MMU,Registered Nurse,18f39740-a7c2-4215-a50c-8782c326d979
Middlesex University,GBR,United Kingdom,London,MU,Registered Nurse,18f39740-a7c2-4215-a50c-8782c326d979
Oxford Brookes University,GBR,United Kingdom,Oxfordshire,,Registered Nurse,18f39740-a7c2-4215-a50c-8782c326d979
Queen Margaret University,GBR,United Kingdom,Scotland,QMU,Registered Nurse,18f39740-a7c2-4215-a50c-8782c326d979
Sheffield Hallam University,GBR,United Kingdom,South Yorkshire,SHU,Registered Nurse,18f39740-a7c2-4215-a50c-8782c326d979
Staffordshire University,GBR,United Kingdom,West Midlands,,Registered Nurse,18f39740-a7c2-4215-a50c-8782c326d979
Swansea University,GBR,United Kingdom,West Midlands,,Registered Nurse,18f39740-a7c2-4215-a50c-8782c326d979
Teesside University,GBR,United Kingdom,Middlesbrough,,Registered Nurse,18f39740-a7c2-4215-a50c-8782c326d979
The Open University,GBR,United Kingdom,Middlesbrough,OU,Registered Nurse,18f39740-a7c2-4215-a50c-8782c326d979
The Queen's University Of Belfast,GBR,United Kingdom,Northern,QUB,Registered Nurse,18f39740-a7c2-4215-a50c-8782c326d979
The Robert Gordon University,GBR,United Kingdom,Scotland,RGU,Registered Nurse,18f39740-a7c2-4215-a50c-8782c326d979
The University of Hull,GBR,United Kingdom,Yorkshire,,Registered Nurse,18f39740-a7c2-4215-a50c-8782c326d979
University Campus Suffolk,GBR,United Kingdom,East Anglian,,Registered Nurse,18f39740-a7c2-4215-a50c-8782c326d979
University Of Abertay Dundee,GBR,United Kingdom,Dundee,,Registered Nurse,18f39740-a7c2-4215-a50c-8782c326d979
University of Bedfordshire,GBR,United Kingdom,Bedfordshire,,Registered Nurse,18f39740-a7c2-4215-a50c-8782c326d979
University Of Birmingham,GBR,United Kingdom,West Midlands,,Registered Nurse,18f39740-a7c2-4215-a50c-8782c326d979
University of Bolton,GBR,United Kingdom,North West,,Registered Nurse,18f39740-a7c2-4215-a50c-8782c326d979
University of Bradford,GBR,United Kingdom,West Yorkshire,,Registered Nurse,18f39740-a7c2-4215-a50c-8782c326d979
University Of Brighton,GBR,United Kingdom,East Sussex,,Registered Nurse,18f39740-a7c2-4215-a50c-8782c326d979
University of Cardiff,GBR,United Kingdom,Glamorgan,,Registered Nurse,18f39740-a7c2-4215-a50c-8782c326d979
University of Central Lancashire,GBR,United Kingdom,Glamorgan,Uclan,Registered Nurse,18f39740-a7c2-4215-a50c-8782c326d979
University of Chester,GBR,United Kingdom,Wales,,Registered Nurse,18f39740-a7c2-4215-a50c-8782c326d979
University of Cumbria,GBR,United Kingdom,North West,,Registered Nurse,18f39740-a7c2-4215-a50c-8782c326d979
University of Derby,GBR,United Kingdom,East Midlands,,Registered Nurse,18f39740-a7c2-4215-a50c-8782c326d979
University Of Dundee,GBR,United Kingdom,Dundee,,Registered Nurse,18f39740-a7c2-4215-a50c-8782c326d979
University of East Anglia,GBR,United Kingdom,East Anglia,,Registered Nurse,18f39740-a7c2-4215-a50c-8782c326d979
University Of Edinburgh,GBR,United Kingdom,South East,,Registered Nurse,18f39740-a7c2-4215-a50c-8782c326d979
University Of Essex,GBR,United Kingdom,Essex,,Registered Nurse,18f39740-a7c2-4215-a50c-8782c326d979
University Of Glasgow,GBR,United Kingdom,Scotland,,Registered Nurse,18f39740-a7c2-4215-a50c-8782c326d979
University Of Greenwich,GBR,United Kingdom,Greenwich,,Registered Nurse,18f39740-a7c2-4215-a50c-8782c326d979
University Of Hertfordshire,GBR,United Kingdom,Hertfordshire,,Registered Nurse,18f39740-a7c2-4215-a50c-8782c326d979
University of Highlands and Islands,GBR,United Kingdom,Scottish Island,,Registered Nurse,18f39740-a7c2-4215-a50c-8782c326d979
University Of Huddersfield,GBR,United Kingdom,Yorkshire and the Humber,,Registered Nurse,18f39740-a7c2-4215-a50c-8782c326d979
University Of Leeds,GBR,United Kingdom,West Yorkshire,,Registered Nurse,18f39740-a7c2-4215-a50c-8782c326d979
University of Lincoln,GBR,United Kingdom,East Midlands,,Registered Nurse,18f39740-a7c2-4215-a50c-8782c326d979
University Of Liverpool,GBR,United Kingdom,northwestern,,Registered Nurse,18f39740-a7c2-4215-a50c-8782c326d979
University Of Manchester,GBR,United Kingdom,North West England,,Registered Nurse,18f39740-a7c2-4215-a50c-8782c326d979
University of Northampton,GBR,United Kingdom,East Midlands,,Registered Nurse,18f39740-a7c2-4215-a50c-8782c326d979
University Of Northumbria At Newcastle,GBR,United Kingdom,North East,NUI,Registered Nurse,18f39740-a7c2-4215-a50c-8782c326d979
University of Nottingham,GBR,United Kingdom,East Midlands,,Registered Nurse,18f39740-a7c2-4215-a50c-8782c326d979
University Of Plymouth,GBR,United Kingdom,Massachusetts,PSU,Registered Nurse,18f39740-a7c2-4215-a50c-8782c326d979
University of Salford,GBR,United Kingdom,North West,,Registered Nurse,18f39740-a7c2-4215-a50c-8782c326d979
University Of Sheffield,GBR,United Kingdom,"South Yorkshire,",,Registered Nurse,18f39740-a7c2-4215-a50c-8782c326d979
University of South Wales,GBR,United Kingdom,South Wales,,Registered Nurse,18f39740-a7c2-4215-a50c-8782c326d979
University Of Southampton,GBR,United Kingdom,"South East England,",,Registered Nurse,18f39740-a7c2-4215-a50c-8782c326d979
University Of Stirling,GBR,United Kingdom,Stirling,,Registered Nurse,18f39740-a7c2-4215-a50c-8782c326d979
University of Sunderland,GBR,United Kingdom,"South East England,",,Registered Nurse,18f39740-a7c2-4215-a50c-8782c326d979
University of Surrey,GBR,United Kingdom,South East,,Registered Nurse,18f39740-a7c2-4215-a50c-8782c326d979
"University Of The West Of England, Bristol",GBR,United Kingdom,South West England,UWE,Registered Nurse,18f39740-a7c2-4215-a50c-8782c326d979
University of Ulster,GBR,United Kingdom,Ulster,,Registered Nurse,18f39740-a7c2-4215-a50c-8782c326d979
University of West London,GBR,United Kingdom,West London,,Registered Nurse,18f39740-a7c2-4215-a50c-8782c326d979
University of the West of Scotland,GBR,United Kingdom,Western,,Registered Nurse,18f39740-a7c2-4215-a50c-8782c326d979
University Of Wolverhampton,GBR,United Kingdom,West Midlands,,Registered Nurse,18f39740-a7c2-4215-a50c-8782c326d979
University of Worcester,GBR,United Kingdom,Massachusetts,,Registered Nurse,18f39740-a7c2-4215-a50c-8782c326d979
University Of York,GBR,United Kingdom,North Yorkshire,,Registered Nurse,18f39740-a7c2-4215-a50c-8782c326d979
Solent University,GBR,United Kingdom,South East England,,Registered Nurse,18f39740-a7c2-4215-a50c-8782c326d979
Pamukkale Üniversitesi,TUR,Turkey,Denizli,PAU,Registered Nurse,18f39740-a7c2-4215-a50c-8782c326d979
South-Eastern Finland University of Applied Sciences (XAMK),FIN,Finland,South-Eastern,XAMPL,Registered Nurse,18f39740-a7c2-4215-a50c-8782c326d979
Suez Canal University,EGY,Egypt,Suez Canal,,Registered Nurse,18f39740-a7c2-4215-a50c-8782c326d979
ROC leeuwenborgh,NLD,Netherlands,Gelderland,,Registered Nurse,18f39740-a7c2-4215-a50c-8782c326d979
ROC A 12,NLD,Netherlands,Gelderland,,Registered Nurse,18f39740-a7c2-4215-a50c-8782c326d979
Mälardalens Högskola,SWE,Sweden,Vastmanland,MDH,Registered Nurse,18f39740-a7c2-4215-a50c-8782c326d979
Southern institute of technology,NZL,New Zealand,Calgary,SAIT,Registered Nurse,18f39740-a7c2-4215-a50c-8782c326d979
Toi Ohomai Tauranga,NZL,New Zealand,Tauranga,,Registered Nurse,18f39740-a7c2-4215-a50c-8782c326d979
Università di Padova,ITA,Italy,Veneto,,Registered Nurse,18f39740-a7c2-4215-a50c-8782c326d979
Høyskole Oslo og Akershus,NOR,Norway,Oslo,,Registered Nurse,18f39740-a7c2-4215-a50c-8782c326d979
Karolinska Institute,SWE,Sweden,Solna,KI,Registered Nurse,18f39740-a7c2-4215-a50c-8782c326d979
Tampere University of Applied Sciences (TAMK),NLD,Netherlands,Pirkanmaa,TAMK,Registered Nurse,18f39740-a7c2-4215-a50c-8782c326d979
University College Absalon,DNK,Denmark,Absalon,,Registered Nurse,18f39740-a7c2-4215-a50c-8782c326d979
Turku University of Applied Sciences (Turun Ammattikorkeakoulu),FIN,Finland,Turku,TUAS,Registered Nurse,18f39740-a7c2-4215-a50c-8782c326d979
Erasmushogeschool Brussel,BEL,Belgium,Brussels,,Registered Nurse,18f39740-a7c2-4215-a50c-8782c326d979
Henallux Namur,BEL,Belgium,Namur,,Registered Nurse,18f39740-a7c2-4215-a50c-8782c326d979
Hogent,BEL,Belgium,South Eastern,,Registered Nurse,18f39740-a7c2-4215-a50c-8782c326d979
Artevelde Hogeschool,BEL,Belgium,Ghent,,Registered Nurse,18f39740-a7c2-4215-a50c-8782c326d979
ZoWe Verpleegkunde,BEL,Belgium,Brussels,,Registered Nurse,18f39740-a7c2-4215-a50c-8782c326d979
Hogeschool Leiden,NLD,Netherlands,South Holland,UAS,Registered Nurse,18f39740-a7c2-4215-a50c-8782c326d979
Hogeschool Utrecht,NLD,Netherlands,Utrecht,,Registered Nurse,18f39740-a7c2-4215-a50c-8782c326d979
Hanzehogeschool Verpleegkunde Groningen,NLD,Netherlands,Groningen,,Registered Nurse,18f39740-a7c2-4215-a50c-8782c326d979
ROC Mondriaan,NLD,Netherlands,South Holland,,Registered Nurse,18f39740-a7c2-4215-a50c-8782c326d979
Hogeschool Viaa,NLD,Netherlands,South Holland,,Registered Nurse,18f39740-a7c2-4215-a50c-8782c326d979
Windesheim,NLD,Netherlands,Rhineland-Palatinate,,Registered Nurse,18f39740-a7c2-4215-a50c-8782c326d979
Høgskolen på Vestlandet,NOR,Norway,Western Norway,,Registered Nurse,18f39740-a7c2-4215-a50c-8782c326d979