Alabama College of Osteopathic Medicine,USA,United States,Alabama,Physician,ACOM,Physician,7275dbe6-7416-4352-b2d9-ebf3d580cc0d
Edward Via College of Osteopathic Medicine,USA,United States,Virginia ,Physician,VCOM,Physician,7275dbe6-7416-4352-b2d9-ebf3d580cc0d
University of Alabama School of Medicine,USA,United States,Alabama,Physician,UAB,Physician,7275dbe6-7416-4352-b2d9-ebf3d580cc0d
University of South Alabama College of Medicine,USA,United States,Alabama,Physician,,Physician,7275dbe6-7416-4352-b2d9-ebf3d580cc0d
A.T. Still University School of Osteopathic Medicine,USA,United States,Arizona,Physician,,Physician,7275dbe6-7416-4352-b2d9-ebf3d580cc0d
Midwestern University Arizona College of Osteopathic Medicine,USA,United States,Arizona,Physician,,Physician,7275dbe6-7416-4352-b2d9-ebf3d580cc0d
University of Arizona College of Medicine,USA,United States,Arizona,Physician,,Physician,7275dbe6-7416-4352-b2d9-ebf3d580cc0d
University of Arkansas for Medical Sciences College of Medicine,USA,United States,Arkansas,Physician,UAMS ,Physician,7275dbe6-7416-4352-b2d9-ebf3d580cc0d
Arkansas College of Osteopathic Medicine,USA,United States,Arkansas,Physician,,Physician,7275dbe6-7416-4352-b2d9-ebf3d580cc0d
California Northstate University College of Medicine,USA,United States,California,Physician,,Physician,7275dbe6-7416-4352-b2d9-ebf3d580cc0d
Charles R. Drew University of Medicine and Science,USA,United States,California,Physician,,Physician,7275dbe6-7416-4352-b2d9-ebf3d580cc0d
David Geffen School of Medicine at UCLA,USA,United States,California,Physician,UCLA,Physician,7275dbe6-7416-4352-b2d9-ebf3d580cc0d
Keck School of Medicine of University of Southern California,USA,United States,California,Physician,,Physician,7275dbe6-7416-4352-b2d9-ebf3d580cc0d
Loma Linda University School of Medicine,USA,United States,California,Physician,,Physician,7275dbe6-7416-4352-b2d9-ebf3d580cc0d
Stanford University School of Medicine,USA,United States,California,Physician,,Physician,7275dbe6-7416-4352-b2d9-ebf3d580cc0d
Touro University California College of Osteopathic Medicine,USA,United States,California,Physician,,Physician,7275dbe6-7416-4352-b2d9-ebf3d580cc0d
University of California - Davis School of Medicine,USA,United States,California,Physician,UC,Physician,7275dbe6-7416-4352-b2d9-ebf3d580cc0d
University of California - Riverside School of Medicine,USA,United States,California,Physician,UC,Physician,7275dbe6-7416-4352-b2d9-ebf3d580cc0d
University of California - Irvine School of Medicine,USA,United States,California,Physician,UC,Physician,7275dbe6-7416-4352-b2d9-ebf3d580cc0d
University of California - San Diego School of Medicine,USA,United States,California,Physician,UC,Physician,7275dbe6-7416-4352-b2d9-ebf3d580cc0d
University of California - San Francisco School of Medicine,USA,United States,California,Physician,UC,Physician,7275dbe6-7416-4352-b2d9-ebf3d580cc0d
Western University of Health Sciences - College of Osteopathic Medicine of the Pacific,USA,United States,California,Physician,,Physician,7275dbe6-7416-4352-b2d9-ebf3d580cc0d
California University of Science and Medicine School of Medicine,USA,United States,California,Physician,,Physician,7275dbe6-7416-4352-b2d9-ebf3d580cc0d
Rocky Vista University College of Osteopathic Medicine,USA,United States,Colorado,Physician,,Physician,7275dbe6-7416-4352-b2d9-ebf3d580cc0d
University of Colorado School of Medicine,USA,United States,Colorado,Physician,,Physician,7275dbe6-7416-4352-b2d9-ebf3d580cc0d
Frank H. Netter M.D. School of Medicine at Quinnipiac University,USA,United States,Connecticut,Physician,,Physician,7275dbe6-7416-4352-b2d9-ebf3d580cc0d
University of Connecticut School of Medicine,USA,United States,Connecticut,Physician,,Physician,7275dbe6-7416-4352-b2d9-ebf3d580cc0d
Yale School of Medicine,USA,United States,Connecticut,Physician,,Physician,7275dbe6-7416-4352-b2d9-ebf3d580cc0d
George Washington University Medical School,USA,United States,District of Columbia,Physician,,Physician,7275dbe6-7416-4352-b2d9-ebf3d580cc0d
Georgetown University School of Medicine,USA,United States,District of Columbia,Physician,,Physician,7275dbe6-7416-4352-b2d9-ebf3d580cc0d
Howard University College of Medicine,USA,United States,District of Columbia,Physician,,Physician,7275dbe6-7416-4352-b2d9-ebf3d580cc0d
Florida Atlantic University Charles E. Schmidt College of Medicine,USA,United States,Florida,Physician,,Physician,7275dbe6-7416-4352-b2d9-ebf3d580cc0d
Florida International University Herbert Wertheim College of Medicine,USA,United States,Florida,Physician,,Physician,7275dbe6-7416-4352-b2d9-ebf3d580cc0d
Florida State University College of Medicine,USA,United States,Florida,Physician,,Physician,7275dbe6-7416-4352-b2d9-ebf3d580cc0d
Lake Erie College of Osteopathic Medicine,USA,United States,Pennsylvania,Physician,LECOM,Physician,7275dbe6-7416-4352-b2d9-ebf3d580cc0d
Nova Southeastern University College of Osteopathic Medicine,USA,United States,Florida,Physician,NSU,Physician,7275dbe6-7416-4352-b2d9-ebf3d580cc0d
University of Central Florida College of Medicine,USA,United States,Florida,Physician,,Physician,7275dbe6-7416-4352-b2d9-ebf3d580cc0d
University of Florida College of Medicine,USA,United States,Florida,Physician,,Physician,7275dbe6-7416-4352-b2d9-ebf3d580cc0d
University of Miami Leonard M. Miller School of Medicine,USA,United States,Florida,Physician,,Physician,7275dbe6-7416-4352-b2d9-ebf3d580cc0d
University of South Florida College of Medicine,USA,United States,Florida,Physician,,Physician,7275dbe6-7416-4352-b2d9-ebf3d580cc0d
Emory University School of Medicine,USA,United States,Georgia,Physician,,Physician,7275dbe6-7416-4352-b2d9-ebf3d580cc0d
Augusta University Medical College of Georgia,USA,United States,Georgia,Physician,,Physician,7275dbe6-7416-4352-b2d9-ebf3d580cc0d
Mercer University School of Medicine,USA,United States,Georgia,Physician,,Physician,7275dbe6-7416-4352-b2d9-ebf3d580cc0d
Morehouse School of Medicine,USA,United States,Georgia,Physician,MSM,Physician,7275dbe6-7416-4352-b2d9-ebf3d580cc0d
Philadelphia College of Osteopathic Medicine - Georgia ,USA,United States,Georgia,Physician,,Physician,7275dbe6-7416-4352-b2d9-ebf3d580cc0d
University of Hawaii at Manoa John A. Burns School of Medicine,USA,United States,Hawaii,Physician,JABSOM,Physician,7275dbe6-7416-4352-b2d9-ebf3d580cc0d
Idaho College of Osteopathic Medicine,USA,United States,Idaho,Physician,,Physician,7275dbe6-7416-4352-b2d9-ebf3d580cc0d
Loyola University Chicago Stritch School of Medicine,USA,United States,Illinois,Physician,,Physician,7275dbe6-7416-4352-b2d9-ebf3d580cc0d
Midwestern University Chicago College of Osteopathic Medicine,USA,United States,Illinois,Physician,,Physician,7275dbe6-7416-4352-b2d9-ebf3d580cc0d
Northwestern University Feinberg School of Medicine,USA,United States,Illinois,Physician,,Physician,7275dbe6-7416-4352-b2d9-ebf3d580cc0d
Rosalind Franklin University - Chicago Medical School,USA,United States,Illinois,Physician,,Physician,7275dbe6-7416-4352-b2d9-ebf3d580cc0d
Rush Medical College,USA,United States,Illinois,Physician,,Physician,7275dbe6-7416-4352-b2d9-ebf3d580cc0d
Southern Illinois University School of Medicine,USA,United States,Illinois,Physician,,Physician,7275dbe6-7416-4352-b2d9-ebf3d580cc0d
University of Chicago Pritzker School of Medicine,USA,United States,Illinois,Physician,,Physician,7275dbe6-7416-4352-b2d9-ebf3d580cc0d
University of Illinois College of Medicine,USA,United States,Illinois,Physician,,Physician,7275dbe6-7416-4352-b2d9-ebf3d580cc0d
Indiana University School of Medicine,USA,United States,Indiana,Physician,,Physician,7275dbe6-7416-4352-b2d9-ebf3d580cc0d
Marian University College of Osteopathic Medicine,USA,United States,Indiana,Physician,,Physician,7275dbe6-7416-4352-b2d9-ebf3d580cc0d
Des Moines University College of Osteopathic Medicine,USA,United States,Iowa,Physician,DMU,Physician,7275dbe6-7416-4352-b2d9-ebf3d580cc0d
University of Iowa Roy J. and Lucille A. Carver College of Medicine,USA,United States,Iowa,Physician,,Physician,7275dbe6-7416-4352-b2d9-ebf3d580cc0d
University of Kansas School of Medicine,USA,United States,Kansas,Physician,,Physician,7275dbe6-7416-4352-b2d9-ebf3d580cc0d
University of Kentucky College of Medicine,USA,United States,Kentucky,Physician,,Physician,7275dbe6-7416-4352-b2d9-ebf3d580cc0d
University of Louisville School of Medicine,USA,United States,Kentucky,Physician,,Physician,7275dbe6-7416-4352-b2d9-ebf3d580cc0d
University of Pikeville Kentucky College of Osteopathic Medicine,USA,United States,Kentucky,Physician,,Physician,7275dbe6-7416-4352-b2d9-ebf3d580cc0d
Louisiana State University School of Medicine in New Orleans,USA,United States,Louisiana,Physician,,Physician,7275dbe6-7416-4352-b2d9-ebf3d580cc0d
Louisiana State University School of Medicine in Shreveport,USA,United States,Louisiana,Physician,,Physician,7275dbe6-7416-4352-b2d9-ebf3d580cc0d
Tulane University School of Medicine,USA,United States,Louisiana,Physician,,Physician,7275dbe6-7416-4352-b2d9-ebf3d580cc0d
University of New England College of Osteopathic Medicine,USA,United States,Maine,Physician,,Physician,7275dbe6-7416-4352-b2d9-ebf3d580cc0d
Eastern Maine Community College,USA,United States,Maine,Physician,,Physician,7275dbe6-7416-4352-b2d9-ebf3d580cc0d
Johns Hopkins University School of Medicine,USA,United States,Maryland,Physician,,Physician,7275dbe6-7416-4352-b2d9-ebf3d580cc0d
Uniformed Services University of the Health Sciences F. Edward Hebert School of Medicine,USA,United States,Maryland,Physician,,Physician,7275dbe6-7416-4352-b2d9-ebf3d580cc0d
University of Maryland School of Medicine,USA,United States,Maryland,Physician,,Physician,7275dbe6-7416-4352-b2d9-ebf3d580cc0d
Boston University School of Medicine,USA,United States,Massachusetts,Physician,,Physician,7275dbe6-7416-4352-b2d9-ebf3d580cc0d
Harvard Medical School,USA,United States,Massachusetts,Physician,,Physician,7275dbe6-7416-4352-b2d9-ebf3d580cc0d
Tufts University School of Medicine,USA,United States,Massachusetts,Physician,,Physician,7275dbe6-7416-4352-b2d9-ebf3d580cc0d
University of Massachusetts Medical School,USA,United States,Massachusetts,Physician,,Physician,7275dbe6-7416-4352-b2d9-ebf3d580cc0d
Central Michigan University College of Medicine,USA,United States,Michigan,Physician,,Physician,7275dbe6-7416-4352-b2d9-ebf3d580cc0d
Michigan State University College of Human Medicine,USA,United States,Michigan,Physician,,Physician,7275dbe6-7416-4352-b2d9-ebf3d580cc0d
Michigan State University College of Osteopathic Medicine,USA,United States,Michigan,Physician,,Physician,7275dbe6-7416-4352-b2d9-ebf3d580cc0d
Oakland University William Beaumont School of Medicine,USA,United States,Michigan,Physician,,Physician,7275dbe6-7416-4352-b2d9-ebf3d580cc0d
University of Michigan Medical School,USA,United States,Michigan,Physician,,Physician,7275dbe6-7416-4352-b2d9-ebf3d580cc0d
Wayne State University School of Medicine,USA,United States,Michigan,Physician,,Physician,7275dbe6-7416-4352-b2d9-ebf3d580cc0d
Western Michigan University Homer Stryker M.D. School of Medicine,USA,United States,Michigan,Physician,,Physician,7275dbe6-7416-4352-b2d9-ebf3d580cc0d
Mayo Clinic College of Medicine,USA,United States,Minnesota,Physician,,Physician,7275dbe6-7416-4352-b2d9-ebf3d580cc0d
University of Minnesota Medical School,USA,United States,Minnesota,Physician,,Physician,7275dbe6-7416-4352-b2d9-ebf3d580cc0d
University of Mississippi School of Medicine,USA,United States,Mississippi,Physician,,Physician,7275dbe6-7416-4352-b2d9-ebf3d580cc0d
William Carey University College of Osteopathic Medicine,USA,United States,Mississippi,Physician,,Physician,7275dbe6-7416-4352-b2d9-ebf3d580cc0d
Kirksville College of Osteopathic Medicine,USA,United States,Mississippi,Physician,,Physician,7275dbe6-7416-4352-b2d9-ebf3d580cc0d
Kansas City University of Medicine and Biosciences College of Osteopathic Medicine,USA,United States,Missouri,Physician,,Physician,7275dbe6-7416-4352-b2d9-ebf3d580cc0d
Saint Louis University School of Medicine,USA,United States,Missouri,Physician,,Physician,7275dbe6-7416-4352-b2d9-ebf3d580cc0d
University of Missouri School of Medicine,USA,United States,Missouri,Physician,MU,Physician,7275dbe6-7416-4352-b2d9-ebf3d580cc0d
University of Missouri - Kansas City School of Medicine,USA,United States,Missouri,Physician,UMKC,Physician,7275dbe6-7416-4352-b2d9-ebf3d580cc0d
Washington University School of Medicine,USA,United States,Missouri,Physician,,Physician,7275dbe6-7416-4352-b2d9-ebf3d580cc0d
Missouri State University,USA,United States,Missouri,Physician,,Physician,7275dbe6-7416-4352-b2d9-ebf3d580cc0d
Creighton University School of Medicine,USA,United States,Nebraska,Physician,,Physician,7275dbe6-7416-4352-b2d9-ebf3d580cc0d
University of Nebraska College of Medicine,USA,United States,Nebraska,Physician,,Physician,7275dbe6-7416-4352-b2d9-ebf3d580cc0d
Touro University Nevada College of Osteopathic Medicine,USA,United States,Nevada,Physician,,Physician,7275dbe6-7416-4352-b2d9-ebf3d580cc0d
University of Nevada School of Medicine,USA,United States,Nevada,Physician,,Physician,7275dbe6-7416-4352-b2d9-ebf3d580cc0d
Geisel School of Medicine at Dartmouth,USA,United States,New Hampshire,Physician,,Physician,7275dbe6-7416-4352-b2d9-ebf3d580cc0d
Cooper Medical School of Rowan University,USA,United States,New Jersey,Physician,,Physician,7275dbe6-7416-4352-b2d9-ebf3d580cc0d
Hackensack Meridian School of Medicine at Seton Hall University,USA,United States,New Jersey,Physician,,Physician,7275dbe6-7416-4352-b2d9-ebf3d580cc0d
Rowan University School of Osteopathic Medicine,USA,United States,New Jersey,Physician,,Physician,7275dbe6-7416-4352-b2d9-ebf3d580cc0d
Rutgers New Jersey Medical School,USA,United States,New Jersey,Physician,,Physician,7275dbe6-7416-4352-b2d9-ebf3d580cc0d
Rutgers Robert Wood Johnson Medical School,USA,United States,New Jersey,Physician,,Physician,7275dbe6-7416-4352-b2d9-ebf3d580cc0d
New Mexico State University Burrell College of Osteopathic Medicine,USA,United States,New Mexico,Physician,,Physician,7275dbe6-7416-4352-b2d9-ebf3d580cc0d
University of New Mexico School of Medicine,USA,United States,New Mexico,Physician,,Physician,7275dbe6-7416-4352-b2d9-ebf3d580cc0d
Albany Medical College,USA,United States,New York,Physician,,Physician,7275dbe6-7416-4352-b2d9-ebf3d580cc0d
Albert Einstein College of Medicine at Yeshiva University,USA,United States,New York,Physician,,Physician,7275dbe6-7416-4352-b2d9-ebf3d580cc0d
Columbia University College of Physicians and Surgeons,USA,United States,New York,Physician,,Physician,7275dbe6-7416-4352-b2d9-ebf3d580cc0d
Hofstra Northwell School of Medicine,USA,United States,New York,Physician,,Physician,7275dbe6-7416-4352-b2d9-ebf3d580cc0d
Icahn School of Medicine at Mount Sinai,USA,United States,New York,Physician,,Physician,7275dbe6-7416-4352-b2d9-ebf3d580cc0d
New York Institute of Technology College of Osteopathic Medicine,USA,United States,New York,Physician,,Physician,7275dbe6-7416-4352-b2d9-ebf3d580cc0d
New York Medical College,USA,United States,New York,Physician,,Physician,7275dbe6-7416-4352-b2d9-ebf3d580cc0d
University of Nevada Las Vegas School of Medicine,USA,United States,Nevada,Physician,,Physician,7275dbe6-7416-4352-b2d9-ebf3d580cc0d
New York University School of Medicine,USA,United States,New York,Physician,NYU,Physician,7275dbe6-7416-4352-b2d9-ebf3d580cc0d
SUNY Downstate Medical Center College of Medicine,USA,United States,New York,Physician,SUNY,Physician,7275dbe6-7416-4352-b2d9-ebf3d580cc0d
SUNY Upstate Medical University,USA,United States,New York,Physician,SUNY,Physician,7275dbe6-7416-4352-b2d9-ebf3d580cc0d
Stony Brook University School of Medicine,USA,United States,New York,Physician,,Physician,7275dbe6-7416-4352-b2d9-ebf3d580cc0d
Touro College of Osteopathic Medicine,USA,United States,New York,Physician,,Physician,7275dbe6-7416-4352-b2d9-ebf3d580cc0d
University at Buffalo School of Medicine and Biomedical Sciences,USA,United States,New York,Physician,,Physician,7275dbe6-7416-4352-b2d9-ebf3d580cc0d
University of Rochester School of Medicine and Dentistry,USA,United States,New York,Physician,,Physician,7275dbe6-7416-4352-b2d9-ebf3d580cc0d
Weill Cornell Medical College,USA,United States,New York,Physician,,Physician,7275dbe6-7416-4352-b2d9-ebf3d580cc0d
Campbell University School of Osteopathic Medicine,USA,United States,North Carolina,Physician,,Physician,7275dbe6-7416-4352-b2d9-ebf3d580cc0d
Duke University School of Medicine,USA,United States,North Carolina,Physician,,Physician,7275dbe6-7416-4352-b2d9-ebf3d580cc0d
The Brody School of Medicine at East Carolina University,USA,United States,North Carolina,Physician,,Physician,7275dbe6-7416-4352-b2d9-ebf3d580cc0d
University of North Carolina School of Medicine,USA,United States,North Carolina,Physician,UNC,Physician,7275dbe6-7416-4352-b2d9-ebf3d580cc0d
Wake Forest School of Medicine,USA,United States,North Carolina,Physician,,Physician,7275dbe6-7416-4352-b2d9-ebf3d580cc0d
University of North Dakota School of Medicine and Health Sciences,USA,United States,North Dakota,Physician,UND,Physician,7275dbe6-7416-4352-b2d9-ebf3d580cc0d
Boonshoft School of Medicine at Wright State University,USA,United States,Ohio,Physician,,Physician,7275dbe6-7416-4352-b2d9-ebf3d580cc0d
Case Western Reserve University,USA,United States,Ohio,Physician,,Physician,7275dbe6-7416-4352-b2d9-ebf3d580cc0d
Cleveland Clinic Lerner College of Medicine,USA,United States,Ohio,Physician,,Physician,7275dbe6-7416-4352-b2d9-ebf3d580cc0d
Northeast Ohio Medical University,USA,United States,Ohio,Physician,NEOMED,Physician,7275dbe6-7416-4352-b2d9-ebf3d580cc0d
Ohio University Heritage College of Osteopathic Medicine,USA,United States,Ohio,Physician,OU-HCOM,Physician,7275dbe6-7416-4352-b2d9-ebf3d580cc0d
The Ohio State University College of Medicine,USA,United States,Ohio,Physician,OSU,Physician,7275dbe6-7416-4352-b2d9-ebf3d580cc0d
University of Cincinnati College of Medicine,USA,United States,Ohio,Physician,,Physician,7275dbe6-7416-4352-b2d9-ebf3d580cc0d
University of Toledo College of Medicine,USA,United States,Ohio,Physician,,Physician,7275dbe6-7416-4352-b2d9-ebf3d580cc0d
Oklahoma State University Center for Health Sciences College of Osteopathic Medicine,USA,United States,Oklahoma,Physician,OSU-CHS,Physician,7275dbe6-7416-4352-b2d9-ebf3d580cc0d
University of Oklahoma College of Medicine,USA,United States,Oklahoma,Physician,OU,Physician,7275dbe6-7416-4352-b2d9-ebf3d580cc0d
Western University of Health Sciences College of Osteopathic Medicine of the Pacific-Northwest,USA,United States,Oregon,Physician,COMP-Northwest,Physician,7275dbe6-7416-4352-b2d9-ebf3d580cc0d
Oregon Health and Science University School of Medicine,USA,United States,Oregon,Physician,OHSU,Physician,7275dbe6-7416-4352-b2d9-ebf3d580cc0d
Geisinger Commonwealth School of Medicine,USA,United States,Pennsylvania,Physician,GCSOM,Physician,7275dbe6-7416-4352-b2d9-ebf3d580cc0d
Drexel University College of Medicine,USA,United States,Pennsylvania,Physician,,Physician,7275dbe6-7416-4352-b2d9-ebf3d580cc0d
Lake Erie College of Osteopathic Medicine,USA,United States,Pennsylvania,Physician,LECOM,Physician,7275dbe6-7416-4352-b2d9-ebf3d580cc0d
Pennsylvania State University College of Medicine,USA,United States,Pennsylvania,Physician,,Physician,7275dbe6-7416-4352-b2d9-ebf3d580cc0d
Perelman School of Medicine at  University of Pennsylvania,USA,United States,Pennsylvania,Physician,,Physician,7275dbe6-7416-4352-b2d9-ebf3d580cc0d
Philadelphia College of Osteopathic Medicine,USA,United States,Pennsylvania,Physician,PECOM,Physician,7275dbe6-7416-4352-b2d9-ebf3d580cc0d
Sidney Kimmel Medical College at Thomas Jefferson University,USA,United States,Pennsylvania,Physician,,Physician,7275dbe6-7416-4352-b2d9-ebf3d580cc0d
Temple University School of Medicine,USA,United States,Pennsylvania,Physician,,Physician,7275dbe6-7416-4352-b2d9-ebf3d580cc0d
University of Pittsburgh School of Medicine,USA,United States,Pennsylvania,Physician,,Physician,7275dbe6-7416-4352-b2d9-ebf3d580cc0d
Ponce Health Sciences University School of Medicine,USA,United States,Pennsylvania,Physician,PHSU,Physician,7275dbe6-7416-4352-b2d9-ebf3d580cc0d
San Juan Bautista School of Medicine,USA,United States,Puerto Rico,Physician,,Physician,7275dbe6-7416-4352-b2d9-ebf3d580cc0d
Universidad Central del Caribe School of Medicine,USA,United States,Puerto Rico,Physician,,Physician,7275dbe6-7416-4352-b2d9-ebf3d580cc0d
University of Puerto Rico School of Medicine,USA,United States,Puerto Rico,Physician,UPR,Physician,7275dbe6-7416-4352-b2d9-ebf3d580cc0d
Warren Alpert Medical School of Brown University,USA,United States,Rhode Island,Physician,,Physician,7275dbe6-7416-4352-b2d9-ebf3d580cc0d
Edward Via College of Osteopathic Medicine - Carolinas Campus,USA,United States,South Carolina,Physician,VCOM,Physician,7275dbe6-7416-4352-b2d9-ebf3d580cc0d
Medical University of South Carolina College of Medicine,USA,United States,South Carolina,Physician,MUSC,Physician,7275dbe6-7416-4352-b2d9-ebf3d580cc0d
University of South Carolina School of Medicine,USA,United States,South Carolina,Physician,USC,Physician,7275dbe6-7416-4352-b2d9-ebf3d580cc0d
Sanford School of Medicine of the University of South Dakota,USA,United States,South Dakota,Physician,,Physician,7275dbe6-7416-4352-b2d9-ebf3d580cc0d
East Tennessee State University James H. Quillen College of Medicine,USA,United States,Tennessee,Physician,,Physician,7275dbe6-7416-4352-b2d9-ebf3d580cc0d
Lincoln Memorial University Debusk College of Osteopathic Medicine,USA,United States,Tennessee,Physician,,Physician,7275dbe6-7416-4352-b2d9-ebf3d580cc0d
Meharry Medical College School of Medicine,USA,United States,Tennessee,Physician,,Physician,7275dbe6-7416-4352-b2d9-ebf3d580cc0d
The University of Tennessee Health Science Center,USA,United States,Tennessee,Physician,,Physician,7275dbe6-7416-4352-b2d9-ebf3d580cc0d
Vanderbilt University School of Medicine,USA,United States,Tennessee,Physician,,Physician,7275dbe6-7416-4352-b2d9-ebf3d580cc0d
Baylor College of Medicine,USA,United States,Texas,Physician,,Physician,7275dbe6-7416-4352-b2d9-ebf3d580cc0d
Dell Medical School at the University of Texas at Austin,USA,United States,Texas,Physician,,Physician,7275dbe6-7416-4352-b2d9-ebf3d580cc0d
Texas A&M University College of Medicine,USA,United States,Texas,Physician,,Physician,7275dbe6-7416-4352-b2d9-ebf3d580cc0d
Texas Tech University Health Sciences Center Paul L. Foster School of Medicine,USA,United States,Texas,Physician,TTU,Physician,7275dbe6-7416-4352-b2d9-ebf3d580cc0d
Texas Tech University Health Sciences Center School of Medicine,USA,United States,Texas,Physician,TTU,Physician,7275dbe6-7416-4352-b2d9-ebf3d580cc0d
University of North Texas Health Science Center Texas College of Osteopathic Medicine,USA,United States,Texas,Physician,UNT,Physician,7275dbe6-7416-4352-b2d9-ebf3d580cc0d
University of Texas Medical Branch School of Medicine,USA,United States,Texas,Physician,UTMB,Physician,7275dbe6-7416-4352-b2d9-ebf3d580cc0d
University of Texas Medical School at Houston,USA,United States,Texas,Physician,UTHealth,Physician,7275dbe6-7416-4352-b2d9-ebf3d580cc0d
University of Texas Rio Grande Valley School of Medicine,USA,United States,Texas,Physician,,Physician,7275dbe6-7416-4352-b2d9-ebf3d580cc0d
University of Texas School of Medicine at San Antonio,USA,United States,Texas,Physician,,Physician,7275dbe6-7416-4352-b2d9-ebf3d580cc0d
University of Texas Southwestern Medical School at Dallas,USA,United States,Texas,Physician,UT,Physician,7275dbe6-7416-4352-b2d9-ebf3d580cc0d
University of Utah School of Medicine,USA,United States,Utah,Physician,,Physician,7275dbe6-7416-4352-b2d9-ebf3d580cc0d
University of Vermont College of Medicine,USA,United States,Vermont,Physician,,Physician,7275dbe6-7416-4352-b2d9-ebf3d580cc0d
Eastern Virginia Medical School,USA,United States,Virginia ,Physician,EVMS,Physician,7275dbe6-7416-4352-b2d9-ebf3d580cc0d
Edward Via College of Osteopathic Medicine,USA,United States,Virginia ,Physician,VCOM,Physician,7275dbe6-7416-4352-b2d9-ebf3d580cc0d
Liberty University College of Osteopathic Medicine,USA,United States,Virginia ,Physician,LUCOM,Physician,7275dbe6-7416-4352-b2d9-ebf3d580cc0d
University of Virginia School of Medicine,USA,United States,Virginia ,Physician,,Physician,7275dbe6-7416-4352-b2d9-ebf3d580cc0d
Virginia Commonwealth University School of Medicine,USA,United States,Virginia ,Physician,VCU,Physician,7275dbe6-7416-4352-b2d9-ebf3d580cc0d
Virginia Tech Carilion School of Medicine,USA,United States,Virginia ,Physician,VT,Physician,7275dbe6-7416-4352-b2d9-ebf3d580cc0d
Elson S. Floyd College of Medicine - Washington State University,USA,United States,Washington,Physician,WSU,Physician,7275dbe6-7416-4352-b2d9-ebf3d580cc0d
Pacific Northwest University of Health Sciences,USA,United States,Washington,Physician,PNWU,Physician,7275dbe6-7416-4352-b2d9-ebf3d580cc0d
University of Washington School of Medicine,USA,United States,Washington,Physician,UW,Physician,7275dbe6-7416-4352-b2d9-ebf3d580cc0d
Joan C. Edwards School of Medicine at Marshall University,USA,United States,West Virginia,Physician,,Physician,7275dbe6-7416-4352-b2d9-ebf3d580cc0d
West Virginia School of Osteopathic Medicine,USA,United States,West Virginia,Physician,,Physician,7275dbe6-7416-4352-b2d9-ebf3d580cc0d
West Virginia University School of Medicine,USA,United States,West Virginia,Physician,,Physician,7275dbe6-7416-4352-b2d9-ebf3d580cc0d
Medical College of Wisconsin,USA,United States,Wisconsin,Physician,,Physician,7275dbe6-7416-4352-b2d9-ebf3d580cc0d
University of Wisconsin School of Medicine and Public Health,USA,United States,Wisconsin,Physician,WSMPH,Physician,7275dbe6-7416-4352-b2d9-ebf3d580cc0d
American University of the Caribbean School of Medicine,USA,United States,Florida,Physician,AUC,Physician,7275dbe6-7416-4352-b2d9-ebf3d580cc0d
The Commonwealth Medical College,USA,United States,Pennsylvania,Physician,,Physician,7275dbe6-7416-4352-b2d9-ebf3d580cc0d
Sophie Davis School of Biomedical Education,USA,United States,New York,Physician,,Physician,7275dbe6-7416-4352-b2d9-ebf3d580cc0d
Medical College of Georgia,USA,United States,Georgia,Physician,MCG,Physician,7275dbe6-7416-4352-b2d9-ebf3d580cc0d
SUNY Downstate Medical Center College of Medicine,USA,United States,New York,Physician,,Physician,7275dbe6-7416-4352-b2d9-ebf3d580cc0d
Washington University School of Medicine in St. Louis,USA,United States,Missouri,Physician,,Physician,7275dbe6-7416-4352-b2d9-ebf3d580cc0d
John P. and Kathrine G. McGovern Medical School at University of Texas,USA,United States,Texas,Physician,UTH,Physician,7275dbe6-7416-4352-b2d9-ebf3d580cc0d
Northwestern State University,USA,United States,Louisiana,Physician,NWSU,Physician,7275dbe6-7416-4352-b2d9-ebf3d580cc0d
University of the Incarnate World,USA,United States,Texas,Physician,UIW,Physician,7275dbe6-7416-4352-b2d9-ebf3d580cc0d
Saint James School of Medicine,USA,United States,Illinois,Physician,,Physician,7275dbe6-7416-4352-b2d9-ebf3d580cc0d
"University of Science, Arts & Technology Faculty of Medicine",USA,United States,Colorado,Physician,USAT,Physician,7275dbe6-7416-4352-b2d9-ebf3d580cc0d
AdventHealth University ,USA,United States,Florida,PA,AHU,Physician Assistant,6604270b-fe8f-4bf0-b5c2-7e7100d4e7a4
Albany Medical College,USA,United States,New York,PA,AMC,Physician Assistant,6604270b-fe8f-4bf0-b5c2-7e7100d4e7a4
Alderson Broaddus University,USA,United States,West Virginia,PA,,Physician Assistant,6604270b-fe8f-4bf0-b5c2-7e7100d4e7a4
Anne Arundel Community College,USA,United States,Maryland,PA,AACC,Physician Assistant,6604270b-fe8f-4bf0-b5c2-7e7100d4e7a4
Arcadia University,USA,United States,Pennsylvania,PA,,Physician Assistant,6604270b-fe8f-4bf0-b5c2-7e7100d4e7a4
Arizona School of Health Sciences,USA,United States,Arizona,PA,ATSU,Physician Assistant,6604270b-fe8f-4bf0-b5c2-7e7100d4e7a4
Augsburg College,USA,United States,Minnesota,PA,,Physician Assistant,6604270b-fe8f-4bf0-b5c2-7e7100d4e7a4
Augusta University,USA,United States,Georgia,PA,,Physician Assistant,6604270b-fe8f-4bf0-b5c2-7e7100d4e7a4
Baldwin Wallace University  ,USA,United States,Ohio,PA,,Physician Assistant,6604270b-fe8f-4bf0-b5c2-7e7100d4e7a4
Barry University  ,USA,United States,Florida,PA,,Physician Assistant,6604270b-fe8f-4bf0-b5c2-7e7100d4e7a4
Bay Path University,USA,United States,Massachusetts,PA,,Physician Assistant,6604270b-fe8f-4bf0-b5c2-7e7100d4e7a4
Baylor College of Medicine,USA,United States,Texas,PA,,Physician Assistant,6604270b-fe8f-4bf0-b5c2-7e7100d4e7a4
Bethel University (Minnesota)  ,USA,United States,Minnesota,PA,,Physician Assistant,6604270b-fe8f-4bf0-b5c2-7e7100d4e7a4
Bethel University (Tennessee) ,USA,United States,Tennessee,PA,,Physician Assistant,6604270b-fe8f-4bf0-b5c2-7e7100d4e7a4
Boston University School of Medicine Physician Assistant,USA,United States,Massachusetts,PA,,Physician Assistant,6604270b-fe8f-4bf0-b5c2-7e7100d4e7a4
Bryant University  ,USA,United States,Rhode Island,PA,,Physician Assistant,6604270b-fe8f-4bf0-b5c2-7e7100d4e7a4
Butler University,USA,United States,Indiana,PA,,Physician Assistant,6604270b-fe8f-4bf0-b5c2-7e7100d4e7a4
California Baptist University  ,USA,United States,California,PA,,Physician Assistant,6604270b-fe8f-4bf0-b5c2-7e7100d4e7a4
Campbell University,USA,United States,Michigan,PA,,Physician Assistant,6604270b-fe8f-4bf0-b5c2-7e7100d4e7a4
Carroll University,USA,United States,Wisconsin,PA,,Physician Assistant,6604270b-fe8f-4bf0-b5c2-7e7100d4e7a4
Case Western Reserve University  ,USA,United States,Ohio,PA,,Physician Assistant,6604270b-fe8f-4bf0-b5c2-7e7100d4e7a4
CUNY School of Medicine Sophie Davis School of Biomedical Education,USA,United States,New York,PA,,Physician Assistant,6604270b-fe8f-4bf0-b5c2-7e7100d4e7a4
Central Michigan University,USA,United States,Michigan,PA,,Physician Assistant,6604270b-fe8f-4bf0-b5c2-7e7100d4e7a4
Chapman University  ,USA,United States,California,PA,,Physician Assistant,6604270b-fe8f-4bf0-b5c2-7e7100d4e7a4
Charles R. Drew University  ,USA,United States,California,PA,,Physician Assistant,6604270b-fe8f-4bf0-b5c2-7e7100d4e7a4
Chatham University,USA,United States,Pennsylvania,PA,,Physician Assistant,6604270b-fe8f-4bf0-b5c2-7e7100d4e7a4
Christian Brothers University  ,USA,United States,Tennessee,PA,CBU,Physician Assistant,6604270b-fe8f-4bf0-b5c2-7e7100d4e7a4
Clarkson University,USA,United States,New York,PA,,Physician Assistant,6604270b-fe8f-4bf0-b5c2-7e7100d4e7a4
College of Saint Mary  ,USA,United States,Nebraska,PA,CSM,Physician Assistant,6604270b-fe8f-4bf0-b5c2-7e7100d4e7a4
Concordia University  ,USA,United States,Illinois,PA,,Physician Assistant,6604270b-fe8f-4bf0-b5c2-7e7100d4e7a4
Cornell University,USA,United States,New York,PA,,Physician Assistant,6604270b-fe8f-4bf0-b5c2-7e7100d4e7a4
York College - CUNY,USA,United States,New York,PA,,Physician Assistant,6604270b-fe8f-4bf0-b5c2-7e7100d4e7a4
Cuyahoga Community College - Cleveland State University,USA,United States,Ohio,PA,,Physician Assistant,6604270b-fe8f-4bf0-b5c2-7e7100d4e7a4
D'Youville College,USA,United States,New York,PA,,Physician Assistant,6604270b-fe8f-4bf0-b5c2-7e7100d4e7a4
Daemen College,USA,United States,New York,PA,,Physician Assistant,6604270b-fe8f-4bf0-b5c2-7e7100d4e7a4
Des Moines University  ,USA,United States,Iowa,PA,,Physician Assistant,6604270b-fe8f-4bf0-b5c2-7e7100d4e7a4
Desales University,USA,United States,Pennsylvania,PA,,Physician Assistant,6604270b-fe8f-4bf0-b5c2-7e7100d4e7a4
Drexel University,USA,United States,Pennsylvania,PA,,Physician Assistant,6604270b-fe8f-4bf0-b5c2-7e7100d4e7a4
Duke University Medical Center,USA,United States,North Carolina,PA,,Physician Assistant,6604270b-fe8f-4bf0-b5c2-7e7100d4e7a4
Duquesne University,USA,United States,Pennsylvania,PA,,Physician Assistant,6604270b-fe8f-4bf0-b5c2-7e7100d4e7a4
East Carolina University,USA,United States,North Carolina,PA,ECU,Physician Assistant,6604270b-fe8f-4bf0-b5c2-7e7100d4e7a4
Eastern Michigan University  ,USA,United States,Michigan,PA,,Physician Assistant,6604270b-fe8f-4bf0-b5c2-7e7100d4e7a4
Eastern Virginia Medical School,USA,United States,Virginia ,PA,EVSM,Physician Assistant,6604270b-fe8f-4bf0-b5c2-7e7100d4e7a4
Elon University  ,USA,United States,North Carolina,PA,,Physician Assistant,6604270b-fe8f-4bf0-b5c2-7e7100d4e7a4
Emory University,USA,United States,Georgia,PA,,Physician Assistant,6604270b-fe8f-4bf0-b5c2-7e7100d4e7a4
Florida International University Herbert Wertheim College of Medicine  ,USA,United States,Florida,PA,FIU,Physician Assistant,6604270b-fe8f-4bf0-b5c2-7e7100d4e7a4
Francis Marion University  ,USA,United States,South Carolina,PA,,Physician Assistant,6604270b-fe8f-4bf0-b5c2-7e7100d4e7a4
Franklin Pierce University,USA,United States,New Hampshire,PA,,Physician Assistant,6604270b-fe8f-4bf0-b5c2-7e7100d4e7a4
Gannon University,USA,United States,Pennsylvania,PA,,Physician Assistant,6604270b-fe8f-4bf0-b5c2-7e7100d4e7a4
Gardner Webb University  ,USA,United States,North Carolina,PA,,Physician Assistant,6604270b-fe8f-4bf0-b5c2-7e7100d4e7a4
George Washington University,USA,United States,Washington,PA,GW,Physician Assistant,6604270b-fe8f-4bf0-b5c2-7e7100d4e7a4
Grand Valley State University  ,USA,United States,Michigan,PA,GVSU,Physician Assistant,6604270b-fe8f-4bf0-b5c2-7e7100d4e7a4
Guayaquil,USA,,,PA,,Physician Assistant,6604270b-fe8f-4bf0-b5c2-7e7100d4e7a4
Hardin-Simmons University  ,USA,United States,Texas,PA,HSU,Physician Assistant,6604270b-fe8f-4bf0-b5c2-7e7100d4e7a4
Harding University,USA,United States,Arkansas,PA,,Physician Assistant,6604270b-fe8f-4bf0-b5c2-7e7100d4e7a4
Heritage University ,USA,United States,Washington,PA,,Physician Assistant,6604270b-fe8f-4bf0-b5c2-7e7100d4e7a4
High Point University  ,USA,United States,North Carolina,PA,,Physician Assistant,6604270b-fe8f-4bf0-b5c2-7e7100d4e7a4
Hofstra University,USA,United States,New York,PA,,Physician Assistant,6604270b-fe8f-4bf0-b5c2-7e7100d4e7a4
Howard University,USA,United States,Washington,PA,,Physician Assistant,6604270b-fe8f-4bf0-b5c2-7e7100d4e7a4
Idaho State University  ,USA,United States,Idaho,PA,ISU,Physician Assistant,6604270b-fe8f-4bf0-b5c2-7e7100d4e7a4
Indiana State University  ,USA,United States,Indiana,PA,ISU,Physician Assistant,6604270b-fe8f-4bf0-b5c2-7e7100d4e7a4
Indiana University School of Health and Rehabilitation Sciences  ,USA,United States,Indiana,PA,,Physician Assistant,6604270b-fe8f-4bf0-b5c2-7e7100d4e7a4
Interservice Physician Assistant Program - University of Nebraska,USA,United States,Nebraska,PA,IPAP,Physician Assistant,6604270b-fe8f-4bf0-b5c2-7e7100d4e7a4
James Madison University,USA,United States,Virginia,PA,JMU,Physician Assistant,6604270b-fe8f-4bf0-b5c2-7e7100d4e7a4
Jefferson College of Health Sciences,USA,United States,Virginia,PA,,Physician Assistant,6604270b-fe8f-4bf0-b5c2-7e7100d4e7a4
Johnson & Wales University  ,USA,United States,Rhode Island,PA,JWU,Physician Assistant,6604270b-fe8f-4bf0-b5c2-7e7100d4e7a4
Kean University,USA,United States,New Jersey,PA,,Physician Assistant,6604270b-fe8f-4bf0-b5c2-7e7100d4e7a4
Keiser University,USA,United States,Florida,PA,,Physician Assistant,6604270b-fe8f-4bf0-b5c2-7e7100d4e7a4
Kettering College,USA,United States,Ohio,PA,,Physician Assistant,6604270b-fe8f-4bf0-b5c2-7e7100d4e7a4
King's College,USA,United States,Pennsylvania,PA,,Physician Assistant,6604270b-fe8f-4bf0-b5c2-7e7100d4e7a4
Lake Erie College  ,USA,United States,Ohio,PA,,Physician Assistant,6604270b-fe8f-4bf0-b5c2-7e7100d4e7a4
Le Moyne College,USA,United States,New York,PA,,Physician Assistant,6604270b-fe8f-4bf0-b5c2-7e7100d4e7a4
Lenoir-Rhyne University ,USA,United States,North Carolina,PA,LRU,Physician Assistant,6604270b-fe8f-4bf0-b5c2-7e7100d4e7a4
Lincoln Memorial University,USA,United States,Tennessee,PA,,Physician Assistant,6604270b-fe8f-4bf0-b5c2-7e7100d4e7a4
Lock Haven University  ,USA,United States,Pennsylvania,PA,,Physician Assistant,6604270b-fe8f-4bf0-b5c2-7e7100d4e7a4
Loma Linda University,USA,United States,California,PA,LLU,Physician Assistant,6604270b-fe8f-4bf0-b5c2-7e7100d4e7a4
Long Island University,USA,United States,New York,PA,,Physician Assistant,6604270b-fe8f-4bf0-b5c2-7e7100d4e7a4
Louisiana State University - New Orleans  ,USA,United States,Louisiana,PA,LSU,Physician Assistant,6604270b-fe8f-4bf0-b5c2-7e7100d4e7a4
Louisiana State University - Shreveport,USA,United States,Louisiana,PA,LSUS,Physician Assistant,6604270b-fe8f-4bf0-b5c2-7e7100d4e7a4
Lynchburg College  ,USA,United States,Virginia,PA,,Physician Assistant,6604270b-fe8f-4bf0-b5c2-7e7100d4e7a4
Marietta College,USA,United States,Ohio,PA,,Physician Assistant,6604270b-fe8f-4bf0-b5c2-7e7100d4e7a4
Marist College  ,USA,United States,New York,PA,,Physician Assistant,6604270b-fe8f-4bf0-b5c2-7e7100d4e7a4
Marquette University,USA,United States,Wisconsin,PA,,Physician Assistant,6604270b-fe8f-4bf0-b5c2-7e7100d4e7a4
Marshall B. Ketchum University  ,USA,United States,California,PA,,Physician Assistant,6604270b-fe8f-4bf0-b5c2-7e7100d4e7a4
Mary Baldwin College  ,USA,United States,Virginia,PA,,Physician Assistant,6604270b-fe8f-4bf0-b5c2-7e7100d4e7a4
Marywood University,USA,United States,Pennsylvania,PA,,Physician Assistant,6604270b-fe8f-4bf0-b5c2-7e7100d4e7a4
Jefferson College of Health Sciences,USA,United States,Virginia,PA,,Physician Assistant,6604270b-fe8f-4bf0-b5c2-7e7100d4e7a4
Massachusetts College of Pharmacy and Health Sciences,USA,United States,Massachusetts,PA,MCPHS,Physician Assistant,6604270b-fe8f-4bf0-b5c2-7e7100d4e7a4
Medical University of South Carolina,USA,United States,South Carolina,PA,MUSC,Physician Assistant,6604270b-fe8f-4bf0-b5c2-7e7100d4e7a4
University of South Carolina School of Medicine ,USA,United States,South Carolina,PA,,Physician Assistant,6604270b-fe8f-4bf0-b5c2-7e7100d4e7a4
Mercer University,USA,United States,Georgia,PA,,Physician Assistant,6604270b-fe8f-4bf0-b5c2-7e7100d4e7a4
Mercy College,USA,United States,New York,PA,,Physician Assistant,6604270b-fe8f-4bf0-b5c2-7e7100d4e7a4
Mercyhurst University  ,USA,United States,Pennsylvania,PA,,Physician Assistant,6604270b-fe8f-4bf0-b5c2-7e7100d4e7a4
Methodist University,USA,United States,North Carolina,PA,,Physician Assistant,6604270b-fe8f-4bf0-b5c2-7e7100d4e7a4
MGH Institute of Health Professions  ,USA,United States,Massachusetts,PA,,Physician Assistant,6604270b-fe8f-4bf0-b5c2-7e7100d4e7a4
Miami Dade College,USA,United States,Florida,PA,,Physician Assistant,6604270b-fe8f-4bf0-b5c2-7e7100d4e7a4
Midwestern University,USA,United States,Illinois,PA,,Physician Assistant,6604270b-fe8f-4bf0-b5c2-7e7100d4e7a4
Misericordia University  ,USA,United States,Pennsylvania,PA,,Physician Assistant,6604270b-fe8f-4bf0-b5c2-7e7100d4e7a4
Mississippi College,USA,United States,Mississippi,PA,,Physician Assistant,6604270b-fe8f-4bf0-b5c2-7e7100d4e7a4
Missouri State University,USA,United States,Missouri,PA,,Physician Assistant,6604270b-fe8f-4bf0-b5c2-7e7100d4e7a4
Monmouth University  ,USA,United States,New Jersey,PA,,Physician Assistant,6604270b-fe8f-4bf0-b5c2-7e7100d4e7a4
Moreno Valley College ,USA,United States,California,PA,MVC,Physician Assistant,6604270b-fe8f-4bf0-b5c2-7e7100d4e7a4
Mount Saint Joseph University  ,USA,United States,Ohio,PA,,Physician Assistant,6604270b-fe8f-4bf0-b5c2-7e7100d4e7a4
New York Institute of Technology,USA,United States,New York,PA,,Physician Assistant,6604270b-fe8f-4bf0-b5c2-7e7100d4e7a4
Northeastern University,USA,United States,Massachusetts,PA,NU or NEU,Physician Assistant,6604270b-fe8f-4bf0-b5c2-7e7100d4e7a4
Northern Arizona University,USA,United States,Arizona,PA,NAU,Physician Assistant,6604270b-fe8f-4bf0-b5c2-7e7100d4e7a4
Northwestern University,USA,United States,Illinois,PA,NU,Physician Assistant,6604270b-fe8f-4bf0-b5c2-7e7100d4e7a4
Nova Southeastern University - Fort Myers,USA,United States,Florida,PA,,Physician Assistant,6604270b-fe8f-4bf0-b5c2-7e7100d4e7a4
Nova Southeastern University - Ft. Lauderdale,USA,United States,Florida,PA,,Physician Assistant,6604270b-fe8f-4bf0-b5c2-7e7100d4e7a4
Nova Southeastern University - Jacksonville,USA,United States,Florida,PA,,Physician Assistant,6604270b-fe8f-4bf0-b5c2-7e7100d4e7a4
Nova Southeastern University - Orlando,USA,United States,Florida,PA,,Physician Assistant,6604270b-fe8f-4bf0-b5c2-7e7100d4e7a4
Ohio Dominican University,USA,United States,Ohio,PA,,Physician Assistant,6604270b-fe8f-4bf0-b5c2-7e7100d4e7a4
Ohio University  ,USA,United States,Ohio,PA,,Physician Assistant,6604270b-fe8f-4bf0-b5c2-7e7100d4e7a4
Oklahoma City University  ,USA,United States,Oklahoma,PA,,Physician Assistant,6604270b-fe8f-4bf0-b5c2-7e7100d4e7a4
Oregon Health & Science University,USA,United States,Oregon,PA,OHSU,Physician Assistant,6604270b-fe8f-4bf0-b5c2-7e7100d4e7a4
Our Lady of the Lake University,USA,United States,Texas,PA,OLLU,Physician Assistant,6604270b-fe8f-4bf0-b5c2-7e7100d4e7a4
Pace University,USA,United States,New York,PA,,Physician Assistant,6604270b-fe8f-4bf0-b5c2-7e7100d4e7a4
Pacific University,USA,United States,Oregon,PA,,Physician Assistant,6604270b-fe8f-4bf0-b5c2-7e7100d4e7a4
Penn State University  ,USA,United States,Pennsylvania,PA,Penn State or PSU,Physician Assistant,6604270b-fe8f-4bf0-b5c2-7e7100d4e7a4
Pennsylvania College of Technology,USA,United States,Pennsylvania,PA,,Physician Assistant,6604270b-fe8f-4bf0-b5c2-7e7100d4e7a4
Philadelphia College of Osteopathic Medicine  ,USA,United States,Pennsylvania,PA,,Physician Assistant,6604270b-fe8f-4bf0-b5c2-7e7100d4e7a4
Philadelphia University,USA,United States,Pennsylvania,PA,,Physician Assistant,6604270b-fe8f-4bf0-b5c2-7e7100d4e7a4
Quinnipiac University,USA,United States,Connecticut,PA,,Physician Assistant,6604270b-fe8f-4bf0-b5c2-7e7100d4e7a4
Red Rocks Community College,USA,United States,Colorado,PA,,Physician Assistant,6604270b-fe8f-4bf0-b5c2-7e7100d4e7a4
Rochester Institute of Technology,USA,United States,New York,PA,RIT,Physician Assistant,6604270b-fe8f-4bf0-b5c2-7e7100d4e7a4
Rocky Mountain College,USA,United States,Montana,PA,,Physician Assistant,6604270b-fe8f-4bf0-b5c2-7e7100d4e7a4
Rocky Mountain University of Health Professions  ,USA,United States,Utah,PA,,Physician Assistant,6604270b-fe8f-4bf0-b5c2-7e7100d4e7a4
Rosalind Franklin Univ of Medicine ,USA,United States,Illinois,PA,,Physician Assistant,6604270b-fe8f-4bf0-b5c2-7e7100d4e7a4
Rutgers University,USA,United States,New Jersey,PA,,Physician Assistant,6604270b-fe8f-4bf0-b5c2-7e7100d4e7a4
Sacred Heart University  ,USA,United States,Connecticut,PA,,Physician Assistant,6604270b-fe8f-4bf0-b5c2-7e7100d4e7a4
Saint Catherine University,USA,United States,Minnesota,PA,,Physician Assistant,6604270b-fe8f-4bf0-b5c2-7e7100d4e7a4
Saint Francis University,USA,United States,Pennsylvania,PA,,Physician Assistant,6604270b-fe8f-4bf0-b5c2-7e7100d4e7a4
Saint Louis University,USA,United States,Missouri,PA,SLU,Physician Assistant,6604270b-fe8f-4bf0-b5c2-7e7100d4e7a4
Salus University,USA,United States,Pennsylvania,PA,,Physician Assistant,6604270b-fe8f-4bf0-b5c2-7e7100d4e7a4
Samuel Merritt University,USA,United States,California,PA,,Physician Assistant,6604270b-fe8f-4bf0-b5c2-7e7100d4e7a4
Seton Hall University,USA,United States,New Jersey,PA,,Physician Assistant,6604270b-fe8f-4bf0-b5c2-7e7100d4e7a4
Shenandoah University  ,USA,United States,Virginia,PA,,Physician Assistant,6604270b-fe8f-4bf0-b5c2-7e7100d4e7a4
Slippery Rock University  ,USA,United States,Pennsylvania,PA,SRU,Physician Assistant,6604270b-fe8f-4bf0-b5c2-7e7100d4e7a4
South College,USA,United States,Tennessee,PA,,Physician Assistant,6604270b-fe8f-4bf0-b5c2-7e7100d4e7a4
South University,USA,United States,Georgia,PA,,Physician Assistant,6604270b-fe8f-4bf0-b5c2-7e7100d4e7a4
South University Tampa,USA,United States,Florida,PA,,Physician Assistant,6604270b-fe8f-4bf0-b5c2-7e7100d4e7a4
Southern California University of Health Sciences  ,USA,United States,California,PA,,Physician Assistant,6604270b-fe8f-4bf0-b5c2-7e7100d4e7a4
Southern Illinois University,USA,United States,Illinois,PA,,Physician Assistant,6604270b-fe8f-4bf0-b5c2-7e7100d4e7a4
Springfield College,USA,United States,Massachusetts,PA,,Physician Assistant,6604270b-fe8f-4bf0-b5c2-7e7100d4e7a4
St. Ambrose University  ,USA,United States,Iowa,PA,,Physician Assistant,6604270b-fe8f-4bf0-b5c2-7e7100d4e7a4
St. John's University,USA,United States,New York,PA,,Physician Assistant,6604270b-fe8f-4bf0-b5c2-7e7100d4e7a4
Stanford University,USA,United States,California,PA,,Physician Assistant,6604270b-fe8f-4bf0-b5c2-7e7100d4e7a4
Stephens College  ,USA,United States,Missouri,PA,,Physician Assistant,6604270b-fe8f-4bf0-b5c2-7e7100d4e7a4
Stony Brook University,USA,United States,New York,PA,,Physician Assistant,6604270b-fe8f-4bf0-b5c2-7e7100d4e7a4
Sullivan University  ,USA,United States,Kentucky,PA,,Physician Assistant,6604270b-fe8f-4bf0-b5c2-7e7100d4e7a4
SUNY Downstate Medical Center,USA,United States,New York,PA,,Physician Assistant,6604270b-fe8f-4bf0-b5c2-7e7100d4e7a4
SUNY Upstate Medical Center,USA,United States,New York,PA,,Physician Assistant,6604270b-fe8f-4bf0-b5c2-7e7100d4e7a4
Temple University Lewis Katz School of Medicine  ,USA,United States,Pennsylvania,PA,,Physician Assistant,6604270b-fe8f-4bf0-b5c2-7e7100d4e7a4
Texas Tech University Health Sciences Center,USA,United States,Texas,PA,TTUHSC,Physician Assistant,6604270b-fe8f-4bf0-b5c2-7e7100d4e7a4
The University of Findlay,USA,United States,Ohio,PA,,Physician Assistant,6604270b-fe8f-4bf0-b5c2-7e7100d4e7a4
Thomas Jefferson University  ,USA,United States,Pennsylvania,PA,,Physician Assistant,6604270b-fe8f-4bf0-b5c2-7e7100d4e7a4
Colorado Mesa University  ,USA,United States,Colorado,PA,,Physician Assistant,6604270b-fe8f-4bf0-b5c2-7e7100d4e7a4
Touro College,USA,United States,New York,PA,,Physician Assistant,6604270b-fe8f-4bf0-b5c2-7e7100d4e7a4
Touro University,USA,United States,California,PA,,Physician Assistant,6604270b-fe8f-4bf0-b5c2-7e7100d4e7a4
Touro University Nevada,USA,United States,Nevada,PA,,Physician Assistant,6604270b-fe8f-4bf0-b5c2-7e7100d4e7a4
Towson University - Community College of Baltimore County (CCBC) Essex,USA,United States,Maryland,PA,,Physician Assistant,6604270b-fe8f-4bf0-b5c2-7e7100d4e7a4
Trevecca Nazarene University,USA,United States,Tennessee,PA,,Physician Assistant,6604270b-fe8f-4bf0-b5c2-7e7100d4e7a4
Tufts University,USA,United States,Massachusetts,PA,,Physician Assistant,6604270b-fe8f-4bf0-b5c2-7e7100d4e7a4
Union College,USA,United States,New York,PA,,Physician Assistant,6604270b-fe8f-4bf0-b5c2-7e7100d4e7a4
University of Alabama at Birmingham,USA,United States,Alabama,PA,UAB,Physician Assistant,6604270b-fe8f-4bf0-b5c2-7e7100d4e7a4
University of Arkansas  ,USA,United States,Arkansas,PA,U of A,Physician Assistant,6604270b-fe8f-4bf0-b5c2-7e7100d4e7a4
University of Bridgeport,USA,United States,Connecticut,PA,UB,Physician Assistant,6604270b-fe8f-4bf0-b5c2-7e7100d4e7a4
University of California - Davis,USA,United States,California,PA,UC-Davis,Physician Assistant,6604270b-fe8f-4bf0-b5c2-7e7100d4e7a4
University of Charleston  ,USA,United States,West Virginia,PA,,Physician Assistant,6604270b-fe8f-4bf0-b5c2-7e7100d4e7a4
University of Colorado,USA,United States,Colorado,PA,,Physician Assistant,6604270b-fe8f-4bf0-b5c2-7e7100d4e7a4
University of Dayton  ,USA,United States,Ohio,PA,UD,Physician Assistant,6604270b-fe8f-4bf0-b5c2-7e7100d4e7a4
University of Detroit Mercy,USA,United States,Michigan,PA,UDM,Physician Assistant,6604270b-fe8f-4bf0-b5c2-7e7100d4e7a4
University of Dubuque  ,USA,United States,Iowa,PA,,Physician Assistant,6604270b-fe8f-4bf0-b5c2-7e7100d4e7a4
University of Florida,USA,United States,Florida,PA,UF,Physician Assistant,6604270b-fe8f-4bf0-b5c2-7e7100d4e7a4
University of Iowa,USA,United States,Iowa,PA,UI,Physician Assistant,6604270b-fe8f-4bf0-b5c2-7e7100d4e7a4
University of Kentucky  ,USA,United States,Kentucky,PA,UK,Physician Assistant,6604270b-fe8f-4bf0-b5c2-7e7100d4e7a4
University of Missouri - Kansas City  ,USA,United States,Missouri,PA,UMKC,Physician Assistant,6604270b-fe8f-4bf0-b5c2-7e7100d4e7a4
University of Mount Union,USA,United States,Ohio,PA,,Physician Assistant,6604270b-fe8f-4bf0-b5c2-7e7100d4e7a4
University of Nebraska  ,USA,United States,Nebraska,PA,,Physician Assistant,6604270b-fe8f-4bf0-b5c2-7e7100d4e7a4
University of New England,USA,United States,Maine,PA,UNE,Physician Assistant,6604270b-fe8f-4bf0-b5c2-7e7100d4e7a4
University of New Mexico,USA,United States,New Mexico,PA,UNM,Physician Assistant,6604270b-fe8f-4bf0-b5c2-7e7100d4e7a4
University of North Carolina - Chapel Hill  ,USA,United States,North Carolina,PA,UNC,Physician Assistant,6604270b-fe8f-4bf0-b5c2-7e7100d4e7a4
University of North Dakota,USA,United States,North Dakota,PA,UND,Physician Assistant,6604270b-fe8f-4bf0-b5c2-7e7100d4e7a4
University of North Texas Health Science Center at Ft. Worth,USA,United States,Texas,PA,UNT,Physician Assistant,6604270b-fe8f-4bf0-b5c2-7e7100d4e7a4
University of Oklahoma - Oklahoma City  ,USA,United States,Oklahoma,PA,,Physician Assistant,6604270b-fe8f-4bf0-b5c2-7e7100d4e7a4
University of Oklahoma - Tulsa,USA,United States,Oklahoma,PA,,Physician Assistant,6604270b-fe8f-4bf0-b5c2-7e7100d4e7a4
University of Pittsburgh,USA,United States,Pennsylvania,PA,,Physician Assistant,6604270b-fe8f-4bf0-b5c2-7e7100d4e7a4
University of Saint Francis,USA,United States,Indiana,PA,USF,Physician Assistant,6604270b-fe8f-4bf0-b5c2-7e7100d4e7a4
University of South Alabama,USA,United States,Alabama,PA,USA,Physician Assistant,6604270b-fe8f-4bf0-b5c2-7e7100d4e7a4
University of South Dakota,USA,United States,South Dakota,PA,USD,Physician Assistant,6604270b-fe8f-4bf0-b5c2-7e7100d4e7a4
University of Southern California,USA,United States,California,PA,USC,Physician Assistant,6604270b-fe8f-4bf0-b5c2-7e7100d4e7a4
University of St. Francis,USA,United States,Illinois,PA,,Physician Assistant,6604270b-fe8f-4bf0-b5c2-7e7100d4e7a4
University of Tennessee Health Science Center,USA,United States,Tennessee,PA,,Physician Assistant,6604270b-fe8f-4bf0-b5c2-7e7100d4e7a4
University of Texas Health Science Center at San Antonio,USA,United States,Texas,PA,UT Health,Physician Assistant,6604270b-fe8f-4bf0-b5c2-7e7100d4e7a4
University of Texas Medical Branch at Galveston,USA,United States,Texas,PA,UTMB,Physician Assistant,6604270b-fe8f-4bf0-b5c2-7e7100d4e7a4
University of Texas - Pan American,USA,United States,Texas,PA,,Physician Assistant,6604270b-fe8f-4bf0-b5c2-7e7100d4e7a4
University of Texas Rio Grande Valley,USA,United States,Texas,PA,,Physician Assistant,6604270b-fe8f-4bf0-b5c2-7e7100d4e7a4
University of the Cumberlands  ,USA,United States,Kentucky,PA,,Physician Assistant,6604270b-fe8f-4bf0-b5c2-7e7100d4e7a4
University of the Pacific,USA,United States,California,PA,UOP,Physician Assistant,6604270b-fe8f-4bf0-b5c2-7e7100d4e7a4
University of the Sciences of Philadelphia  ,USA,United States,Pennsylvania,PA,,Physician Assistant,6604270b-fe8f-4bf0-b5c2-7e7100d4e7a4
University of Toledo,USA,United States,Ohio,PA,UT,Physician Assistant,6604270b-fe8f-4bf0-b5c2-7e7100d4e7a4
University of Utah,USA,United States,Utah,PA,,Physician Assistant,6604270b-fe8f-4bf0-b5c2-7e7100d4e7a4
University of Washington  ,USA,United States,Washington,PA,,Physician Assistant,6604270b-fe8f-4bf0-b5c2-7e7100d4e7a4
University of Wisconsin - La Crosse,USA,United States,Wisconsin,PA,,Physician Assistant,6604270b-fe8f-4bf0-b5c2-7e7100d4e7a4
University of Wisconsin - Madison,USA,United States,Wisconsin,PA,,Physician Assistant,6604270b-fe8f-4bf0-b5c2-7e7100d4e7a4
UT Southwestern School of Health Professions,USA,United States,Texas,PA,UT Southwestern,Physician Assistant,6604270b-fe8f-4bf0-b5c2-7e7100d4e7a4
Wagner College,USA,United States,New York,PA,,Physician Assistant,6604270b-fe8f-4bf0-b5c2-7e7100d4e7a4
Wake Forest University,USA,United States,North Carolina,PA,,Physician Assistant,6604270b-fe8f-4bf0-b5c2-7e7100d4e7a4
Wayne State University,USA,United States,Michigan,PA,,Physician Assistant,6604270b-fe8f-4bf0-b5c2-7e7100d4e7a4
West Liberty University,USA,United States,West Virginia,PA,,Physician Assistant,6604270b-fe8f-4bf0-b5c2-7e7100d4e7a4
Western Michigan University,USA,United States,Michigan,PA,WMU,Physician Assistant,6604270b-fe8f-4bf0-b5c2-7e7100d4e7a4
Western University of Health Sciences,USA,United States,California,PA,,Physician Assistant,6604270b-fe8f-4bf0-b5c2-7e7100d4e7a4
Wichita State University,USA,United States,Kansas,PA,WSU,Physician Assistant,6604270b-fe8f-4bf0-b5c2-7e7100d4e7a4
Wingate University  ,USA,United States,North Carolina,PA,,Physician Assistant,6604270b-fe8f-4bf0-b5c2-7e7100d4e7a4
Yale University School of Medicine,USA,United States,Connecticut,PA,,Physician Assistant,6604270b-fe8f-4bf0-b5c2-7e7100d4e7a4
Saint Francis University,USA,United States,Pennsylvania,PA,,Physician Assistant,6604270b-fe8f-4bf0-b5c2-7e7100d4e7a4
University of Evansville,USA,United States,Indiana,PA,,Physician Assistant,6604270b-fe8f-4bf0-b5c2-7e7100d4e7a4
College of St. Scholastica  ,USA,United States,Minnesota,PA,,Physician Assistant,6604270b-fe8f-4bf0-b5c2-7e7100d4e7a4
North Greenville University  ,USA,United States,South Carolina,PA,,Physician Assistant,6604270b-fe8f-4bf0-b5c2-7e7100d4e7a4
University of South Florida  ,USA,United States,Florida,PA,USF,Physician Assistant,6604270b-fe8f-4bf0-b5c2-7e7100d4e7a4
University of Alaska Fairbanks - Anchorage,USA,United States,Alaska,Psychology,UAF,Other HCP - Psychologist,e97c41fb-de10-4f72-8a14-8a4b110c2293
University of South Alabama,USA,United States,Alabama,Psychology,USA,Other HCP - Psychologist,e97c41fb-de10-4f72-8a14-8a4b110c2293
University of Alabama at Tuscaloosa,USA,United States,Alabama,Psychology,UA,Other HCP - Psychologist,e97c41fb-de10-4f72-8a14-8a4b110c2293
Auburn University,USA,United States,Alabama,Psychology,,Other HCP - Psychologist,e97c41fb-de10-4f72-8a14-8a4b110c2293
University of Alabama at Birmingham,USA,United States,Alabama,Psychology,,Other HCP - Psychologist,e97c41fb-de10-4f72-8a14-8a4b110c2293
University of Arkansas,USA,United States,Arkansas,Psychology,,Other HCP - Psychologist,e97c41fb-de10-4f72-8a14-8a4b110c2293
University of Central Arkansas,USA,United States,Arkansas,Psychology,,Other HCP - Psychologist,e97c41fb-de10-4f72-8a14-8a4b110c2293
Griffith University,,Australia,,Psychology,,Other HCP - Psychologist,e97c41fb-de10-4f72-8a14-8a4b110c2293
Midwestern University,USA,United States,Arizona,Psychology,,Other HCP - Psychologist,e97c41fb-de10-4f72-8a14-8a4b110c2293
Arizona State University,USA,United States,Arizona,Psychology,ASU,Other HCP - Psychologist,e97c41fb-de10-4f72-8a14-8a4b110c2293
University of Arizona,USA,United States,Arizona,Psychology,UA,Other HCP - Psychologist,e97c41fb-de10-4f72-8a14-8a4b110c2293
Arizona School of Professional Psychology at Argosy University,USA,United States,Arizona,Psychology,,Other HCP - Psychologist,e97c41fb-de10-4f72-8a14-8a4b110c2293
Fuller Theological Seminary,USA,United States,California,Psychology,,Other HCP - Psychologist,e97c41fb-de10-4f72-8a14-8a4b110c2293
John F. Kennedy University,USA,United States,California,Psychology,,Other HCP - Psychologist,e97c41fb-de10-4f72-8a14-8a4b110c2293
Biola University,USA,United States,California,Psychology,,Other HCP - Psychologist,e97c41fb-de10-4f72-8a14-8a4b110c2293
Azusa Pacific University,USA,United States,California,Psychology,,Other HCP - Psychologist,e97c41fb-de10-4f72-8a14-8a4b110c2293
Loma Linda University,USA,United States,California,Psychology,LLU,Other HCP - Psychologist,e97c41fb-de10-4f72-8a14-8a4b110c2293
Palo Alto University,USA,United States,California,Psychology,,Other HCP - Psychologist,e97c41fb-de10-4f72-8a14-8a4b110c2293
Alliant International University - San Francisco Bay,USA,United States,California,Psychology,,Other HCP - Psychologist,e97c41fb-de10-4f72-8a14-8a4b110c2293
Alliant International University - Fresno,USA,United States,California,Psychology,,Other HCP - Psychologist,e97c41fb-de10-4f72-8a14-8a4b110c2293
Alliant International University - Los Angeles,USA,United States,California,Psychology,,Other HCP - Psychologist,e97c41fb-de10-4f72-8a14-8a4b110c2293
Alliant International University - San Diego,USA,United States,California,Psychology,,Other HCP - Psychologist,e97c41fb-de10-4f72-8a14-8a4b110c2293
"University of California, Berkeley",USA,United States,California,Psychology,UCB,Other HCP - Psychologist,e97c41fb-de10-4f72-8a14-8a4b110c2293
"University of California, Los Angeles",USA,United States,California,Psychology,UCLA,Other HCP - Psychologist,e97c41fb-de10-4f72-8a14-8a4b110c2293
Fuller Theological Seminary,USA,United States,California,Psychology,,Other HCP - Psychologist,e97c41fb-de10-4f72-8a14-8a4b110c2293
Biola University,USA,United States,California,Psychology,,Other HCP - Psychologist,e97c41fb-de10-4f72-8a14-8a4b110c2293
University of Southern California,USA,United States,California,Psychology,,Other HCP - Psychologist,e97c41fb-de10-4f72-8a14-8a4b110c2293
San Diego State University - UC San Diego,USA,United States,California,Psychology,,Other HCP - Psychologist,e97c41fb-de10-4f72-8a14-8a4b110c2293
The Wright Institute,USA,United States,California,Psychology,WI,Other HCP - Psychologist,e97c41fb-de10-4f72-8a14-8a4b110c2293
Fielding Graduate University,USA,United States,California,Psychology,,Other HCP - Psychologist,e97c41fb-de10-4f72-8a14-8a4b110c2293
Pepperdine University,USA,United States,California,Psychology,,Other HCP - Psychologist,e97c41fb-de10-4f72-8a14-8a4b110c2293
Alliant International University - Los Angeles,USA,United States,California,Psychology,,Other HCP - Psychologist,e97c41fb-de10-4f72-8a14-8a4b110c2293
University of California - Santa Barbara,USA,United States,California,Psychology,,Other HCP - Psychologist,e97c41fb-de10-4f72-8a14-8a4b110c2293
Alliant International University - Fresno,USA,United States,California,Psychology,,Other HCP - Psychologist,e97c41fb-de10-4f72-8a14-8a4b110c2293
Alliant International University - San Diego,USA,United States,California,Psychology,,Other HCP - Psychologist,e97c41fb-de10-4f72-8a14-8a4b110c2293
Alliant International University - San Francisco Bay,USA,United States,California,Psychology,,Other HCP - Psychologist,e97c41fb-de10-4f72-8a14-8a4b110c2293
Palo Alto University,USA,United States,California,Psychology,,Other HCP - Psychologist,e97c41fb-de10-4f72-8a14-8a4b110c2293
"American School of Professional Psychology - Southern California at Argosy University, Orange County",USA,United States,California,Psychology,,Other HCP - Psychologist,e97c41fb-de10-4f72-8a14-8a4b110c2293
University of California - Riverside,USA,United States,California,Psychology,,Other HCP - Psychologist,e97c41fb-de10-4f72-8a14-8a4b110c2293
University of La Verne,USA,United States,California,Psychology,,Other HCP - Psychologist,e97c41fb-de10-4f72-8a14-8a4b110c2293
"American School of Professional Psychology at Argosy University, San Francisco Bay Area",USA,United States,California,Psychology,,Other HCP - Psychologist,e97c41fb-de10-4f72-8a14-8a4b110c2293
California Lutheran University,USA,United States,California,Psychology,,Other HCP - Psychologist,e97c41fb-de10-4f72-8a14-8a4b110c2293
Alliant International University - Sacramento,USA,United States,California,Psychology,,Other HCP - Psychologist,e97c41fb-de10-4f72-8a14-8a4b110c2293
University of Colorado Denver,USA,United States,Colorado,Psychology,,Other HCP - Psychologist,e97c41fb-de10-4f72-8a14-8a4b110c2293
University of Colorado at Colorado Springs,USA,United States,Colorado,Psychology,,Other HCP - Psychologist,e97c41fb-de10-4f72-8a14-8a4b110c2293
University of Northern Colorado,USA,United States,Colorado,Psychology,,Other HCP - Psychologist,e97c41fb-de10-4f72-8a14-8a4b110c2293
Colorado State University,USA,United States,Colorado,Psychology,CSU,Other HCP - Psychologist,e97c41fb-de10-4f72-8a14-8a4b110c2293
University of Colorado Boulder,USA,United States,Colorado,Psychology,CU Boulder,Other HCP - Psychologist,e97c41fb-de10-4f72-8a14-8a4b110c2293
University of Denver,USA,United States,Colorado,Psychology,,Other HCP - Psychologist,e97c41fb-de10-4f72-8a14-8a4b110c2293
University of Northern Colorado,USA,United States,Colorado,Psychology,UNC,Other HCP - Psychologist,e97c41fb-de10-4f72-8a14-8a4b110c2293
University of Connecticut,USA,United States,Connecticut,Psychology,UConn,Other HCP - Psychologist,e97c41fb-de10-4f72-8a14-8a4b110c2293
Yale University,USA,United States,Connecticut,Psychology,,Other HCP - Psychologist,e97c41fb-de10-4f72-8a14-8a4b110c2293
University of Hartford,USA,United States,Connecticut,Psychology,UHart,Other HCP - Psychologist,e97c41fb-de10-4f72-8a14-8a4b110c2293
University of Connecticut,USA,United States,Connecticut,Psychology,UConn,Other HCP - Psychologist,e97c41fb-de10-4f72-8a14-8a4b110c2293
Gallaudet University,USA,United States,Washington,Psychology,,Other HCP - Psychologist,e97c41fb-de10-4f72-8a14-8a4b110c2293
Howard University,USA,United States,Washington,Psychology,,Other HCP - Psychologist,e97c41fb-de10-4f72-8a14-8a4b110c2293
George Washington University,USA,United States,Washington,Psychology,GW,Other HCP - Psychologist,e97c41fb-de10-4f72-8a14-8a4b110c2293
Howard University,USA,United States,Washington,Psychology,,Other HCP - Psychologist,e97c41fb-de10-4f72-8a14-8a4b110c2293
American University,USA,United States,Washington,Psychology,,Other HCP - Psychologist,e97c41fb-de10-4f72-8a14-8a4b110c2293
Catholic University of America,USA,United States,Washington,Psychology,CUA,Other HCP - Psychologist,e97c41fb-de10-4f72-8a14-8a4b110c2293
George Washington University,USA,United States,Washington,Psychology,GWU,Other HCP - Psychologist,e97c41fb-de10-4f72-8a14-8a4b110c2293
The Chicago School of Professional Psychology - Washington D.C.,USA,United States,Illinois,Psychology,,Other HCP - Psychologist,e97c41fb-de10-4f72-8a14-8a4b110c2293
University of Delaware,USA,United States,Delaware,Psychology,,Other HCP - Psychologist,e97c41fb-de10-4f72-8a14-8a4b110c2293
Florida Institute of Technology,USA,United States,Florida,Psychology,Florida Tech,Other HCP - Psychologist,e97c41fb-de10-4f72-8a14-8a4b110c2293
Florida State University,USA,United States,Florida,Psychology,FSU,Other HCP - Psychologist,e97c41fb-de10-4f72-8a14-8a4b110c2293
University of Florida,USA,United States,Florida,Psychology,UF,Other HCP - Psychologist,e97c41fb-de10-4f72-8a14-8a4b110c2293
University of Miami,USA,United States,Florida,Psychology,,Other HCP - Psychologist,e97c41fb-de10-4f72-8a14-8a4b110c2293
Nova Southeastern University,USA,United States,Florida,Psychology,NSU,Other HCP - Psychologist,e97c41fb-de10-4f72-8a14-8a4b110c2293
University of South Florida,USA,United States,Florida,Psychology,USF,Other HCP - Psychologist,e97c41fb-de10-4f72-8a14-8a4b110c2293
Carlos Albizu University - Miami,USA,United States,Florida,Psychology,,Other HCP - Psychologist,e97c41fb-de10-4f72-8a14-8a4b110c2293
Florida School of Professional Psychology at Argosy University,USA,United States,Florida,Psychology,,Other HCP - Psychologist,e97c41fb-de10-4f72-8a14-8a4b110c2293
University of South Florida,USA,United States,Florida,Psychology,,Other HCP - Psychologist,e97c41fb-de10-4f72-8a14-8a4b110c2293
Florida International University,USA,United States,Florida,Psychology,FIU,Other HCP - Psychologist,e97c41fb-de10-4f72-8a14-8a4b110c2293
Nova Southeastern University,USA,United States,Florida,Psychology,,Other HCP - Psychologist,e97c41fb-de10-4f72-8a14-8a4b110c2293
University of Central Florida,USA,United States,Florida,Psychology,,Other HCP - Psychologist,e97c41fb-de10-4f72-8a14-8a4b110c2293
Georgia Southern University,USA,United States,Georgia,Psychology,,Other HCP - Psychologist,e97c41fb-de10-4f72-8a14-8a4b110c2293
"Georgia School of Professional Psychology at Argosy University, Atlanta",USA,United States,Georgia,Psychology,,Other HCP - Psychologist,e97c41fb-de10-4f72-8a14-8a4b110c2293
University of Georgia,USA,United States,Georgia,Psychology,UGA,Other HCP - Psychologist,e97c41fb-de10-4f72-8a14-8a4b110c2293
Emory University,USA,United States,Georgia,Psychology,,Other HCP - Psychologist,e97c41fb-de10-4f72-8a14-8a4b110c2293
Georgia State University,USA,United States,Georgia,Psychology,,Other HCP - Psychologist,e97c41fb-de10-4f72-8a14-8a4b110c2293
University of Georgia,USA,United States,Georgia,Psychology,UGA,Other HCP - Psychologist,e97c41fb-de10-4f72-8a14-8a4b110c2293
University of Hawaii at Manoa,USA,United States,Hawaii,Psychology,,Other HCP - Psychologist,e97c41fb-de10-4f72-8a14-8a4b110c2293
"Hawaii School of Professional Psychology at Argosy University, Hawaii",USA,United States,Hawaii,Psychology,,Other HCP - Psychologist,e97c41fb-de10-4f72-8a14-8a4b110c2293
University of Iowa,USA,United States,Iowa,Psychology,,Other HCP - Psychologist,e97c41fb-de10-4f72-8a14-8a4b110c2293
Iowa State University,USA,United States,Iowa,Psychology,,Other HCP - Psychologist,e97c41fb-de10-4f72-8a14-8a4b110c2293
University of Iowa,USA,United States,Iowa,Psychology,,Other HCP - Psychologist,e97c41fb-de10-4f72-8a14-8a4b110c2293
Idaho State University,USA,United States,Idaho,Psychology,,Other HCP - Psychologist,e97c41fb-de10-4f72-8a14-8a4b110c2293
Illinois School of Professional Psychology at Argosy University - Schaumburg,USA,United States,Illinois,Psychology,,Other HCP - Psychologist,e97c41fb-de10-4f72-8a14-8a4b110c2293
Roosevelt University,USA,United States,Illinois,Psychology,,Other HCP - Psychologist,e97c41fb-de10-4f72-8a14-8a4b110c2293
Adler University - Chicago,USA,United States,Illinois,Psychology,,Other HCP - Psychologist,e97c41fb-de10-4f72-8a14-8a4b110c2293
Illinois State University,USA,United States,Illinois,Psychology,,Other HCP - Psychologist,e97c41fb-de10-4f72-8a14-8a4b110c2293
Wheaton College,USA,United States,Illinois,Psychology,,Other HCP - Psychologist,e97c41fb-de10-4f72-8a14-8a4b110c2293
Illinois School of Professional Psychology at Argosy University - Chicago,USA,United States,Illinois,Psychology,,Other HCP - Psychologist,e97c41fb-de10-4f72-8a14-8a4b110c2293
Northwestern University,USA,United States,Illinois,Psychology,,Other HCP - Psychologist,e97c41fb-de10-4f72-8a14-8a4b110c2293
Chicago School of Professional Psychology,USA,United States,Illinois,Psychology,,Other HCP - Psychologist,e97c41fb-de10-4f72-8a14-8a4b110c2293
Depaul University,USA,United States,Illinois,Psychology,,Other HCP - Psychologist,e97c41fb-de10-4f72-8a14-8a4b110c2293
Rosalind Franklin University of Medicine and Science,USA,United States,Illinois,Psychology,,Other HCP - Psychologist,e97c41fb-de10-4f72-8a14-8a4b110c2293
University of Illinois at Chicago,USA,United States,Illinois,Psychology,,Other HCP - Psychologist,e97c41fb-de10-4f72-8a14-8a4b110c2293
Illinois Institute of Technology,USA,United States,Illinois,Psychology,,Other HCP - Psychologist,e97c41fb-de10-4f72-8a14-8a4b110c2293
University of Illinois at Urbana-Champaign,USA,United States,Illinois,Psychology,,Other HCP - Psychologist,e97c41fb-de10-4f72-8a14-8a4b110c2293
Loyola University Chicago,USA,United States,Illinois,Psychology,,Other HCP - Psychologist,e97c41fb-de10-4f72-8a14-8a4b110c2293
Northern Illinois University,USA,United States,Illinois,Psychology,,Other HCP - Psychologist,e97c41fb-de10-4f72-8a14-8a4b110c2293
Northwestern University Feinberg School of Medicine,USA,United States,Illinois,Psychology,,Other HCP - Psychologist,e97c41fb-de10-4f72-8a14-8a4b110c2293
Southern Illinois University Carbondale,USA,United States,Illinois,Psychology,,Other HCP - Psychologist,e97c41fb-de10-4f72-8a14-8a4b110c2293
Midwestern University,USA,United States,Illinois,Psychology,,Other HCP - Psychologist,e97c41fb-de10-4f72-8a14-8a4b110c2293
Loyola University Chicago,USA,United States,Illinois,Psychology,,Other HCP - Psychologist,e97c41fb-de10-4f72-8a14-8a4b110c2293
Northern Illinois University,USA,United States,Illinois,Psychology,,Other HCP - Psychologist,e97c41fb-de10-4f72-8a14-8a4b110c2293
Purdue University,USA,United States,Indiana,Psychology,,Other HCP - Psychologist,e97c41fb-de10-4f72-8a14-8a4b110c2293
University of Notre Dame,USA,United States,Indiana,Psychology,ND,Other HCP - Psychologist,e97c41fb-de10-4f72-8a14-8a4b110c2293
Ball State University,USA,United States,Indiana,Psychology,,Other HCP - Psychologist,e97c41fb-de10-4f72-8a14-8a4b110c2293
Indiana University - Bloomington,USA,United States,Indiana,Psychology,,Other HCP - Psychologist,e97c41fb-de10-4f72-8a14-8a4b110c2293
Indiana State University,USA,United States,Indiana,Psychology,,Other HCP - Psychologist,e97c41fb-de10-4f72-8a14-8a4b110c2293
Indiana University - Purdue University Indianapolis,USA,United States,Indiana,Psychology,IUPUI,Other HCP - Psychologist,e97c41fb-de10-4f72-8a14-8a4b110c2293
University of Indianapolis,USA,United States,Indiana,Psychology,UIndy,Other HCP - Psychologist,e97c41fb-de10-4f72-8a14-8a4b110c2293
University of Kansas,USA,United States,Kansas,Psychology,,Other HCP - Psychologist,e97c41fb-de10-4f72-8a14-8a4b110c2293
Wichita State University,USA,United States,Kansas,Psychology,WSU,Other HCP - Psychologist,e97c41fb-de10-4f72-8a14-8a4b110c2293
University of Kentucky,USA,United States,Kentucky,Psychology,UK,Other HCP - Psychologist,e97c41fb-de10-4f72-8a14-8a4b110c2293
University of Louisville,USA,United States,Kentucky,Psychology,,Other HCP - Psychologist,e97c41fb-de10-4f72-8a14-8a4b110c2293
Spalding University,USA,United States,Kentucky,Psychology,,Other HCP - Psychologist,e97c41fb-de10-4f72-8a14-8a4b110c2293
Tulane University,USA,United States,Louisiana,Psychology,,Other HCP - Psychologist,e97c41fb-de10-4f72-8a14-8a4b110c2293
Louisiana State University,USA,United States,Louisiana,Psychology,LSU,Other HCP - Psychologist,e97c41fb-de10-4f72-8a14-8a4b110c2293
Louisiana Tech University,USA,United States,Louisiana,Psychology,,Other HCP - Psychologist,e97c41fb-de10-4f72-8a14-8a4b110c2293
Harvard University,USA,United States,Massachusetts,Psychology,,Other HCP - Psychologist,e97c41fb-de10-4f72-8a14-8a4b110c2293
Northeastern University,USA,United States,Massachusetts,Psychology,,Other HCP - Psychologist,e97c41fb-de10-4f72-8a14-8a4b110c2293
William James College,USA,United States,Massachusetts,Psychology,,Other HCP - Psychologist,e97c41fb-de10-4f72-8a14-8a4b110c2293
Springfield College,USA,United States,Massachusetts,Psychology,,Other HCP - Psychologist,e97c41fb-de10-4f72-8a14-8a4b110c2293
University of Massachusetts Boston,USA,United States,Massachusetts,Psychology,UMB,Other HCP - Psychologist,e97c41fb-de10-4f72-8a14-8a4b110c2293
Boston College,USA,United States,Massachusetts,Psychology,BC,Other HCP - Psychologist,e97c41fb-de10-4f72-8a14-8a4b110c2293
Boston University,USA,United States,Massachusetts,Psychology,BU,Other HCP - Psychologist,e97c41fb-de10-4f72-8a14-8a4b110c2293
Clark University,USA,United States,Massachusetts,Psychology,,Other HCP - Psychologist,e97c41fb-de10-4f72-8a14-8a4b110c2293
University of Massachusetts Amherst,USA,United States,Massachusetts,Psychology,UMA,Other HCP - Psychologist,e97c41fb-de10-4f72-8a14-8a4b110c2293
Suffolk University,USA,United States,Massachusetts,Psychology,,Other HCP - Psychologist,e97c41fb-de10-4f72-8a14-8a4b110c2293
University of Maryland - Baltimore County,USA,United States,Maryland,Psychology,UMBC,Other HCP - Psychologist,e97c41fb-de10-4f72-8a14-8a4b110c2293
Uniformed Services University of the Health Sciences,USA,United States,Maryland,Psychology,,Other HCP - Psychologist,e97c41fb-de10-4f72-8a14-8a4b110c2293
Loyola University Maryland,USA,United States,Maryland,Psychology,,Other HCP - Psychologist,e97c41fb-de10-4f72-8a14-8a4b110c2293
University of Maryland - College Park,USA,United States,Maryland,Psychology,,Other HCP - Psychologist,e97c41fb-de10-4f72-8a14-8a4b110c2293
University of Maine,USA,United States,Maine,Psychology,UMaine,Other HCP - Psychologist,e97c41fb-de10-4f72-8a14-8a4b110c2293
University of Michigan,USA,United States,Michigan,Psychology,UMich,Other HCP - Psychologist,e97c41fb-de10-4f72-8a14-8a4b110c2293
Wayne State University,USA,United States,Michigan,Psychology,,Other HCP - Psychologist,e97c41fb-de10-4f72-8a14-8a4b110c2293
Michigan State University,USA,United States,Michigan,Psychology,MSU,Other HCP - Psychologist,e97c41fb-de10-4f72-8a14-8a4b110c2293
Western Michigan University,USA,United States,Michigan,Psychology,,Other HCP - Psychologist,e97c41fb-de10-4f72-8a14-8a4b110c2293
University of Detroit Mercy,USA,United States,Michigan,Psychology,,Other HCP - Psychologist,e97c41fb-de10-4f72-8a14-8a4b110c2293
Central Michigan University,USA,United States,Michigan,Psychology,,Other HCP - Psychologist,e97c41fb-de10-4f72-8a14-8a4b110c2293
Michigan School of Professional Psychology,USA,United States,Michigan,Psychology,,Other HCP - Psychologist,e97c41fb-de10-4f72-8a14-8a4b110c2293
Eastern Michigan University,USA,United States,Michigan,Psychology,,Other HCP - Psychologist,e97c41fb-de10-4f72-8a14-8a4b110c2293
Saint Mary's University of Minnesota,USA,United States,Minnesota,Psychology,,Other HCP - Psychologist,e97c41fb-de10-4f72-8a14-8a4b110c2293
Minnesota School of Professional Psychology at Argosy University,USA,United States,Minnesota,Psychology,,Other HCP - Psychologist,e97c41fb-de10-4f72-8a14-8a4b110c2293
University of St. Thomas,USA,United States,Minnesota,Psychology,,Other HCP - Psychologist,e97c41fb-de10-4f72-8a14-8a4b110c2293
University of Minnesota,USA,United States,Minnesota,Psychology,,Other HCP - Psychologist,e97c41fb-de10-4f72-8a14-8a4b110c2293
University of Missouri - Columbia,USA,United States,Minnesota,Psychology,,Other HCP - Psychologist,e97c41fb-de10-4f72-8a14-8a4b110c2293
University of Missouri - St. Louis,USA,United States,Minnesota,Psychology,,Other HCP - Psychologist,e97c41fb-de10-4f72-8a14-8a4b110c2293
Washington University in St. Louis,USA,United States,Missouri,Psychology,WUSTL,Other HCP - Psychologist,e97c41fb-de10-4f72-8a14-8a4b110c2293
Saint Louis University,USA,United States,Missouri,Psychology,SLU,Other HCP - Psychologist,e97c41fb-de10-4f72-8a14-8a4b110c2293
University of Missouri Kansas City,USA,United States,Missouri,Psychology,,Other HCP - Psychologist,e97c41fb-de10-4f72-8a14-8a4b110c2293
University of Southern Mississippi,USA,United States,Mississippi,Psychology,USM,Other HCP - Psychologist,e97c41fb-de10-4f72-8a14-8a4b110c2293
Mississippi State University,USA,United States,Mississippi,Psychology,,Other HCP - Psychologist,e97c41fb-de10-4f72-8a14-8a4b110c2293
Jackson State University,USA,United States,Mississippi,Psychology,,Other HCP - Psychologist,e97c41fb-de10-4f72-8a14-8a4b110c2293
University of Mississippi,USA,United States,Mississippi,Psychology,,Other HCP - Psychologist,e97c41fb-de10-4f72-8a14-8a4b110c2293
The University of Montana,USA,United States,Montana,Psychology,,Other HCP - Psychologist,e97c41fb-de10-4f72-8a14-8a4b110c2293
East Carolina University,USA,United States,North Carolina,Psychology,ECU,Other HCP - Psychologist,e97c41fb-de10-4f72-8a14-8a4b110c2293
University of North Carolina - Charlotte,USA,United States,North Carolina,Psychology,,Other HCP - Psychologist,e97c41fb-de10-4f72-8a14-8a4b110c2293
North Carolina State University,USA,United States,North Carolina,Psychology,NC State,Other HCP - Psychologist,e97c41fb-de10-4f72-8a14-8a4b110c2293
University of North Carolina - Chapel Hill,USA,United States,North Carolina,Psychology,UNC,Other HCP - Psychologist,e97c41fb-de10-4f72-8a14-8a4b110c2293
University of North Carolina - Greensboro,USA,United States,North Carolina,Psychology,UNC,Other HCP - Psychologist,e97c41fb-de10-4f72-8a14-8a4b110c2293
Duke University,USA,United States,North Carolina,Psychology,Duke,Other HCP - Psychologist,e97c41fb-de10-4f72-8a14-8a4b110c2293
University of North Dakota,USA,United States,North Dakota,Psychology,,Other HCP - Psychologist,e97c41fb-de10-4f72-8a14-8a4b110c2293
University of Nebraska - Lincoln,USA,United States,Nebraska,Psychology,,Other HCP - Psychologist,e97c41fb-de10-4f72-8a14-8a4b110c2293
Antioch University New England,USA,United States,New Hampshire,Psychology,,Other HCP - Psychologist,e97c41fb-de10-4f72-8a14-8a4b110c2293
Fairleigh Dickinson University,USA,United States,New Jersey,Psychology,,Other HCP - Psychologist,e97c41fb-de10-4f72-8a14-8a4b110c2293
Seton Hall University,USA,United States,New Jersey,Psychology,,Other HCP - Psychologist,e97c41fb-de10-4f72-8a14-8a4b110c2293
Rutgers University,USA,United States,New Jersey,Psychology,,Other HCP - Psychologist,e97c41fb-de10-4f72-8a14-8a4b110c2293
Kean University,USA,United States,New Jersey,Psychology,,Other HCP - Psychologist,e97c41fb-de10-4f72-8a14-8a4b110c2293
University of New Mexico,USA,United States,New Mexico,Psychology,,Other HCP - Psychologist,e97c41fb-de10-4f72-8a14-8a4b110c2293
New Mexico State University,USA,United States,New Mexico,Psychology,NMSU,Other HCP - Psychologist,e97c41fb-de10-4f72-8a14-8a4b110c2293
University of Nevada - Reno,USA,United States,Nevada,Psychology,UNR,Other HCP - Psychologist,e97c41fb-de10-4f72-8a14-8a4b110c2293
University of Nevada Las Vegas,USA,United States,Nevada,Psychology,UNLV,Other HCP - Psychologist,e97c41fb-de10-4f72-8a14-8a4b110c2293
Yeshiva University,USA,United States,New York,Psychology,YU,Other HCP - Psychologist,e97c41fb-de10-4f72-8a14-8a4b110c2293
Hofstra University,USA,United States,New York,Psychology,,Other HCP - Psychologist,e97c41fb-de10-4f72-8a14-8a4b110c2293
St. John's University,USA,United States,New York,Psychology,,Other HCP - Psychologist,e97c41fb-de10-4f72-8a14-8a4b110c2293
CUNY John Jay College of Criminal Justice & the Graduate Center,USA,United States,New York,Psychology,,Other HCP - Psychologist,e97c41fb-de10-4f72-8a14-8a4b110c2293
CUNY Queens College and the Graduate Center,USA,United States,New York,Psychology,,Other HCP - Psychologist,e97c41fb-de10-4f72-8a14-8a4b110c2293
Pace University,USA,United States,New York,Psychology,,Other HCP - Psychologist,e97c41fb-de10-4f72-8a14-8a4b110c2293
University at Albany,USA,United States,New York,Psychology,,Other HCP - Psychologist,e97c41fb-de10-4f72-8a14-8a4b110c2293
Fordham University,USA,United States,New York,Psychology,,Other HCP - Psychologist,e97c41fb-de10-4f72-8a14-8a4b110c2293
Long Island University - C.W. Post,USA,United States,New York,Psychology,,Other HCP - Psychologist,e97c41fb-de10-4f72-8a14-8a4b110c2293
Alfred University,USA,United States,New York,Psychology,,Other HCP - Psychologist,e97c41fb-de10-4f72-8a14-8a4b110c2293
Yeshiva University,USA,United States,New York,Psychology,,Other HCP - Psychologist,e97c41fb-de10-4f72-8a14-8a4b110c2293
CUNY Graduate Center,USA,United States,New York,Psychology,,Other HCP - Psychologist,e97c41fb-de10-4f72-8a14-8a4b110c2293
Adelphi University,USA,United States,New York,Psychology,,Other HCP - Psychologist,e97c41fb-de10-4f72-8a14-8a4b110c2293
Long Island University,USA,United States,New York,Psychology,,Other HCP - Psychologist,e97c41fb-de10-4f72-8a14-8a4b110c2293
The New School,USA,United States,New York,Psychology,,Other HCP - Psychologist,e97c41fb-de10-4f72-8a14-8a4b110c2293
University at Albany SUNY,USA,United States,New York,Psychology,,Other HCP - Psychologist,e97c41fb-de10-4f72-8a14-8a4b110c2293
"Binghamton University, State University of New York",USA,United States,New York,Psychology,,Other HCP - Psychologist,e97c41fb-de10-4f72-8a14-8a4b110c2293
"University at Buffalo, State University of New York",USA,United States,New York,Psychology,,Other HCP - Psychologist,e97c41fb-de10-4f72-8a14-8a4b110c2293
"Stony Brook University, State University of New York",USA,United States,New York,Psychology,,Other HCP - Psychologist,e97c41fb-de10-4f72-8a14-8a4b110c2293
New York University,USA,United States,New York,Psychology,NYU,Other HCP - Psychologist,e97c41fb-de10-4f72-8a14-8a4b110c2293
University of Rochester,USA,United States,New York,Psychology,,Other HCP - Psychologist,e97c41fb-de10-4f72-8a14-8a4b110c2293
Syracuse University,USA,United States,New York,Psychology,,Other HCP - Psychologist,e97c41fb-de10-4f72-8a14-8a4b110c2293
"Teachers College, Columbia University",USA,United States,New York,Psychology,,Other HCP - Psychologist,e97c41fb-de10-4f72-8a14-8a4b110c2293
Bowling Green State University,USA,United States,Ohio,Psychology,,Other HCP - Psychologist,e97c41fb-de10-4f72-8a14-8a4b110c2293
Case Western Reserve University,USA,United States,Ohio,Psychology,,Other HCP - Psychologist,e97c41fb-de10-4f72-8a14-8a4b110c2293
Kent State University,USA,United States,Ohio,Psychology,,Other HCP - Psychologist,e97c41fb-de10-4f72-8a14-8a4b110c2293
Miami University,USA,United States,Florida,Psychology,,Other HCP - Psychologist,e97c41fb-de10-4f72-8a14-8a4b110c2293
The Ohio State University,USA,United States,Ohio,Psychology,,Other HCP - Psychologist,e97c41fb-de10-4f72-8a14-8a4b110c2293
Ohio University,USA,United States,Ohio,Psychology,,Other HCP - Psychologist,e97c41fb-de10-4f72-8a14-8a4b110c2293
University of Toledo,USA,United States,Ohio,Psychology,,Other HCP - Psychologist,e97c41fb-de10-4f72-8a14-8a4b110c2293
Wright State University,USA,United States,Ohio,Psychology,,Other HCP - Psychologist,e97c41fb-de10-4f72-8a14-8a4b110c2293
Xavier University,USA,United States,Ohio,Psychology,,Other HCP - Psychologist,e97c41fb-de10-4f72-8a14-8a4b110c2293
The University of Akron,USA,United States,Ohio,Psychology,,Other HCP - Psychologist,e97c41fb-de10-4f72-8a14-8a4b110c2293
University of Cincinnati,USA,United States,Ohio,Psychology,,Other HCP - Psychologist,e97c41fb-de10-4f72-8a14-8a4b110c2293
Cleveland State University,USA,United States,Ohio,Psychology,,Other HCP - Psychologist,e97c41fb-de10-4f72-8a14-8a4b110c2293
University of Tulsa,USA,United States,Oklahoma,Psychology,TU,Other HCP - Psychologist,e97c41fb-de10-4f72-8a14-8a4b110c2293
Oklahoma State University,USA,United States,Oklahoma,Psychology,,Other HCP - Psychologist,e97c41fb-de10-4f72-8a14-8a4b110c2293
University of Oklahoma,USA,United States,Oklahoma,Psychology,,Other HCP - Psychologist,e97c41fb-de10-4f72-8a14-8a4b110c2293
George Fox University,USA,United States,Oregon,Psychology,,Other HCP - Psychologist,e97c41fb-de10-4f72-8a14-8a4b110c2293
University of Oregon,USA,United States,Oregon,Psychology,,Other HCP - Psychologist,e97c41fb-de10-4f72-8a14-8a4b110c2293
"Pacific University, Oregon",USA,United States,Oregon,Psychology,,Other HCP - Psychologist,e97c41fb-de10-4f72-8a14-8a4b110c2293
Lehigh University,USA,United States,Pennsylvania,Psychology,,Other HCP - Psychologist,e97c41fb-de10-4f72-8a14-8a4b110c2293
Drexel University,USA,United States,Pennsylvania,Psychology,,Other HCP - Psychologist,e97c41fb-de10-4f72-8a14-8a4b110c2293
Immaculata University,USA,United States,Pennsylvania,Psychology,,Other HCP - Psychologist,e97c41fb-de10-4f72-8a14-8a4b110c2293
Indiana University of Pennsylvania,USA,United States,Pennsylvania,Psychology,IUP,Other HCP - Psychologist,e97c41fb-de10-4f72-8a14-8a4b110c2293
Duquesne University,USA,United States,Pennsylvania,Psychology,,Other HCP - Psychologist,e97c41fb-de10-4f72-8a14-8a4b110c2293
Philadelphia College of Osteopathic Medicine,USA,United States,Pennsylvania,Psychology,,Other HCP - Psychologist,e97c41fb-de10-4f72-8a14-8a4b110c2293
Widener University,USA,United States,Pennsylvania,Psychology,,Other HCP - Psychologist,e97c41fb-de10-4f72-8a14-8a4b110c2293
Pennsylvania State University,USA,United States,Pennsylvania,Psychology,,Other HCP - Psychologist,e97c41fb-de10-4f72-8a14-8a4b110c2293
University of Pennsylvania,USA,United States,Pennsylvania,Psychology,,Other HCP - Psychologist,e97c41fb-de10-4f72-8a14-8a4b110c2293
University of Pittsburgh,USA,United States,Pennsylvania,Psychology,,Other HCP - Psychologist,e97c41fb-de10-4f72-8a14-8a4b110c2293
Temple University,USA,United States,Pennsylvania,Psychology,,Other HCP - Psychologist,e97c41fb-de10-4f72-8a14-8a4b110c2293
Carlow University,USA,United States,Pennsylvania,Psychology,,Other HCP - Psychologist,e97c41fb-de10-4f72-8a14-8a4b110c2293
La Salle University,USA,United States,Pennsylvania,Psychology,,Other HCP - Psychologist,e97c41fb-de10-4f72-8a14-8a4b110c2293
Chestnut Hill College,USA,United States,Pennsylvania,Psychology,,Other HCP - Psychologist,e97c41fb-de10-4f72-8a14-8a4b110c2293
Marywood University,USA,United States,Pennsylvania,Psychology,,Other HCP - Psychologist,e97c41fb-de10-4f72-8a14-8a4b110c2293
Chatham University,USA,United States,Pennsylvania,Psychology,,Other HCP - Psychologist,e97c41fb-de10-4f72-8a14-8a4b110c2293
Ponce Health Sciences University,USA,United States,Puerto Rico,Psychology,,Other HCP - Psychologist,e97c41fb-de10-4f72-8a14-8a4b110c2293
Carlos Albizu University - San Juan,USA,United States,Puerto Rico,Psychology,,Other HCP - Psychologist,e97c41fb-de10-4f72-8a14-8a4b110c2293
University of Rhode Island,USA,United States,Rhode Island,Psychology,,Other HCP - Psychologist,e97c41fb-de10-4f72-8a14-8a4b110c2293
University of South Carolina,USA,United States,South Carolina,Psychology,,Other HCP - Psychologist,e97c41fb-de10-4f72-8a14-8a4b110c2293
The University of South Dakota,USA,United States,South Dakota,Psychology,,Other HCP - Psychologist,e97c41fb-de10-4f72-8a14-8a4b110c2293
The University of Memphis,USA,United States,Tennessee,Psychology,U of M,Other HCP - Psychologist,e97c41fb-de10-4f72-8a14-8a4b110c2293
Vanderbilt University,USA,United States,Tennessee,Psychology,,Other HCP - Psychologist,e97c41fb-de10-4f72-8a14-8a4b110c2293
Tennessee State University,USA,United States,Tennessee,Psychology,,Other HCP - Psychologist,e97c41fb-de10-4f72-8a14-8a4b110c2293
University of Tennessee - Knoxville,USA,United States,Tennessee,Psychology,,Other HCP - Psychologist,e97c41fb-de10-4f72-8a14-8a4b110c2293
East Tennessee State University,USA,United States,Tennessee,Psychology,,Other HCP - Psychologist,e97c41fb-de10-4f72-8a14-8a4b110c2293
Texas Woman's University,USA,United States,Texas,Psychology,,Other HCP - Psychologist,e97c41fb-de10-4f72-8a14-8a4b110c2293
University of Houston,USA,United States,Texas,Psychology,UH,Other HCP - Psychologist,e97c41fb-de10-4f72-8a14-8a4b110c2293
Southern Methodist University,USA,United States,Texas,Psychology,SMU,Other HCP - Psychologist,e97c41fb-de10-4f72-8a14-8a4b110c2293
Sam Houston State University,USA,United States,Texas,Psychology,,Other HCP - Psychologist,e97c41fb-de10-4f72-8a14-8a4b110c2293
University of North Texas,USA,United States,Texas,Psychology,UNT,Other HCP - Psychologist,e97c41fb-de10-4f72-8a14-8a4b110c2293
Texas Tech University,USA,United States,Texas,Psychology,TTU,Other HCP - Psychologist,e97c41fb-de10-4f72-8a14-8a4b110c2293
Our Lady of the Lake University,USA,United States,Texas,Psychology,OLLU,Other HCP - Psychologist,e97c41fb-de10-4f72-8a14-8a4b110c2293
University of Texas Southwestern Medical Center,USA,United States,Texas,Psychology,UT Southwestern,Other HCP - Psychologist,e97c41fb-de10-4f72-8a14-8a4b110c2293
Baylor University,USA,United States,Texas,Psychology,,Other HCP - Psychologist,e97c41fb-de10-4f72-8a14-8a4b110c2293
Texas A&M University,USA,United States,Texas,Psychology,,Other HCP - Psychologist,e97c41fb-de10-4f72-8a14-8a4b110c2293
University of Texas at Austin,USA,United States,Texas,Psychology,,Other HCP - Psychologist,e97c41fb-de10-4f72-8a14-8a4b110c2293
Brigham Young University,USA,United States,Utah,Psychology,BYU,Other HCP - Psychologist,e97c41fb-de10-4f72-8a14-8a4b110c2293
Utah State University,USA,United States,Utah,Psychology,,Other HCP - Psychologist,e97c41fb-de10-4f72-8a14-8a4b110c2293
University of Utah,USA,United States,Utah,Psychology,,Other HCP - Psychologist,e97c41fb-de10-4f72-8a14-8a4b110c2293
"American School of Professional Psychology at Argosy University, Washington, Dc",USA,United States,Virginia,Psychology,,Other HCP - Psychologist,e97c41fb-de10-4f72-8a14-8a4b110c2293
James Madison University,USA,United States,Virginia,Psychology,JMU,Other HCP - Psychologist,e97c41fb-de10-4f72-8a14-8a4b110c2293
Regent University,USA,United States,Virginia,Psychology,,Other HCP - Psychologist,e97c41fb-de10-4f72-8a14-8a4b110c2293
George Mason University,USA,United States,Virginia,Psychology,GMU,Other HCP - Psychologist,e97c41fb-de10-4f72-8a14-8a4b110c2293
Virginia Consortium Program in Clinical Psychology,USA,United States,Virginia,Psychology,,Other HCP - Psychologist,e97c41fb-de10-4f72-8a14-8a4b110c2293
Virginia Commonwealth University,USA,United States,Virginia,Psychology,VCU,Other HCP - Psychologist,e97c41fb-de10-4f72-8a14-8a4b110c2293
Virginia Polytechnic Institute and State University,USA,United States,Virginia,Psychology,VT,Other HCP - Psychologist,e97c41fb-de10-4f72-8a14-8a4b110c2293
University of Virginia,USA,United States,Virginia,Psychology,UVA,Other HCP - Psychologist,e97c41fb-de10-4f72-8a14-8a4b110c2293
Radford University,USA,United States,Virginia,Psychology,,Other HCP - Psychologist,e97c41fb-de10-4f72-8a14-8a4b110c2293
Divine Mercy University,USA,United States,Virginia,Psychology,DMU,Other HCP - Psychologist,e97c41fb-de10-4f72-8a14-8a4b110c2293
University of Vermont,USA,United States,Vermont,Psychology,UVM,Other HCP - Psychologist,e97c41fb-de10-4f72-8a14-8a4b110c2293
University of Washington,USA,United States,Washington,Psychology,UW,Other HCP - Psychologist,e97c41fb-de10-4f72-8a14-8a4b110c2293
Washington State University,USA,United States,Washington,Psychology,WSU,Other HCP - Psychologist,e97c41fb-de10-4f72-8a14-8a4b110c2293
Seattle Pacific University,USA,United States,Washington,Psychology,,Other HCP - Psychologist,e97c41fb-de10-4f72-8a14-8a4b110c2293
Marquette University,USA,United States,Wisconsin,Psychology,,Other HCP - Psychologist,e97c41fb-de10-4f72-8a14-8a4b110c2293
Wisconsin School of Professional Psychology,USA,United States,Wisconsin,Psychology,,Other HCP - Psychologist,e97c41fb-de10-4f72-8a14-8a4b110c2293
Univeristy of Wisconsin - Green-bay,USA,United States,Wisconsin,Psychology,UWGB,Other HCP - Psychologist,e97c41fb-de10-4f72-8a14-8a4b110c2293
University of Wisconsin - Milwaukee,USA,United States,Wisconsin,Psychology,UWM,Other HCP - Psychologist,e97c41fb-de10-4f72-8a14-8a4b110c2293
University of Wisconsin - Madison,USA,United States,Wisconsin,Psychology,,Other HCP - Psychologist,e97c41fb-de10-4f72-8a14-8a4b110c2293
West Virginia University,USA,United States,West Virginia,Psychology,WVU,Other HCP - Psychologist,e97c41fb-de10-4f72-8a14-8a4b110c2293
Marshall University,USA,United States,West Virginia,Psychology,,Other HCP - Psychologist,e97c41fb-de10-4f72-8a14-8a4b110c2293
University of Wyoming,USA,United States,Wyoming,Psychology,,Other HCP - Psychologist,e97c41fb-de10-4f72-8a14-8a4b110c2293
Ferris State University Michigan College of Optometry,USA,United States,Michigan,Optometry,,Other HCP - Optometrist,837c946c-9404-4c4e-9fab-93e361a331c1
Illinois College of Optometry,USA,United States,Illinois,Optometry,,Other HCP - Optometrist,837c946c-9404-4c4e-9fab-93e361a331c1
Indiana University School of Optometry,USA,United States,Indiana,Optometry,,Other HCP - Optometrist,837c946c-9404-4c4e-9fab-93e361a331c1
Inter American University of Puerto Rico School of Optometry,USA,United States,Puerto Rico,Optometry,,Other HCP - Optometrist,837c946c-9404-4c4e-9fab-93e361a331c1
Massachusettes College of Pharmacy and Health Science School of Optometry,USA,United States,Massachusetts,Optometry,,Other HCP - Optometrist,837c946c-9404-4c4e-9fab-93e361a331c1
Midwestern University Arizona College of Optometry,USA,United States,Arizona,Optometry,,Other HCP - Optometrist,837c946c-9404-4c4e-9fab-93e361a331c1
New England College of Optometry,USA,United States,Massachusetts,Optometry,,Other HCP - Optometrist,837c946c-9404-4c4e-9fab-93e361a331c1
Northeastern State University Oklahoma College of Optometry,USA,United States,Oklahoma,Optometry,NSUOCO,Other HCP - Optometrist,837c946c-9404-4c4e-9fab-93e361a331c1
Nova Southestern Univeristy College of Optometry,USA,United States,Florida,Optometry,NSU,Other HCP - Optometrist,837c946c-9404-4c4e-9fab-93e361a331c1
"Pacific University, College of Optometry",USA,United States,Oregon,Optometry,,Other HCP - Optometrist,837c946c-9404-4c4e-9fab-93e361a331c1
Pennsylvania College of Optometry at Salus Univeristy,USA,United States,Pennsylvania,Optometry,,Other HCP - Optometrist,837c946c-9404-4c4e-9fab-93e361a331c1
Southern California College of Optometry at Marshall B. Ketchum University,USA,United States,California,Optometry,,Other HCP - Optometrist,837c946c-9404-4c4e-9fab-93e361a331c1
Southern College of Optometry,USA,United States,Tennessee,Optometry,,Other HCP - Optometrist,837c946c-9404-4c4e-9fab-93e361a331c1
SUNY College of Optometry,USA,United States,New York,Optometry,,Other HCP - Optometrist,837c946c-9404-4c4e-9fab-93e361a331c1
The Ohio State University College of Optometry,USA,United States,Ohio,Optometry,OSU,Other HCP - Optometrist,837c946c-9404-4c4e-9fab-93e361a331c1
University of Alabama at Birmingham School of Optometry,USA,United States,Alabama,Optometry,,Other HCP - Optometrist,837c946c-9404-4c4e-9fab-93e361a331c1
University of California Berkeley School of Optometry,USA,United States,California,Optometry,UCB,Other HCP - Optometrist,837c946c-9404-4c4e-9fab-93e361a331c1
University of Houston College of Optometry,USA,United States,Texas,Optometry,,Other HCP - Optometrist,837c946c-9404-4c4e-9fab-93e361a331c1
University of Missouri-St. Louis College of Optometry,USA,United States,Missouri,Optometry,,Other HCP - Optometrist,837c946c-9404-4c4e-9fab-93e361a331c1
University of Incarnate Word Rosenberg School of Optometry,USA,United States,Texas,Optometry,,Other HCP - Optometrist,837c946c-9404-4c4e-9fab-93e361a331c1
Western University of Health Sciences College of Optometry,USA,United States,California,Optometry,,Other HCP - Optometrist,837c946c-9404-4c4e-9fab-93e361a331c1
University of Cape Coast,GHA,Ghana,Cape Coast,Optometry,,Other HCP - Optometrist,837c946c-9404-4c4e-9fab-93e361a331c1
University of Alaska Fairbanks Community & Technical College,USA,United States,Alaska,EMT/ Paramedic,,Other HCP - Paramedic,91e92696-e13d-414d-98b2-fd8e63f746a9
University of Alaska - Anchorage Matanuska Susitna College,USA,United States,Alaska,EMT/ Paramedic,,Other HCP - Paramedic,91e92696-e13d-414d-98b2-fd8e63f746a9
Alabama Fire College,USA,United States,Alabama,EMT/ Paramedic,,Other HCP - Paramedic,91e92696-e13d-414d-98b2-fd8e63f746a9
Bevill State Community College,USA,United States,Alabama,EMT/ Paramedic,BSCC,Other HCP - Paramedic,91e92696-e13d-414d-98b2-fd8e63f746a9
Calhoun Community College,USA,United States,Alabama,EMT/ Paramedic,,Other HCP - Paramedic,91e92696-e13d-414d-98b2-fd8e63f746a9
Faulkner State Community College,USA,United States,Alabama,EMT/ Paramedic,,Other HCP - Paramedic,91e92696-e13d-414d-98b2-fd8e63f746a9
Gadsden State Community College,USA,United States,Alabama,EMT/ Paramedic,,Other HCP - Paramedic,91e92696-e13d-414d-98b2-fd8e63f746a9
H. Councill Trenholm State Community College,USA,United States,Alabama,EMT/ Paramedic,,Other HCP - Paramedic,91e92696-e13d-414d-98b2-fd8e63f746a9
Herzing University - Birmingham,USA,United States,Alabama,EMT/ Paramedic,,Other HCP - Paramedic,91e92696-e13d-414d-98b2-fd8e63f746a9
Jefferson State Community College,USA,United States,Alabama,EMT/ Paramedic,,Other HCP - Paramedic,91e92696-e13d-414d-98b2-fd8e63f746a9
Lurleen B Wallace Community College,USA,United States,Alabama,EMT/ Paramedic,,Other HCP - Paramedic,91e92696-e13d-414d-98b2-fd8e63f746a9
Northeast Alabama Community College,USA,United States,Alabama,EMT/ Paramedic,,Other HCP - Paramedic,91e92696-e13d-414d-98b2-fd8e63f746a9
Northwest-Shoals Community College,USA,United States,Alabama,EMT/ Paramedic,,Other HCP - Paramedic,91e92696-e13d-414d-98b2-fd8e63f746a9
Southern Union State Community College,USA,United States,Alabama,EMT/ Paramedic,SUSCC,Other HCP - Paramedic,91e92696-e13d-414d-98b2-fd8e63f746a9
University of South Alabama,USA,United States,Alabama,EMT/ Paramedic,USA,Other HCP - Paramedic,91e92696-e13d-414d-98b2-fd8e63f746a9
Wallace Community College,USA,United States,Alabama,EMT/ Paramedic,WCC,Other HCP - Paramedic,91e92696-e13d-414d-98b2-fd8e63f746a9
Wallace State Community College,USA,United States,Alabama,EMT/ Paramedic,,Other HCP - Paramedic,91e92696-e13d-414d-98b2-fd8e63f746a9
Arkansas Northeastern College,USA,United States,Arkansas,EMT/ Paramedic,,Other HCP - Paramedic,91e92696-e13d-414d-98b2-fd8e63f746a9
Arkansas State University - Beebe,USA,United States,Arkansas,EMT/ Paramedic,,Other HCP - Paramedic,91e92696-e13d-414d-98b2-fd8e63f746a9
Arkansas State University - Mountain Home,USA,United States,Arkansas,EMT/ Paramedic,,Other HCP - Paramedic,91e92696-e13d-414d-98b2-fd8e63f746a9
Arkansas Tech University,USA,United States,Arkansas,EMT/ Paramedic,ATU,Other HCP - Paramedic,91e92696-e13d-414d-98b2-fd8e63f746a9
Black River Technical College,USA,United States,Arkansas,EMT/ Paramedic,BRTC,Other HCP - Paramedic,91e92696-e13d-414d-98b2-fd8e63f746a9
East Arkansas Community College,USA,United States,Arkansas,EMT/ Paramedic,,Other HCP - Paramedic,91e92696-e13d-414d-98b2-fd8e63f746a9
National Park College,USA,United States,Arkansas,EMT/ Paramedic,,Other HCP - Paramedic,91e92696-e13d-414d-98b2-fd8e63f746a9
North Arkansas College,USA,United States,Arkansas,EMT/ Paramedic,,Other HCP - Paramedic,91e92696-e13d-414d-98b2-fd8e63f746a9
Northwest Arkansas Community College,USA,United States,Arkansas,EMT/ Paramedic,,Other HCP - Paramedic,91e92696-e13d-414d-98b2-fd8e63f746a9
South Arkansas Community College,USA,United States,Arkansas,EMT/ Paramedic,,Other HCP - Paramedic,91e92696-e13d-414d-98b2-fd8e63f746a9
Southeast Arkansas College,USA,United States,Arkansas,EMT/ Paramedic,,Other HCP - Paramedic,91e92696-e13d-414d-98b2-fd8e63f746a9
University of Arkansas at Monticello,USA,United States,Arkansas,EMT/ Paramedic,,Other HCP - Paramedic,91e92696-e13d-414d-98b2-fd8e63f746a9
University of Arkansas Community College at Hope,USA,United States,Arkansas,EMT/ Paramedic,,Other HCP - Paramedic,91e92696-e13d-414d-98b2-fd8e63f746a9
University of Arkansas Community College Batesville,USA,United States,Arkansas,EMT/ Paramedic,,Other HCP - Paramedic,91e92696-e13d-414d-98b2-fd8e63f746a9
University of Arkansas for Medical Sciences-Little Rock,USA,United States,Arkansas,EMT/ Paramedic,UAMS,Other HCP - Paramedic,91e92696-e13d-414d-98b2-fd8e63f746a9
Central Arizona College,USA,United States,Arizona,EMT/ Paramedic,,Other HCP - Paramedic,91e92696-e13d-414d-98b2-fd8e63f746a9
Cochise College,USA,United States,Arizona,EMT/ Paramedic,,Other HCP - Paramedic,91e92696-e13d-414d-98b2-fd8e63f746a9
Flagstaff Medical Center,USA,United States,Arizona,EMT/ Paramedic,,Other HCP - Paramedic,91e92696-e13d-414d-98b2-fd8e63f746a9
Glendale Community College,USA,United States,California,EMT/ Paramedic,,Other HCP - Paramedic,91e92696-e13d-414d-98b2-fd8e63f746a9
Maricopa Community Colleges,USA,United States,Arizona,EMT/ Paramedic,,Other HCP - Paramedic,91e92696-e13d-414d-98b2-fd8e63f746a9
Mohave Community College,USA,United States,Arizona,EMT/ Paramedic,,Other HCP - Paramedic,91e92696-e13d-414d-98b2-fd8e63f746a9
Northland Pioneer College,USA,United States,Arizona,EMT/ Paramedic,,Other HCP - Paramedic,91e92696-e13d-414d-98b2-fd8e63f746a9
Paradise Valley Community College,USA,United States,Arizona,EMT/ Paramedic,,Other HCP - Paramedic,91e92696-e13d-414d-98b2-fd8e63f746a9
Phoenix Fire Department,USA,United States,Arizona,EMT/ Paramedic,,Other HCP - Paramedic,91e92696-e13d-414d-98b2-fd8e63f746a9
Pima Community College,USA,United States,Arizona,EMT/ Paramedic,,Other HCP - Paramedic,91e92696-e13d-414d-98b2-fd8e63f746a9
Yavapai College,USA,United States,Arizona,EMT/ Paramedic,,Other HCP - Paramedic,91e92696-e13d-414d-98b2-fd8e63f746a9
Absolute Safety Training Inc,USA,United States,California,EMT/ Paramedic,,Other HCP - Paramedic,91e92696-e13d-414d-98b2-fd8e63f746a9
American River College,USA,United States,California,EMT/ Paramedic,,Other HCP - Paramedic,91e92696-e13d-414d-98b2-fd8e63f746a9
Bakersfield College,USA,United States,California,EMT/ Paramedic,,Other HCP - Paramedic,91e92696-e13d-414d-98b2-fd8e63f746a9
Butte Community College,USA,United States,California,EMT/ Paramedic,,Other HCP - Paramedic,91e92696-e13d-414d-98b2-fd8e63f746a9
California State University Prehospital Education Program,USA,United States,California,EMT/ Paramedic,,Other HCP - Paramedic,91e92696-e13d-414d-98b2-fd8e63f746a9
City College of San Francisco,USA,United States,California,EMT/ Paramedic,,Other HCP - Paramedic,91e92696-e13d-414d-98b2-fd8e63f746a9
College of the Redwoods,USA,United States,California,EMT/ Paramedic,,Other HCP - Paramedic,91e92696-e13d-414d-98b2-fd8e63f746a9
Crafton Hills College,USA,United States,California,EMT/ Paramedic,,Other HCP - Paramedic,91e92696-e13d-414d-98b2-fd8e63f746a9
Cuesta College,USA,United States,California,EMT/ Paramedic,,Other HCP - Paramedic,91e92696-e13d-414d-98b2-fd8e63f746a9
Foothill College,USA,United States,California,EMT/ Paramedic,,Other HCP - Paramedic,91e92696-e13d-414d-98b2-fd8e63f746a9
Fresno County Department of Public Health,USA,United States,California,EMT/ Paramedic,,Other HCP - Paramedic,91e92696-e13d-414d-98b2-fd8e63f746a9
Imperial Community College District,USA,United States,California,EMT/ Paramedic,,Other HCP - Paramedic,91e92696-e13d-414d-98b2-fd8e63f746a9
Los Angeles County Emergency Medical Services Agency,USA,United States,California,EMT/ Paramedic,,Other HCP - Paramedic,91e92696-e13d-414d-98b2-fd8e63f746a9
Moreno Valley College Riverside Community College,USA,United States,California,EMT/ Paramedic,MVC,Other HCP - Paramedic,91e92696-e13d-414d-98b2-fd8e63f746a9
Mt. San Antonio College,USA,United States,California,EMT/ Paramedic,,Other HCP - Paramedic,91e92696-e13d-414d-98b2-fd8e63f746a9
Napa Valley College,USA,United States,California,EMT/ Paramedic,,Other HCP - Paramedic,91e92696-e13d-414d-98b2-fd8e63f746a9
National College of Technical Instruction - Riverside,USA,United States,California,EMT/ Paramedic,NCTI,Other HCP - Paramedic,91e92696-e13d-414d-98b2-fd8e63f746a9
National College of Technical Instruction - Bay Area,USA,United States,California,EMT/ Paramedic,NCTI,Other HCP - Paramedic,91e92696-e13d-414d-98b2-fd8e63f746a9
National College of Technical Instruction - Roseville,USA,United States,California,EMT/ Paramedic,NCTI,Other HCP - Paramedic,91e92696-e13d-414d-98b2-fd8e63f746a9
National College of Technical Instruction - Santa Barbara,USA,United States,California,EMT/ Paramedic,NCTI,Other HCP - Paramedic,91e92696-e13d-414d-98b2-fd8e63f746a9
National College of Technical Instruction - Siskiyous County,USA,United States,California,EMT/ Paramedic,NCTI,Other HCP - Paramedic,91e92696-e13d-414d-98b2-fd8e63f746a9
Palomar College,USA,United States,California,EMT/ Paramedic,,Other HCP - Paramedic,91e92696-e13d-414d-98b2-fd8e63f746a9
Point Loma Nazarene University - Emsta College for EMS,USA,United States,California,EMT/ Paramedic,,Other HCP - Paramedic,91e92696-e13d-414d-98b2-fd8e63f746a9
Saddleback College,USA,United States,California,EMT/ Paramedic,,Other HCP - Paramedic,91e92696-e13d-414d-98b2-fd8e63f746a9
Santa Rosa Junior College,USA,United States,California,EMT/ Paramedic,,Other HCP - Paramedic,91e92696-e13d-414d-98b2-fd8e63f746a9
Southwestern College - San Diego,USA,United States,California,EMT/ Paramedic,SWCCD,Other HCP - Paramedic,91e92696-e13d-414d-98b2-fd8e63f746a9
UCLA Paramedic Education Program,USA,United States,California,EMT/ Paramedic,UCLA,Other HCP - Paramedic,91e92696-e13d-414d-98b2-fd8e63f746a9
University of Antelope Valley,USA,United States,California,EMT/ Paramedic,UAV,Other HCP - Paramedic,91e92696-e13d-414d-98b2-fd8e63f746a9
Ventura College - School of Prehospital and Emergency Medicine,USA,United States,California,EMT/ Paramedic,,Other HCP - Paramedic,91e92696-e13d-414d-98b2-fd8e63f746a9
Victor Valley College,USA,United States,California,EMT/ Paramedic,VVC,Other HCP - Paramedic,91e92696-e13d-414d-98b2-fd8e63f746a9
Westmed College - San Jose,USA,United States,California,EMT/ Paramedic,,Other HCP - Paramedic,91e92696-e13d-414d-98b2-fd8e63f746a9
Los Angeles Southwest College,USA,United States,California,EMT/ Paramedic,LASC,Other HCP - Paramedic,91e92696-e13d-414d-98b2-fd8e63f746a9
Aims Community College,USA,United States,Colorado,EMT/ Paramedic,,Other HCP - Paramedic,91e92696-e13d-414d-98b2-fd8e63f746a9
Colorado Mountain College,USA,United States,Colorado,EMT/ Paramedic,,Other HCP - Paramedic,91e92696-e13d-414d-98b2-fd8e63f746a9
Community College of Aurora,USA,United States,Colorado,EMT/ Paramedic,,Other HCP - Paramedic,91e92696-e13d-414d-98b2-fd8e63f746a9
Denver Health Medical Center,USA,United States,Colorado,EMT/ Paramedic,,Other HCP - Paramedic,91e92696-e13d-414d-98b2-fd8e63f746a9
HCA HealthONE Swedish Medical Center,USA,United States,Colorado,EMT/ Paramedic,,Other HCP - Paramedic,91e92696-e13d-414d-98b2-fd8e63f746a9
Pikes Peak Community College,USA,United States,Colorado,EMT/ Paramedic,PPCC,Other HCP - Paramedic,91e92696-e13d-414d-98b2-fd8e63f746a9
Pueblo Community College,USA,United States,Colorado,EMT/ Paramedic,,Other HCP - Paramedic,91e92696-e13d-414d-98b2-fd8e63f746a9
St. Anthony Hospital,USA,United States,New York,EMT/ Paramedic,,Other HCP - Paramedic,91e92696-e13d-414d-98b2-fd8e63f746a9
Capital Community College,USA,United States,Connecticut,EMT/ Paramedic,,Other HCP - Paramedic,91e92696-e13d-414d-98b2-fd8e63f746a9
Goodwin College,USA,United States,Connecticut,EMT/ Paramedic,,Other HCP - Paramedic,91e92696-e13d-414d-98b2-fd8e63f746a9
Yale New Haven Hospital,USA,United States,Connecticut,EMT/ Paramedic,,Other HCP - Paramedic,91e92696-e13d-414d-98b2-fd8e63f746a9
Delaware Technical and Community College - Terry Campus,USA,United States,Delaware,EMT/ Paramedic,DTCC,Other HCP - Paramedic,91e92696-e13d-414d-98b2-fd8e63f746a9
American Medical Academy,USA,United States,Florida,EMT/ Paramedic,AMA,Other HCP - Paramedic,91e92696-e13d-414d-98b2-fd8e63f746a9
Broward College,USA,United States,Florida,EMT/ Paramedic,,Other HCP - Paramedic,91e92696-e13d-414d-98b2-fd8e63f746a9
City College Altamonte Springs,USA,United States,Florida,EMT/ Paramedic,,Other HCP - Paramedic,91e92696-e13d-414d-98b2-fd8e63f746a9
City College Ft. Lauderdale,USA,United States,Florida,EMT/ Paramedic,,Other HCP - Paramedic,91e92696-e13d-414d-98b2-fd8e63f746a9
City College Gainesville,USA,United States,Florida,EMT/ Paramedic,,Other HCP - Paramedic,91e92696-e13d-414d-98b2-fd8e63f746a9
City College Miami,USA,United States,Florida,EMT/ Paramedic,,Other HCP - Paramedic,91e92696-e13d-414d-98b2-fd8e63f746a9
College of Central Florida,USA,United States,Florida,EMT/ Paramedic,,Other HCP - Paramedic,91e92696-e13d-414d-98b2-fd8e63f746a9
Daytona State College,USA,United States,Florida,EMT/ Paramedic,,Other HCP - Paramedic,91e92696-e13d-414d-98b2-fd8e63f746a9
Eastern Florida State College,USA,United States,Florida,EMT/ Paramedic,,Other HCP - Paramedic,91e92696-e13d-414d-98b2-fd8e63f746a9
First Coast Technical College - St. Johns County School District,USA,United States,Florida,EMT/ Paramedic,FCTC,Other HCP - Paramedic,91e92696-e13d-414d-98b2-fd8e63f746a9
Florida Gateway College,USA,United States,Florida,EMT/ Paramedic,,Other HCP - Paramedic,91e92696-e13d-414d-98b2-fd8e63f746a9
Florida Southwestern State College,USA,United States,Florida,EMT/ Paramedic,,Other HCP - Paramedic,91e92696-e13d-414d-98b2-fd8e63f746a9
Florida State College at Jacksonville,USA,United States,Florida,EMT/ Paramedic,,Other HCP - Paramedic,91e92696-e13d-414d-98b2-fd8e63f746a9
Gulf Coast State College,USA,United States,Florida,EMT/ Paramedic,,Other HCP - Paramedic,91e92696-e13d-414d-98b2-fd8e63f746a9
Hillsborough Community College,USA,United States,Florida,EMT/ Paramedic,HCCFL,Other HCP - Paramedic,91e92696-e13d-414d-98b2-fd8e63f746a9
Indian River State College,USA,United States,Florida,EMT/ Paramedic,IRSC,Other HCP - Paramedic,91e92696-e13d-414d-98b2-fd8e63f746a9
Lake Technical College,USA,United States,Florida,EMT/ Paramedic,,Other HCP - Paramedic,91e92696-e13d-414d-98b2-fd8e63f746a9
Manatee Technical College,USA,United States,Florida,EMT/ Paramedic,,Other HCP - Paramedic,91e92696-e13d-414d-98b2-fd8e63f746a9
Miami Dade College,USA,United States,Florida,EMT/ Paramedic,,Other HCP - Paramedic,91e92696-e13d-414d-98b2-fd8e63f746a9
Northwest Florida State College,USA,United States,Florida,EMT/ Paramedic,,Other HCP - Paramedic,91e92696-e13d-414d-98b2-fd8e63f746a9
Orlando Medical Institute,USA,United States,Florida,EMT/ Paramedic,,Other HCP - Paramedic,91e92696-e13d-414d-98b2-fd8e63f746a9
Palm Beach State College,USA,United States,Florida,EMT/ Paramedic,,Other HCP - Paramedic,91e92696-e13d-414d-98b2-fd8e63f746a9
Pasco-Hernando State College,USA,United States,Florida,EMT/ Paramedic,PHSC,Other HCP - Paramedic,91e92696-e13d-414d-98b2-fd8e63f746a9
Pensacola State College,USA,United States,Florida,EMT/ Paramedic,,Other HCP - Paramedic,91e92696-e13d-414d-98b2-fd8e63f746a9
Polk State College,USA,United States,Florida,EMT/ Paramedic,,Other HCP - Paramedic,91e92696-e13d-414d-98b2-fd8e63f746a9
Santa Fe College,USA,United States,Florida,EMT/ Paramedic,,Other HCP - Paramedic,91e92696-e13d-414d-98b2-fd8e63f746a9
Seminole State College,USA,United States,Florida,EMT/ Paramedic,,Other HCP - Paramedic,91e92696-e13d-414d-98b2-fd8e63f746a9
South Florida State College,USA,United States,Florida,EMT/ Paramedic,,Other HCP - Paramedic,91e92696-e13d-414d-98b2-fd8e63f746a9
St. Petersburg College,USA,United States,Florida,EMT/ Paramedic,,Other HCP - Paramedic,91e92696-e13d-414d-98b2-fd8e63f746a9
Suncoast Technical College,USA,United States,Florida,EMT/ Paramedic,,Other HCP - Paramedic,91e92696-e13d-414d-98b2-fd8e63f746a9
Tallahassee Community College,USA,United States,Florida,EMT/ Paramedic,TCC,Other HCP - Paramedic,91e92696-e13d-414d-98b2-fd8e63f746a9
Valencia College,USA,United States,Florida,EMT/ Paramedic,,Other HCP - Paramedic,91e92696-e13d-414d-98b2-fd8e63f746a9
Albany Technical College,USA,United States,Georgia,EMT/ Paramedic,,Other HCP - Paramedic,91e92696-e13d-414d-98b2-fd8e63f746a9
Athens Technical College,USA,United States,Georgia,EMT/ Paramedic,,Other HCP - Paramedic,91e92696-e13d-414d-98b2-fd8e63f746a9
Central Georgia Technical College,USA,United States,Georgia,EMT/ Paramedic,,Other HCP - Paramedic,91e92696-e13d-414d-98b2-fd8e63f746a9
Chattahoochee Technical College- North Metro Campus Acworth,USA,United States,Georgia,EMT/ Paramedic,,Other HCP - Paramedic,91e92696-e13d-414d-98b2-fd8e63f746a9
Coastal Pines Technical College,USA,United States,Georgia,EMT/ Paramedic,,Other HCP - Paramedic,91e92696-e13d-414d-98b2-fd8e63f746a9
Darton State College,USA,United States,Georgia,EMT/ Paramedic,,Other HCP - Paramedic,91e92696-e13d-414d-98b2-fd8e63f746a9
Fortis College - Smyrna,USA,United States,Georgia,EMT/ Paramedic,,Other HCP - Paramedic,91e92696-e13d-414d-98b2-fd8e63f746a9
Georgia Northwestern Technical College,USA,United States,Georgia,EMT/ Paramedic,,Other HCP - Paramedic,91e92696-e13d-414d-98b2-fd8e63f746a9
Georgia Piedmont Technical College,USA,United States,Georgia,EMT/ Paramedic,,Other HCP - Paramedic,91e92696-e13d-414d-98b2-fd8e63f746a9
Grady Health System,USA,United States,Georgia,EMT/ Paramedic,,Other HCP - Paramedic,91e92696-e13d-414d-98b2-fd8e63f746a9
Gwinnett County Fire and Emergency Services,USA,United States,Georgia,EMT/ Paramedic,,Other HCP - Paramedic,91e92696-e13d-414d-98b2-fd8e63f746a9
Gwinnett Technical College,USA,United States,Georgia,EMT/ Paramedic,,Other HCP - Paramedic,91e92696-e13d-414d-98b2-fd8e63f746a9
Henry County Fire Department,USA,United States,Georgia,EMT/ Paramedic,,Other HCP - Paramedic,91e92696-e13d-414d-98b2-fd8e63f746a9
Lanier Technical College - Oakwood,USA,United States,Georgia,EMT/ Paramedic,,Other HCP - Paramedic,91e92696-e13d-414d-98b2-fd8e63f746a9
Southeastern Technical College - Vidalia,USA,United States,Georgia,EMT/ Paramedic,,Other HCP - Paramedic,91e92696-e13d-414d-98b2-fd8e63f746a9
Southern Crescent Technical College,USA,United States,Georgia,EMT/ Paramedic,SCTC,Other HCP - Paramedic,91e92696-e13d-414d-98b2-fd8e63f746a9
Southern Regional Technical College - Thomasville,USA,United States,Georgia,EMT/ Paramedic,,Other HCP - Paramedic,91e92696-e13d-414d-98b2-fd8e63f746a9
West Georgia Regional Emergency Education Coalition,USA,United States,Georgia,EMT/ Paramedic,WGREEC,Other HCP - Paramedic,91e92696-e13d-414d-98b2-fd8e63f746a9
Wiregrass Georgia Technical College,USA,United States,Georgia,EMT/ Paramedic,,Other HCP - Paramedic,91e92696-e13d-414d-98b2-fd8e63f746a9
Kapi'olani Community College,USA,United States,Hawaii,EMT/ Paramedic,,Other HCP - Paramedic,91e92696-e13d-414d-98b2-fd8e63f746a9
Des Moines Area Community College - Ankeny Campus,USA,United States,Iowa,EMT/ Paramedic,DMACC,Other HCP - Paramedic,91e92696-e13d-414d-98b2-fd8e63f746a9
Eastern Iowa Community College,USA,United States,Iowa,EMT/ Paramedic,,Other HCP - Paramedic,91e92696-e13d-414d-98b2-fd8e63f746a9
Indian Hills Community College,USA,United States,Iowa,EMT/ Paramedic,,Other HCP - Paramedic,91e92696-e13d-414d-98b2-fd8e63f746a9
Iowa Central Community College,USA,United States,Iowa,EMT/ Paramedic,,Other HCP - Paramedic,91e92696-e13d-414d-98b2-fd8e63f746a9
Iowa Western Community College,USA,United States,Iowa,EMT/ Paramedic,IWCC,Other HCP - Paramedic,91e92696-e13d-414d-98b2-fd8e63f746a9
Kirkwood Community College,USA,United States,Iowa,EMT/ Paramedic,,Other HCP - Paramedic,91e92696-e13d-414d-98b2-fd8e63f746a9
Mercy College of Health Sciences,USA,United States,Iowa,EMT/ Paramedic,MCHS,Other HCP - Paramedic,91e92696-e13d-414d-98b2-fd8e63f746a9
Northeast Iowa Community College,USA,United States,Iowa,EMT/ Paramedic,NICC,Other HCP - Paramedic,91e92696-e13d-414d-98b2-fd8e63f746a9
Southeastern Community College,USA,United States,Iowa,EMT/ Paramedic,,Other HCP - Paramedic,91e92696-e13d-414d-98b2-fd8e63f746a9
University of Iowa Health Care,USA,United States,Iowa,EMT/ Paramedic,,Other HCP - Paramedic,91e92696-e13d-414d-98b2-fd8e63f746a9
Western Iowa Tech Community College,USA,United States,Iowa,EMT/ Paramedic,WITCC,Other HCP - Paramedic,91e92696-e13d-414d-98b2-fd8e63f746a9
Brigham Young University - Idaho,USA,United States,Idaho,EMT/ Paramedic,,Other HCP - Paramedic,91e92696-e13d-414d-98b2-fd8e63f746a9
College of Southern Idaho,USA,United States,Idaho,EMT/ Paramedic,CSI,Other HCP - Paramedic,91e92696-e13d-414d-98b2-fd8e63f746a9
College of Western Idaho,USA,United States,Idaho,EMT/ Paramedic,CWI,Other HCP - Paramedic,91e92696-e13d-414d-98b2-fd8e63f746a9
Idaho State University,USA,United States,Idaho,EMT/ Paramedic,ISU,Other HCP - Paramedic,91e92696-e13d-414d-98b2-fd8e63f746a9
Lewis-Clark State College,USA,United States,Idaho,EMT/ Paramedic,LCSC,Other HCP - Paramedic,91e92696-e13d-414d-98b2-fd8e63f746a9
"Advocate Bromenn Medical Center, OSF St Joseph Medical Center, and Mclean County Area Ems System Paramedic Training Program Consortium",USA,United States,Illinois,EMT/ Paramedic,CHEA,Other HCP - Paramedic,91e92696-e13d-414d-98b2-fd8e63f746a9
Advocate Christ Medical Center,USA,United States,Illinois,EMT/ Paramedic,,Other HCP - Paramedic,91e92696-e13d-414d-98b2-fd8e63f746a9
Advocate Condell Medical Center,USA,United States,Illinois,EMT/ Paramedic,,Other HCP - Paramedic,91e92696-e13d-414d-98b2-fd8e63f746a9
Advocate Good Samaritan Hospital,USA,United States,Illinois,EMT/ Paramedic,,Other HCP - Paramedic,91e92696-e13d-414d-98b2-fd8e63f746a9
Advocate Lutheran General Hospital,USA,United States,Illinois,EMT/ Paramedic,,Other HCP - Paramedic,91e92696-e13d-414d-98b2-fd8e63f746a9
Advocate Sherman Hospital,USA,United States,Illinois,EMT/ Paramedic,,Other HCP - Paramedic,91e92696-e13d-414d-98b2-fd8e63f746a9
Black Hawk College,USA,United States,Illinois,EMT/ Paramedic,BHC,Other HCP - Paramedic,91e92696-e13d-414d-98b2-fd8e63f746a9
Blessing Hospital,USA,United States,Illinois,EMT/ Paramedic,,Other HCP - Paramedic,91e92696-e13d-414d-98b2-fd8e63f746a9
Cadence Health at Central Dupage Hospital,USA,United States,Illinois,EMT/ Paramedic,,Other HCP - Paramedic,91e92696-e13d-414d-98b2-fd8e63f746a9
Edward Hospital,USA,United States,Illinois,EMT/ Paramedic,EEHealth,Other HCP - Paramedic,91e92696-e13d-414d-98b2-fd8e63f746a9
Illinois Central College,USA,United States,Illinois,EMT/ Paramedic,,Other HCP - Paramedic,91e92696-e13d-414d-98b2-fd8e63f746a9
Illinois Valley Community College,USA,United States,Illinois,EMT/ Paramedic,,Other HCP - Paramedic,91e92696-e13d-414d-98b2-fd8e63f746a9
Ingalls Memorial Hospital,USA,United States,Illinois,EMT/ Paramedic,,Other HCP - Paramedic,91e92696-e13d-414d-98b2-fd8e63f746a9
Kishwaukee College,USA,United States,Illinois,EMT/ Paramedic,,Other HCP - Paramedic,91e92696-e13d-414d-98b2-fd8e63f746a9
Lewis and Clark Community College,USA,United States,Illinois,EMT/ Paramedic,,Other HCP - Paramedic,91e92696-e13d-414d-98b2-fd8e63f746a9
Loyola University Medical Center,USA,United States,Illinois,EMT/ Paramedic,,Other HCP - Paramedic,91e92696-e13d-414d-98b2-fd8e63f746a9
Malcolm X College,USA,United States,Illinois,EMT/ Paramedic,,Other HCP - Paramedic,91e92696-e13d-414d-98b2-fd8e63f746a9
Morris Hospital and Healthcare Centers,USA,United States,Illinois,EMT/ Paramedic,,Other HCP - Paramedic,91e92696-e13d-414d-98b2-fd8e63f746a9
Northshore University Health System Highland Park Hospital,USA,United States,Illinois,EMT/ Paramedic,,Other HCP - Paramedic,91e92696-e13d-414d-98b2-fd8e63f746a9
OSF Saint Anthony Medical Center,USA,United States,Illinois,EMT/ Paramedic,,Other HCP - Paramedic,91e92696-e13d-414d-98b2-fd8e63f746a9
Parkland College,USA,United States,Illinois,EMT/ Paramedic,,Other HCP - Paramedic,91e92696-e13d-414d-98b2-fd8e63f746a9
AMITA Health Presence Saint Francis Hospital,USA,United States,Illinois,EMT/ Paramedic,,Other HCP - Paramedic,91e92696-e13d-414d-98b2-fd8e63f746a9
AMITA Health Presence Saint Joseph Hospital,USA,United States,Illinois,EMT/ Paramedic,,Other HCP - Paramedic,91e92696-e13d-414d-98b2-fd8e63f746a9
AMITA Health Presence St. Mary's Hospital,USA,United States,Illinois,EMT/ Paramedic,,Other HCP - Paramedic,91e92696-e13d-414d-98b2-fd8e63f746a9
Rend Lake College,USA,United States,Illinois,EMT/ Paramedic,RLC,Other HCP - Paramedic,91e92696-e13d-414d-98b2-fd8e63f746a9
Riverside Medical Center,USA,United States,New Jersey,EMT/ Paramedic,,Other HCP - Paramedic,91e92696-e13d-414d-98b2-fd8e63f746a9
Silver Cross Hospital,USA,United States,Illinois,EMT/ Paramedic,,Other HCP - Paramedic,91e92696-e13d-414d-98b2-fd8e63f746a9
Southwestern Illinois College,USA,United States,Illinois,EMT/ Paramedic,SWIC,Other HCP - Paramedic,91e92696-e13d-414d-98b2-fd8e63f746a9
Swedish American Hospital,USA,United States,Illinois,EMT/ Paramedic,,Other HCP - Paramedic,91e92696-e13d-414d-98b2-fd8e63f746a9
Vista Health System,USA,United States,Illinois,EMT/ Paramedic,,Other HCP - Paramedic,91e92696-e13d-414d-98b2-fd8e63f746a9
Waubonsee Community College,USA,United States,Illinois,EMT/ Paramedic,,Other HCP - Paramedic,91e92696-e13d-414d-98b2-fd8e63f746a9
Community Health Network,USA,United States,New York,EMT/ Paramedic,,Other HCP - Paramedic,91e92696-e13d-414d-98b2-fd8e63f746a9
Franciscan Health Crown Point,USA,United States,Indiana,EMT/ Paramedic,,Other HCP - Paramedic,91e92696-e13d-414d-98b2-fd8e63f746a9
Franciscan Health Indianapolis,USA,United States,Indiana,EMT/ Paramedic,,Other HCP - Paramedic,91e92696-e13d-414d-98b2-fd8e63f746a9
Franciscan Health Lafayette East ,USA,United States,Indiana,EMT/ Paramedic,,Other HCP - Paramedic,91e92696-e13d-414d-98b2-fd8e63f746a9
Goshen Hospital,USA,United States,Indiana,EMT/ Paramedic,,Other HCP - Paramedic,91e92696-e13d-414d-98b2-fd8e63f746a9
Harrison County Hospital Paramedic Consortium,USA,United States,Indiana,EMT/ Paramedic,HCHEMS,Other HCP - Paramedic,91e92696-e13d-414d-98b2-fd8e63f746a9
Hendricks Regional Health,USA,United States,Indiana,EMT/ Paramedic,,Other HCP - Paramedic,91e92696-e13d-414d-98b2-fd8e63f746a9
Indiana University School of Medicine,USA,United States,Indiana,EMT/ Paramedic,,Other HCP - Paramedic,91e92696-e13d-414d-98b2-fd8e63f746a9
Ivy Tech Community College - Bloomington,USA,United States,Indiana,EMT/ Paramedic,,Other HCP - Paramedic,91e92696-e13d-414d-98b2-fd8e63f746a9
Ivy Tech Community College - Columbus,USA,United States,Indiana,EMT/ Paramedic,,Other HCP - Paramedic,91e92696-e13d-414d-98b2-fd8e63f746a9
Ivy Tech Community College - Evansville,USA,United States,Indiana,EMT/ Paramedic,,Other HCP - Paramedic,91e92696-e13d-414d-98b2-fd8e63f746a9
Ivy Tech Community College - Ft. Wayne,USA,United States,Indiana,EMT/ Paramedic,,Other HCP - Paramedic,91e92696-e13d-414d-98b2-fd8e63f746a9
Ivy Tech Community College - Kokomo,USA,United States,Indiana,EMT/ Paramedic,,Other HCP - Paramedic,91e92696-e13d-414d-98b2-fd8e63f746a9
Ivy Tech Community College - Madison,USA,United States,Indiana,EMT/ Paramedic,,Other HCP - Paramedic,91e92696-e13d-414d-98b2-fd8e63f746a9
Ivy Tech Community College - South Bend,USA,United States,Indiana,EMT/ Paramedic,,Other HCP - Paramedic,91e92696-e13d-414d-98b2-fd8e63f746a9
Ivy Tech Community College - Terre Haute,USA,United States,Indiana,EMT/ Paramedic,,Other HCP - Paramedic,91e92696-e13d-414d-98b2-fd8e63f746a9
St. Mary Medical Center,USA,United States,Indiana,EMT/ Paramedic,,Other HCP - Paramedic,91e92696-e13d-414d-98b2-fd8e63f746a9
St. Vincent's Indianapolis Hospital,USA,United States,Indiana,EMT/ Paramedic,,Other HCP - Paramedic,91e92696-e13d-414d-98b2-fd8e63f746a9
The Methodist Hospitals Inc.,USA,United States,Indiana,EMT/ Paramedic,,Other HCP - Paramedic,91e92696-e13d-414d-98b2-fd8e63f746a9
Vincennes University,USA,United States,Indiana,EMT/ Paramedic,VU,Other HCP - Paramedic,91e92696-e13d-414d-98b2-fd8e63f746a9
Barton County Community College,USA,United States,Kansas,EMT/ Paramedic,,Other HCP - Paramedic,91e92696-e13d-414d-98b2-fd8e63f746a9
Coffeyville Community College,USA,United States,Kansas,EMT/ Paramedic,,Other HCP - Paramedic,91e92696-e13d-414d-98b2-fd8e63f746a9
Cowley College,USA,United States,Kansas,EMT/ Paramedic,,Other HCP - Paramedic,91e92696-e13d-414d-98b2-fd8e63f746a9
Garden City Community College,USA,United States,Kansas,EMT/ Paramedic,GCCC,Other HCP - Paramedic,91e92696-e13d-414d-98b2-fd8e63f746a9
Hutchinson Community College,USA,United States,Kansas,EMT/ Paramedic,,Other HCP - Paramedic,91e92696-e13d-414d-98b2-fd8e63f746a9
Johnson County Community College,USA,United States,Kansas,EMT/ Paramedic,JCCC,Other HCP - Paramedic,91e92696-e13d-414d-98b2-fd8e63f746a9
Kansas City Kansas Community College,USA,United States,Kansas,EMT/ Paramedic,KCKCC,Other HCP - Paramedic,91e92696-e13d-414d-98b2-fd8e63f746a9
Ashland Community and Technical College,USA,United States,Kentucky,EMT/ Paramedic,,Other HCP - Paramedic,91e92696-e13d-414d-98b2-fd8e63f746a9
Eastern Kentucky University,USA,United States,Kentucky,EMT/ Paramedic,,Other HCP - Paramedic,91e92696-e13d-414d-98b2-fd8e63f746a9
Lexington Division of Fire and Emergency Services,USA,United States,Kentucky,EMT/ Paramedic,,Other HCP - Paramedic,91e92696-e13d-414d-98b2-fd8e63f746a9
Owensboro Community and Technical College,USA,United States,Kentucky,EMT/ Paramedic,OCTC,Other HCP - Paramedic,91e92696-e13d-414d-98b2-fd8e63f746a9
Bossier Parish Community College,USA,United States,Louisiana,EMT/ Paramedic,BPCC,Other HCP - Paramedic,91e92696-e13d-414d-98b2-fd8e63f746a9
Delgado Community College,USA,United States,Louisiana,EMT/ Paramedic,DCC,Other HCP - Paramedic,91e92696-e13d-414d-98b2-fd8e63f746a9
South Louisiana Community College,USA,United States,Louisiana,EMT/ Paramedic,SLCC,Other HCP - Paramedic,91e92696-e13d-414d-98b2-fd8e63f746a9
National Medical Education and Training Center Medtech College Consortia,USA,United States,Massachusetts,EMT/ Paramedic,NMETC,Other HCP - Paramedic,91e92696-e13d-414d-98b2-fd8e63f746a9
Springfield College,USA,United States,Massachusetts,EMT/ Paramedic,,Other HCP - Paramedic,91e92696-e13d-414d-98b2-fd8e63f746a9
Anne Arundel Community College,USA,United States,Maryland,EMT/ Paramedic,AACC,Other HCP - Paramedic,91e92696-e13d-414d-98b2-fd8e63f746a9
Cecil College,USA,United States,Maryland,EMT/ Paramedic,,Other HCP - Paramedic,91e92696-e13d-414d-98b2-fd8e63f746a9
Chesapeake College,USA,United States,Maryland,EMT/ Paramedic,,Other HCP - Paramedic,91e92696-e13d-414d-98b2-fd8e63f746a9
College of Southern Maryland,USA,United States,Maryland,EMT/ Paramedic,CSM,Other HCP - Paramedic,91e92696-e13d-414d-98b2-fd8e63f746a9
Community College of Baltimore County - Essex Campus,USA,United States,Maryland,EMT/ Paramedic,CCBC,Other HCP - Paramedic,91e92696-e13d-414d-98b2-fd8e63f746a9
Garrett College,USA,United States,Maryland,EMT/ Paramedic,,Other HCP - Paramedic,91e92696-e13d-414d-98b2-fd8e63f746a9
Hagerstown Community College,USA,United States,Maryland,EMT/ Paramedic,HCC,Other HCP - Paramedic,91e92696-e13d-414d-98b2-fd8e63f746a9
Howard Community College,USA,United States,Maryland,EMT/ Paramedic,,Other HCP - Paramedic,91e92696-e13d-414d-98b2-fd8e63f746a9
Howard County Department of Fire and Rescue,USA,United States,Maryland,EMT/ Paramedic,,Other HCP - Paramedic,91e92696-e13d-414d-98b2-fd8e63f746a9
Montgomery County Fire Rescue Training Academy,USA,United States,Maryland,EMT/ Paramedic,,Other HCP - Paramedic,91e92696-e13d-414d-98b2-fd8e63f746a9
Prince George's Community College,USA,United States,Maryland,EMT/ Paramedic,PGCC,Other HCP - Paramedic,91e92696-e13d-414d-98b2-fd8e63f746a9
University of Maryland Baltimore County,USA,United States,Maryland,EMT/ Paramedic,UMBC,Other HCP - Paramedic,91e92696-e13d-414d-98b2-fd8e63f746a9
Wor-Wic Community College,USA,United States,Maryland,EMT/ Paramedic,,Other HCP - Paramedic,91e92696-e13d-414d-98b2-fd8e63f746a9
Eastern Maine Community College,USA,United States,Maine,EMT/ Paramedic,EMCC,Other HCP - Paramedic,91e92696-e13d-414d-98b2-fd8e63f746a9
Kennebec Valley Community College,USA,United States,Maine,EMT/ Paramedic,KVCC,Other HCP - Paramedic,91e92696-e13d-414d-98b2-fd8e63f746a9
Northern Maine Community College,USA,United States,Maine,EMT/ Paramedic,NMCC,Other HCP - Paramedic,91e92696-e13d-414d-98b2-fd8e63f746a9
Southern Maine Community College,USA,United States,Maine,EMT/ Paramedic,SMCC,Other HCP - Paramedic,91e92696-e13d-414d-98b2-fd8e63f746a9
United Training Center,USA,United States,Maine,EMT/ Paramedic,,Other HCP - Paramedic,91e92696-e13d-414d-98b2-fd8e63f746a9
Baker College of Cadillac,USA,United States,Michigan,EMT/ Paramedic,,Other HCP - Paramedic,91e92696-e13d-414d-98b2-fd8e63f746a9
Baker College of Clinton Township,USA,United States,Michigan,EMT/ Paramedic,,Other HCP - Paramedic,91e92696-e13d-414d-98b2-fd8e63f746a9
Genesys Regional Medical Center,USA,United States,Michigan,EMT/ Paramedic,,Other HCP - Paramedic,91e92696-e13d-414d-98b2-fd8e63f746a9
Huron Valley Ambulance,USA,United States,Michigan,EMT/ Paramedic,HVA,Other HCP - Paramedic,91e92696-e13d-414d-98b2-fd8e63f746a9
Jackson College,USA,United States,Michigan,EMT/ Paramedic,JCCMI,Other HCP - Paramedic,91e92696-e13d-414d-98b2-fd8e63f746a9
Kalamazoo Valley Community College,USA,United States,Michigan,EMT/ Paramedic,,Other HCP - Paramedic,91e92696-e13d-414d-98b2-fd8e63f746a9
Kellogg Community College,USA,United States,Michigan,EMT/ Paramedic,,Other HCP - Paramedic,91e92696-e13d-414d-98b2-fd8e63f746a9
Lansing Community College,USA,United States,Michigan,EMT/ Paramedic,LCC,Other HCP - Paramedic,91e92696-e13d-414d-98b2-fd8e63f746a9
Life Support Training Institute at Botsford Hospital,USA,United States,Michigan,EMT/ Paramedic,LSTI,Other HCP - Paramedic,91e92696-e13d-414d-98b2-fd8e63f746a9
Macomb Community College,USA,United States,Michigan,EMT/ Paramedic,,Other HCP - Paramedic,91e92696-e13d-414d-98b2-fd8e63f746a9
Mid-Michigan Medical Center,USA,United States,Michigan,EMT/ Paramedic,,Other HCP - Paramedic,91e92696-e13d-414d-98b2-fd8e63f746a9
Wayne County Community College District,USA,United States,Michigan,EMT/ Paramedic,WCCCD,Other HCP - Paramedic,91e92696-e13d-414d-98b2-fd8e63f746a9
Century College,USA,United States,Minnesota,EMT/ Paramedic,,Other HCP - Paramedic,91e92696-e13d-414d-98b2-fd8e63f746a9
Hennepin County Medical Center,USA,United States,Minnesota,EMT/ Paramedic,,Other HCP - Paramedic,91e92696-e13d-414d-98b2-fd8e63f746a9
Inver Hills Community College,USA,United States,Minnesota,EMT/ Paramedic,,Other HCP - Paramedic,91e92696-e13d-414d-98b2-fd8e63f746a9
Mesabi Range College,USA,United States,Minnesota,EMT/ Paramedic,,Other HCP - Paramedic,91e92696-e13d-414d-98b2-fd8e63f746a9
Northland Community and Technical College,USA,United States,Minnesota,EMT/ Paramedic,,Other HCP - Paramedic,91e92696-e13d-414d-98b2-fd8e63f746a9
Ridgewater College,USA,United States,Minnesota,EMT/ Paramedic,,Other HCP - Paramedic,91e92696-e13d-414d-98b2-fd8e63f746a9
South Central College,USA,United States,Minnesota,EMT/ Paramedic,,Other HCP - Paramedic,91e92696-e13d-414d-98b2-fd8e63f746a9
St. Cloud Technical and Community College,USA,United States,Minnesota,EMT/ Paramedic,SCTCC,Other HCP - Paramedic,91e92696-e13d-414d-98b2-fd8e63f746a9
Cape Girardeau Career and Technology Center,USA,United States,Missouri,EMT/ Paramedic,,Other HCP - Paramedic,91e92696-e13d-414d-98b2-fd8e63f746a9
Crowder College,USA,United States,Missouri,EMT/ Paramedic,,Other HCP - Paramedic,91e92696-e13d-414d-98b2-fd8e63f746a9
East Central College,USA,United States,Missouri,EMT/ Paramedic,ECC,Other HCP - Paramedic,91e92696-e13d-414d-98b2-fd8e63f746a9
Grand River Technical School,USA,United States,Missouri,EMT/ Paramedic,GRTC,Other HCP - Paramedic,91e92696-e13d-414d-98b2-fd8e63f746a9
IHM Health Studies Center,USA,United States,Missouri,EMT/ Paramedic,,Other HCP - Paramedic,91e92696-e13d-414d-98b2-fd8e63f746a9
Mercy Hospital Springfield,USA,United States,Missouri,EMT/ Paramedic,,Other HCP - Paramedic,91e92696-e13d-414d-98b2-fd8e63f746a9
Metropolitan Community College,USA,United States,Nebraska,EMT/ Paramedic,,Other HCP - Paramedic,91e92696-e13d-414d-98b2-fd8e63f746a9
Mineral Area College,USA,United States,Missouri,EMT/ Paramedic,,Other HCP - Paramedic,91e92696-e13d-414d-98b2-fd8e63f746a9
Missouri Southern State University,USA,United States,Missouri,EMT/ Paramedic,,Other HCP - Paramedic,91e92696-e13d-414d-98b2-fd8e63f746a9
Ozarks Technical Community College,USA,United States,Missouri,EMT/ Paramedic,OTC,Other HCP - Paramedic,91e92696-e13d-414d-98b2-fd8e63f746a9
Pike-Lincoln Technical Center,USA,United States,Missouri,EMT/ Paramedic,PLTC,Other HCP - Paramedic,91e92696-e13d-414d-98b2-fd8e63f746a9
Respond Right EMS Academy - St. Charles Community College Consortia,USA,United States,Missouri,EMT/ Paramedic,,Other HCP - Paramedic,91e92696-e13d-414d-98b2-fd8e63f746a9
Rolla Technical Center,USA,United States,Missouri,EMT/ Paramedic,,Other HCP - Paramedic,91e92696-e13d-414d-98b2-fd8e63f746a9
South Howell County Ambulance District,USA,United States,Missouri,EMT/ Paramedic,SHC,Other HCP - Paramedic,91e92696-e13d-414d-98b2-fd8e63f746a9
St. Charles County Ambulance District,USA,United States,Missouri,EMT/ Paramedic,SCCAD,Other HCP - Paramedic,91e92696-e13d-414d-98b2-fd8e63f746a9
St. Louis Community College,USA,United States,Missouri,EMT/ Paramedic,SLCC,Other HCP - Paramedic,91e92696-e13d-414d-98b2-fd8e63f746a9
Three Rivers College,USA,United States,Missouri,EMT/ Paramedic,TRCC,Other HCP - Paramedic,91e92696-e13d-414d-98b2-fd8e63f746a9
University of Missouri Health Care EMS Institute,USA,United States,Missouri,EMT/ Paramedic,,Other HCP - Paramedic,91e92696-e13d-414d-98b2-fd8e63f746a9
University of Missouri - Kansas City School of Medicine,USA,United States,Missouri,EMT/ Paramedic,UMKC,Other HCP - Paramedic,91e92696-e13d-414d-98b2-fd8e63f746a9
East Mississippi Community College,USA,United States,Mississippi,EMT/ Paramedic,East MS,Other HCP - Paramedic,91e92696-e13d-414d-98b2-fd8e63f746a9
Hinds Community College - Jackson,USA,United States,Mississippi,EMT/ Paramedic,,Other HCP - Paramedic,91e92696-e13d-414d-98b2-fd8e63f746a9
Holmes Community College,USA,United States,Mississippi,EMT/ Paramedic,,Other HCP - Paramedic,91e92696-e13d-414d-98b2-fd8e63f746a9
Itawamba Community College,USA,United States,Mississippi,EMT/ Paramedic,ICCMS,Other HCP - Paramedic,91e92696-e13d-414d-98b2-fd8e63f746a9
Jones County Junior College,USA,United States,Mississippi,EMT/ Paramedic,JCJC,Other HCP - Paramedic,91e92696-e13d-414d-98b2-fd8e63f746a9
Meridian Community College,USA,United States,Mississippi,EMT/ Paramedic,,Other HCP - Paramedic,91e92696-e13d-414d-98b2-fd8e63f746a9
Mississippi Gulf Coast Community College,USA,United States,Mississippi,EMT/ Paramedic,,Other HCP - Paramedic,91e92696-e13d-414d-98b2-fd8e63f746a9
Northwest Mississippi Community College,USA,United States,Mississippi,EMT/ Paramedic,,Other HCP - Paramedic,91e92696-e13d-414d-98b2-fd8e63f746a9
Flathead Valley Community College,USA,United States,Montana,EMT/ Paramedic,FVCC,Other HCP - Paramedic,91e92696-e13d-414d-98b2-fd8e63f746a9
Great Falls College - Montana State University,USA,United States,Montana,EMT/ Paramedic,GFCMSU,Other HCP - Paramedic,91e92696-e13d-414d-98b2-fd8e63f746a9
Montana State University - Billings,USA,United States,Montana,EMT/ Paramedic,MSU,Other HCP - Paramedic,91e92696-e13d-414d-98b2-fd8e63f746a9
Asheville-Buncombe Technical Community College,USA,United States,North Carolina,EMT/ Paramedic,ABTech,Other HCP - Paramedic,91e92696-e13d-414d-98b2-fd8e63f746a9
Blue Ridge Community College,USA,United States,Virginia,EMT/ Paramedic,,Other HCP - Paramedic,91e92696-e13d-414d-98b2-fd8e63f746a9
Caldwell Community College & Technical Institute,USA,United States,North Carolina,EMT/ Paramedic,CCCTI,Other HCP - Paramedic,91e92696-e13d-414d-98b2-fd8e63f746a9
Catawba Valley Community College,USA,United States,North Carolina,EMT/ Paramedic,CCVC,Other HCP - Paramedic,91e92696-e13d-414d-98b2-fd8e63f746a9
Central Piedmont Community College - Carolinas Medical Center Consortium,USA,United States,North Carolina,EMT/ Paramedic,CPCC,Other HCP - Paramedic,91e92696-e13d-414d-98b2-fd8e63f746a9
Cleveland Community College,USA,United States,North Carolina,EMT/ Paramedic,,Other HCP - Paramedic,91e92696-e13d-414d-98b2-fd8e63f746a9
Durham Technical Community College,USA,United States,North Carolina,EMT/ Paramedic,,Other HCP - Paramedic,91e92696-e13d-414d-98b2-fd8e63f746a9
Fayetteville Technical Community College,USA,United States,North Carolina,EMT/ Paramedic,FTCC,Other HCP - Paramedic,91e92696-e13d-414d-98b2-fd8e63f746a9
Gaston College,USA,United States,North Carolina,EMT/ Paramedic,,Other HCP - Paramedic,91e92696-e13d-414d-98b2-fd8e63f746a9
Guilford Technical Community College,USA,United States,North Carolina,EMT/ Paramedic,GTCC,Other HCP - Paramedic,91e92696-e13d-414d-98b2-fd8e63f746a9
Joint Special Operations Medical Training Center,USA,United States,North Carolina,EMT/ Paramedic,JSOMTC,Other HCP - Paramedic,91e92696-e13d-414d-98b2-fd8e63f746a9
Lenoir Community College,USA,United States,North Carolina,EMT/ Paramedic,,Other HCP - Paramedic,91e92696-e13d-414d-98b2-fd8e63f746a9
Piedmont Community College,USA,United States,North Carolina,EMT/ Paramedic,,Other HCP - Paramedic,91e92696-e13d-414d-98b2-fd8e63f746a9
South Piedmont Community College,USA,United States,North Carolina,EMT/ Paramedic,SPCC,Other HCP - Paramedic,91e92696-e13d-414d-98b2-fd8e63f746a9
Southwestern Community College - Sylva,USA,United States,North Carolina,EMT/ Paramedic,,Other HCP - Paramedic,91e92696-e13d-414d-98b2-fd8e63f746a9
Western Carolina University,USA,United States,North Carolina,EMT/ Paramedic,WCU,Other HCP - Paramedic,91e92696-e13d-414d-98b2-fd8e63f746a9
Bismarck State College ,USA,United States,North Dakota,EMT/ Paramedic,,Other HCP - Paramedic,91e92696-e13d-414d-98b2-fd8e63f746a9
Dakota College at Bottineau,USA,United States,North Dakota,EMT/ Paramedic,,Other HCP - Paramedic,91e92696-e13d-414d-98b2-fd8e63f746a9
Emergency Training Associates Greater Minnesota Paramedic Consortium,USA,United States,Minnesota,EMT/ Paramedic,,Other HCP - Paramedic,91e92696-e13d-414d-98b2-fd8e63f746a9
Sanford Health EMS Education North Dakota State College of Science,USA,United States,North Dakota,EMT/ Paramedic,,Other HCP - Paramedic,91e92696-e13d-414d-98b2-fd8e63f746a9
Central Community College,USA,United States,Nebraska,EMT/ Paramedic,CCCNEB,Other HCP - Paramedic,91e92696-e13d-414d-98b2-fd8e63f746a9
Creighton University,USA,United States,Nebraska,EMT/ Paramedic,,Other HCP - Paramedic,91e92696-e13d-414d-98b2-fd8e63f746a9
MccCook Community College - Mid-Plains Community College,USA,United States,Nebraska,EMT/ Paramedic,MPCC,Other HCP - Paramedic,91e92696-e13d-414d-98b2-fd8e63f746a9
Metropolitan Community College -Omaha,USA,United States,Nebraska,EMT/ Paramedic,MCCNEB,Other HCP - Paramedic,91e92696-e13d-414d-98b2-fd8e63f746a9
Northeast Community College,USA,United States,Nebraska,EMT/ Paramedic,,Other HCP - Paramedic,91e92696-e13d-414d-98b2-fd8e63f746a9
Southeast Community College,USA,United States,Nebraska,EMT/ Paramedic,,Other HCP - Paramedic,91e92696-e13d-414d-98b2-fd8e63f746a9
New England EMS Institute,USA,United States,New Hampshire,EMT/ Paramedic,,Other HCP - Paramedic,91e92696-e13d-414d-98b2-fd8e63f746a9
NHTI - Concord's Community College,USA,United States,New Hampshire,EMT/ Paramedic,NHTI,Other HCP - Paramedic,91e92696-e13d-414d-98b2-fd8e63f746a9
Jersey City Medical Center EMS,USA,United States,New Jersey,EMT/ Paramedic,JCMC,Other HCP - Paramedic,91e92696-e13d-414d-98b2-fd8e63f746a9
Ocean County College MONOC Paramedic Program,USA,United States,New Jersey,EMT/ Paramedic,,Other HCP - Paramedic,91e92696-e13d-414d-98b2-fd8e63f746a9
Union County College,USA,United States,New Jersey,EMT/ Paramedic,UCC,Other HCP - Paramedic,91e92696-e13d-414d-98b2-fd8e63f746a9
"Virtua West Jersey Health System, Inc",USA,United States,New Jersey,EMT/ Paramedic,,Other HCP - Paramedic,91e92696-e13d-414d-98b2-fd8e63f746a9
Central New Mexico Community College,USA,United States,New Mexico,EMT/ Paramedic,CNM,Other HCP - Paramedic,91e92696-e13d-414d-98b2-fd8e63f746a9
Doña Ana Community College,USA,United States,New Mexico,EMT/ Paramedic,DACC,Other HCP - Paramedic,91e92696-e13d-414d-98b2-fd8e63f746a9
Eastern New Mexico University,USA,United States,New Mexico,EMT/ Paramedic,ENMU,Other HCP - Paramedic,91e92696-e13d-414d-98b2-fd8e63f746a9
San Juan College,USA,United States,New Mexico,EMT/ Paramedic,,Other HCP - Paramedic,91e92696-e13d-414d-98b2-fd8e63f746a9
University of New Mexico School of Medicine,USA,United States,New Mexico,EMT/ Paramedic,UNM,Other HCP - Paramedic,91e92696-e13d-414d-98b2-fd8e63f746a9
College of Southern Nevada,USA,United States,Nevada,EMT/ Paramedic,CSN,Other HCP - Paramedic,91e92696-e13d-414d-98b2-fd8e63f746a9
National College of Technical Instruction - Las Vegas,USA,United States,Nevada,EMT/ Paramedic,NCTI,Other HCP - Paramedic,91e92696-e13d-414d-98b2-fd8e63f746a9
Regional Emergency Medical Services Authority (REMSA),USA,United States,Nevada,EMT/ Paramedic,REMSA,Other HCP - Paramedic,91e92696-e13d-414d-98b2-fd8e63f746a9
Truckee Meadows Community College,USA,United States,Nevada,EMT/ Paramedic,TMCC,Other HCP - Paramedic,91e92696-e13d-414d-98b2-fd8e63f746a9
CUNY Borough of Manhattan Community College,USA,United States,New York,EMT/ Paramedic,BMCC,Other HCP - Paramedic,91e92696-e13d-414d-98b2-fd8e63f746a9
Dutchess Community College,USA,United States,New York,EMT/ Paramedic,,Other HCP - Paramedic,91e92696-e13d-414d-98b2-fd8e63f746a9
Erie Community College,USA,United States,New York,EMT/ Paramedic,,Other HCP - Paramedic,91e92696-e13d-414d-98b2-fd8e63f746a9
Faxton St. Luke's Healthcare Paramedic Program,USA,United States,New York,EMT/ Paramedic,,Other HCP - Paramedic,91e92696-e13d-414d-98b2-fd8e63f746a9
Hudson Valley Community College,USA,United States,New York,EMT/ Paramedic,,Other HCP - Paramedic,91e92696-e13d-414d-98b2-fd8e63f746a9
LaGuardia Community College,USA,United States,New York,EMT/ Paramedic,,Other HCP - Paramedic,91e92696-e13d-414d-98b2-fd8e63f746a9
Monroe Community College,USA,United States,New York,EMT/ Paramedic,,Other HCP - Paramedic,91e92696-e13d-414d-98b2-fd8e63f746a9
Nassau County Fire Police EMS Academy at NUMC,USA,United States,New York,EMT/ Paramedic,NCFPAEMS,Other HCP - Paramedic,91e92696-e13d-414d-98b2-fd8e63f746a9
New York Methodist Hospital,USA,United States,New York,EMT/ Paramedic,,Other HCP - Paramedic,91e92696-e13d-414d-98b2-fd8e63f746a9
Northwell Health Center for Learning and Innovation - Emergency Medical Institute,USA,United States,New York,EMT/ Paramedic,,Other HCP - Paramedic,91e92696-e13d-414d-98b2-fd8e63f746a9
St. John's University,USA,United States,New York,EMT/ Paramedic,,Other HCP - Paramedic,91e92696-e13d-414d-98b2-fd8e63f746a9
Suffolk County Community College,USA,United States,New York,EMT/ Paramedic,,Other HCP - Paramedic,91e92696-e13d-414d-98b2-fd8e63f746a9
SUNY Cobleskill,USA,United States,New York,EMT/ Paramedic,,Other HCP - Paramedic,91e92696-e13d-414d-98b2-fd8e63f746a9
Akron General Medical Center,USA,United States,Ohio,EMT/ Paramedic,,Other HCP - Paramedic,91e92696-e13d-414d-98b2-fd8e63f746a9
Butler Tech,USA,United States,Ohio,EMT/ Paramedic,,Other HCP - Paramedic,91e92696-e13d-414d-98b2-fd8e63f746a9
Central Ohio Technical College,USA,United States,Ohio,EMT/ Paramedic,,Other HCP - Paramedic,91e92696-e13d-414d-98b2-fd8e63f746a9
Cincinnati State Technical and Community College,USA,United States,Ohio,EMT/ Paramedic,,Other HCP - Paramedic,91e92696-e13d-414d-98b2-fd8e63f746a9
Clark State Community College,USA,United States,Ohio,EMT/ Paramedic,,Other HCP - Paramedic,91e92696-e13d-414d-98b2-fd8e63f746a9
Columbus State Community College,USA,United States,Ohio,EMT/ Paramedic,CSCC,Other HCP - Paramedic,91e92696-e13d-414d-98b2-fd8e63f746a9
Cuyahoga Community College,USA,United States,Ohio,EMT/ Paramedic,,Other HCP - Paramedic,91e92696-e13d-414d-98b2-fd8e63f746a9
Eastern Gateway Community College,USA,United States,Ohio,EMT/ Paramedic,EGCC,Other HCP - Paramedic,91e92696-e13d-414d-98b2-fd8e63f746a9
Four County Career Center,USA,United States,Ohio,EMT/ Paramedic,,Other HCP - Paramedic,91e92696-e13d-414d-98b2-fd8e63f746a9
Franklin County Firefighters - Grant Medical Center EMS Education,USA,United States,Ohio,EMT/ Paramedic,,Other HCP - Paramedic,91e92696-e13d-414d-98b2-fd8e63f746a9
James A. Rhodes State College,USA,United States,Ohio,EMT/ Paramedic,,Other HCP - Paramedic,91e92696-e13d-414d-98b2-fd8e63f746a9
Lakeland Community College,USA,United States,Ohio,EMT/ Paramedic,,Other HCP - Paramedic,91e92696-e13d-414d-98b2-fd8e63f746a9
Life Care EMS Training Academy - Lorain County CC Consortium,USA,United States,Ohio,EMT/ Paramedic,,Other HCP - Paramedic,91e92696-e13d-414d-98b2-fd8e63f746a9
Mercy College of Ohio,USA,United States,Ohio,EMT/ Paramedic,,Other HCP - Paramedic,91e92696-e13d-414d-98b2-fd8e63f746a9
Miami Valley Career Technology Center,USA,United States,Ohio,EMT/ Paramedic,MVCTC,Other HCP - Paramedic,91e92696-e13d-414d-98b2-fd8e63f746a9
Mid-East Career and Technology Center,USA,United States,Ohio,EMT/ Paramedic,,Other HCP - Paramedic,91e92696-e13d-414d-98b2-fd8e63f746a9
Owens Community College,USA,United States,Ohio,EMT/ Paramedic,,Other HCP - Paramedic,91e92696-e13d-414d-98b2-fd8e63f746a9
Parma Community General Hospital,USA,United States,Ohio,EMT/ Paramedic,,Other HCP - Paramedic,91e92696-e13d-414d-98b2-fd8e63f746a9
Shawnee State University,USA,United States,Ohio,EMT/ Paramedic,,Other HCP - Paramedic,91e92696-e13d-414d-98b2-fd8e63f746a9
Sinclair Community College,USA,United States,Ohio,EMT/ Paramedic,,Other HCP - Paramedic,91e92696-e13d-414d-98b2-fd8e63f746a9
Sinclair Community College,USA,United States,Ohio,EMT/ Paramedic,,Other HCP - Paramedic,91e92696-e13d-414d-98b2-fd8e63f746a9
Tri Rivers Career Center - Marion General Hospital,USA,United States,Ohio,EMT/ Paramedic,,Other HCP - Paramedic,91e92696-e13d-414d-98b2-fd8e63f746a9
UH Conneaut Medical Center,USA,United States,Ohio,EMT/ Paramedic,,Other HCP - Paramedic,91e92696-e13d-414d-98b2-fd8e63f746a9
University of Cincinnati Blue Ash College,USA,United States,Ohio,EMT/ Paramedic,UC Blue Ash,Other HCP - Paramedic,91e92696-e13d-414d-98b2-fd8e63f746a9
Vanguard-Sentinel Career & Technology Center,USA,United States,Ohio,EMT/ Paramedic,VSCC,Other HCP - Paramedic,91e92696-e13d-414d-98b2-fd8e63f746a9
Youngstown State University,USA,United States,Ohio,EMT/ Paramedic,YSU,Other HCP - Paramedic,91e92696-e13d-414d-98b2-fd8e63f746a9
Eastern Oklahoma County Technology Center,USA,United States,Oklahoma,EMT/ Paramedic,,Other HCP - Paramedic,91e92696-e13d-414d-98b2-fd8e63f746a9
Gordon Cooper Technology Center,USA,United States,Oklahoma,EMT/ Paramedic,GCTech,Other HCP - Paramedic,91e92696-e13d-414d-98b2-fd8e63f746a9
Great Plains Technology Center,USA,United States,Oklahoma,EMT/ Paramedic,,Other HCP - Paramedic,91e92696-e13d-414d-98b2-fd8e63f746a9
Kiamichi Technology Center,USA,United States,Oklahoma,EMT/ Paramedic,,Other HCP - Paramedic,91e92696-e13d-414d-98b2-fd8e63f746a9
Oklahoma City Community College,USA,United States,Oklahoma,EMT/ Paramedic,OCCC,Other HCP - Paramedic,91e92696-e13d-414d-98b2-fd8e63f746a9
Oklahoma State University - Oklahoma City,USA,United States,Oklahoma,EMT/ Paramedic,OSUKC,Other HCP - Paramedic,91e92696-e13d-414d-98b2-fd8e63f746a9
Redlands Community College,USA,United States,Oklahoma,EMT/ Paramedic,,Other HCP - Paramedic,91e92696-e13d-414d-98b2-fd8e63f746a9
Rogers State University,USA,United States,Oklahoma,EMT/ Paramedic,RSU,Other HCP - Paramedic,91e92696-e13d-414d-98b2-fd8e63f746a9
Tulsa Technology Center,USA,United States,Oklahoma,EMT/ Paramedic,Tulsa Tech,Other HCP - Paramedic,91e92696-e13d-414d-98b2-fd8e63f746a9
Central Oregon Community College,USA,United States,Oregon,EMT/ Paramedic,CCOC,Other HCP - Paramedic,91e92696-e13d-414d-98b2-fd8e63f746a9
Chemeketa Community College,USA,United States,Oregon,EMT/ Paramedic,,Other HCP - Paramedic,91e92696-e13d-414d-98b2-fd8e63f746a9
College of Emergency Services,USA,United States,Oregon,EMT/ Paramedic,,Other HCP - Paramedic,91e92696-e13d-414d-98b2-fd8e63f746a9
Lane Community College,USA,United States,Oregon,EMT/ Paramedic,,Other HCP - Paramedic,91e92696-e13d-414d-98b2-fd8e63f746a9
Oregon Health and Science University - Oregon Institute of Technology,USA,United States,Oregon,EMT/ Paramedic,OIT,Other HCP - Paramedic,91e92696-e13d-414d-98b2-fd8e63f746a9
Portland Community College,USA,United States,Oregon,EMT/ Paramedic,PCC,Other HCP - Paramedic,91e92696-e13d-414d-98b2-fd8e63f746a9
Rogue Community College,USA,United States,Oregon,EMT/ Paramedic,,Other HCP - Paramedic,91e92696-e13d-414d-98b2-fd8e63f746a9
Southwestern Oregon Community College,USA,United States,Oregon,EMT/ Paramedic,SWOCC,Other HCP - Paramedic,91e92696-e13d-414d-98b2-fd8e63f746a9
Umpqua Community College,USA,United States,Oregon,EMT/ Paramedic,,Other HCP - Paramedic,91e92696-e13d-414d-98b2-fd8e63f746a9
All-State Career School,USA,United States,Pennsylvania,EMT/ Paramedic,,Other HCP - Paramedic,91e92696-e13d-414d-98b2-fd8e63f746a9
Center for Emergency Medicine of Western Pennsylvannia,USA,United States,Pennsylvania,EMT/ Paramedic,,Other HCP - Paramedic,91e92696-e13d-414d-98b2-fd8e63f746a9
Community College of Allegheny County - Boyce,USA,United States,Pennsylvania,EMT/ Paramedic,CCAC,Other HCP - Paramedic,91e92696-e13d-414d-98b2-fd8e63f746a9
Conemaugh Memorial Medical Center,USA,United States,Pennsylvania,EMT/ Paramedic,,Other HCP - Paramedic,91e92696-e13d-414d-98b2-fd8e63f746a9
Delaware County Community College,USA,United States,Pennsylvania,EMT/ Paramedic,DCCC,Other HCP - Paramedic,91e92696-e13d-414d-98b2-fd8e63f746a9
Harrisburg Area Community College,USA,United States,Pennsylvania,EMT/ Paramedic,HACC,Other HCP - Paramedic,91e92696-e13d-414d-98b2-fd8e63f746a9
Lackawanna College,USA,United States,Pennsylvania,EMT/ Paramedic,,Other HCP - Paramedic,91e92696-e13d-414d-98b2-fd8e63f746a9
Lehigh Valley Health Network,USA,United States,Pennsylvania,EMT/ Paramedic,LVHN,Other HCP - Paramedic,91e92696-e13d-414d-98b2-fd8e63f746a9
Luzerne County Community College,USA,United States,Pennsylvania,EMT/ Paramedic,,Other HCP - Paramedic,91e92696-e13d-414d-98b2-fd8e63f746a9
Montgomery County EMS Training Institute,USA,United States,Pennsylvania,EMT/ Paramedic,,Other HCP - Paramedic,91e92696-e13d-414d-98b2-fd8e63f746a9
Pennsylvania College of Health Sciences,USA,United States,Pennsylvania,EMT/ Paramedic,,Other HCP - Paramedic,91e92696-e13d-414d-98b2-fd8e63f746a9
Pennsylvania College of Technology,USA,United States,Pennsylvania,EMT/ Paramedic,PCT,Other HCP - Paramedic,91e92696-e13d-414d-98b2-fd8e63f746a9
Reading Hospital School of Health Sciences,USA,United States,Pennsylvania,EMT/ Paramedic,,Other HCP - Paramedic,91e92696-e13d-414d-98b2-fd8e63f746a9
Thomas Jefferson University Hospital - JeffSTAT EMS Education Center,USA,United States,Pennsylvania,EMT/ Paramedic,,Other HCP - Paramedic,91e92696-e13d-414d-98b2-fd8e63f746a9
Greenville Technical College,USA,United States,Pennsylvania,EMT/ Paramedic,GVLTEC,Other HCP - Paramedic,91e92696-e13d-414d-98b2-fd8e63f746a9
Horry Georgetown Technical College,USA,United States,South Carolina,EMT/ Paramedic,,Other HCP - Paramedic,91e92696-e13d-414d-98b2-fd8e63f746a9
Lowcountry Regional EMS Council,USA,United States,South Carolina,EMT/ Paramedic,,Other HCP - Paramedic,91e92696-e13d-414d-98b2-fd8e63f746a9
Pee Dee Regional EMS,USA,United States,South Carolina,EMT/ Paramedic,,Other HCP - Paramedic,91e92696-e13d-414d-98b2-fd8e63f746a9
SC Midlands Emergency Medical Service Management Association,USA,United States,South Carolina,EMT/ Paramedic,,Other HCP - Paramedic,91e92696-e13d-414d-98b2-fd8e63f746a9
Spartanburg Community College,USA,United States,South Carolina,EMT/ Paramedic,SCCSC,Other HCP - Paramedic,91e92696-e13d-414d-98b2-fd8e63f746a9
Trident Technical College,USA,United States,South Carolina,EMT/ Paramedic,,Other HCP - Paramedic,91e92696-e13d-414d-98b2-fd8e63f746a9
Avera Mckennan Hospital and University Health Center,USA,United States,South Carolina,EMT/ Paramedic,,Other HCP - Paramedic,91e92696-e13d-414d-98b2-fd8e63f746a9
Lake Area Technical Institute,USA,United States,South Dakota,EMT/ Paramedic,,Other HCP - Paramedic,91e92696-e13d-414d-98b2-fd8e63f746a9
Western Dakota Technical Institute,USA,United States,South Dakota,EMT/ Paramedic,WDT,Other HCP - Paramedic,91e92696-e13d-414d-98b2-fd8e63f746a9
Chattanooga State Community College,USA,United States,Tennessee,EMT/ Paramedic,,Other HCP - Paramedic,91e92696-e13d-414d-98b2-fd8e63f746a9
City of Memphis Division of Fire Services,USA,United States,Tennessee,EMT/ Paramedic,,Other HCP - Paramedic,91e92696-e13d-414d-98b2-fd8e63f746a9
Columbia State Community College,USA,United States,Tennessee,EMT/ Paramedic,,Other HCP - Paramedic,91e92696-e13d-414d-98b2-fd8e63f746a9
Dyersburg State Community College,USA,United States,Tennessee,EMT/ Paramedic,DSCC,Other HCP - Paramedic,91e92696-e13d-414d-98b2-fd8e63f746a9
Jackson State Community College,USA,United States,Tennessee,EMT/ Paramedic,JSCC,Other HCP - Paramedic,91e92696-e13d-414d-98b2-fd8e63f746a9
Northeast State Community College,USA,United States,Tennessee,EMT/ Paramedic,,Other HCP - Paramedic,91e92696-e13d-414d-98b2-fd8e63f746a9
Roane State Community College,USA,United States,Tennessee,EMT/ Paramedic,,Other HCP - Paramedic,91e92696-e13d-414d-98b2-fd8e63f746a9
Southwest Tennessee Community College,USA,United States,Tennessee,EMT/ Paramedic,,Other HCP - Paramedic,91e92696-e13d-414d-98b2-fd8e63f746a9
Volunteer State Community College,USA,United States,Tennessee,EMT/ Paramedic,,Other HCP - Paramedic,91e92696-e13d-414d-98b2-fd8e63f746a9
Walters State Community College,USA,United States,Tennessee,EMT/ Paramedic,WS,Other HCP - Paramedic,91e92696-e13d-414d-98b2-fd8e63f746a9
Amarillo College,USA,United States,Texas,EMT/ Paramedic,ACTX,Other HCP - Paramedic,91e92696-e13d-414d-98b2-fd8e63f746a9
Angelina College,USA,United States,Texas,EMT/ Paramedic,,Other HCP - Paramedic,91e92696-e13d-414d-98b2-fd8e63f746a9
Austin Community College,USA,United States,Texas,EMT/ Paramedic,,Other HCP - Paramedic,91e92696-e13d-414d-98b2-fd8e63f746a9
Blinn College,USA,United States,Texas,EMT/ Paramedic,,Other HCP - Paramedic,91e92696-e13d-414d-98b2-fd8e63f746a9
Brazosport College,USA,United States,Texas,EMT/ Paramedic,,Other HCP - Paramedic,91e92696-e13d-414d-98b2-fd8e63f746a9
Brookhaven College,USA,United States,Texas,EMT/ Paramedic,,Other HCP - Paramedic,91e92696-e13d-414d-98b2-fd8e63f746a9
Central Texas College,USA,United States,Texas,EMT/ Paramedic,CTCD,Other HCP - Paramedic,91e92696-e13d-414d-98b2-fd8e63f746a9
College of the Mainland,USA,United States,Texas,EMT/ Paramedic,COM,Other HCP - Paramedic,91e92696-e13d-414d-98b2-fd8e63f746a9
Collin County Community College District,USA,United States,Texas,EMT/ Paramedic,,Other HCP - Paramedic,91e92696-e13d-414d-98b2-fd8e63f746a9
East Texas Medical Center,USA,United States,Texas,EMT/ Paramedic,UT Health East Texas,Other HCP - Paramedic,91e92696-e13d-414d-98b2-fd8e63f746a9
El Centro College,USA,United States,Texas,EMT/ Paramedic,,Other HCP - Paramedic,91e92696-e13d-414d-98b2-fd8e63f746a9
El Paso Community College,USA,United States,Texas,EMT/ Paramedic,EPCC,Other HCP - Paramedic,91e92696-e13d-414d-98b2-fd8e63f746a9
EMTS Academy and St David's Round Rock Medical Center Paramedic Program Consortium,USA,United States,Texas,EMT/ Paramedic,,Other HCP - Paramedic,91e92696-e13d-414d-98b2-fd8e63f746a9
Galveston College,USA,United States,Texas,EMT/ Paramedic,GC,Other HCP - Paramedic,91e92696-e13d-414d-98b2-fd8e63f746a9
Grayson College,USA,United States,Texas,EMT/ Paramedic,,Other HCP - Paramedic,91e92696-e13d-414d-98b2-fd8e63f746a9
Hill College,USA,United States,Texas,EMT/ Paramedic,,Other HCP - Paramedic,91e92696-e13d-414d-98b2-fd8e63f746a9
Houston Community College System,USA,United States,Texas,EMT/ Paramedic,HCC,Other HCP - Paramedic,91e92696-e13d-414d-98b2-fd8e63f746a9
Howard College - San Angelo,USA,United States,Texas,EMT/ Paramedic,,Other HCP - Paramedic,91e92696-e13d-414d-98b2-fd8e63f746a9
Kilgore College,USA,United States,Texas,EMT/ Paramedic,,Other HCP - Paramedic,91e92696-e13d-414d-98b2-fd8e63f746a9
Lamar Institute of Technology,USA,United States,Texas,EMT/ Paramedic,LIT,Other HCP - Paramedic,91e92696-e13d-414d-98b2-fd8e63f746a9
Laredo Fire Department,USA,United States,Texas,EMT/ Paramedic,,Other HCP - Paramedic,91e92696-e13d-414d-98b2-fd8e63f746a9
Lone Star College - CyFair,USA,United States,Texas,EMT/ Paramedic,LSC-CyFair,Other HCP - Paramedic,91e92696-e13d-414d-98b2-fd8e63f746a9
Lone Star College - North Harris,USA,United States,Texas,EMT/ Paramedic,LSC North ,Other HCP - Paramedic,91e92696-e13d-414d-98b2-fd8e63f746a9
McLennan Community College,USA,United States,Texas,EMT/ Paramedic,MC,Other HCP - Paramedic,91e92696-e13d-414d-98b2-fd8e63f746a9
Midland College,USA,United States,Texas,EMT/ Paramedic,,Other HCP - Paramedic,91e92696-e13d-414d-98b2-fd8e63f746a9
Navarro College,USA,United States,Texas,EMT/ Paramedic,,Other HCP - Paramedic,91e92696-e13d-414d-98b2-fd8e63f746a9
North Central Texas College,USA,United States,Texas,EMT/ Paramedic,NCTC,Other HCP - Paramedic,91e92696-e13d-414d-98b2-fd8e63f746a9
Northeast Texas Community College,USA,United States,Texas,EMT/ Paramedic,NTCC,Other HCP - Paramedic,91e92696-e13d-414d-98b2-fd8e63f746a9
Odessa College,USA,United States,Texas,EMT/ Paramedic,,Other HCP - Paramedic,91e92696-e13d-414d-98b2-fd8e63f746a9
Panola College,USA,United States,Texas,EMT/ Paramedic,,Other HCP - Paramedic,91e92696-e13d-414d-98b2-fd8e63f746a9
Paris Junior College,USA,United States,Texas,EMT/ Paramedic,,Other HCP - Paramedic,91e92696-e13d-414d-98b2-fd8e63f746a9
PERCOM Kilgore College Consortium,USA,United States,Texas,EMT/ Paramedic,,Other HCP - Paramedic,91e92696-e13d-414d-98b2-fd8e63f746a9
San Antonio College,USA,United States,Texas,EMT/ Paramedic,Alamo,Other HCP - Paramedic,91e92696-e13d-414d-98b2-fd8e63f746a9
San Jacinto College - Central,USA,United States,Texas,EMT/ Paramedic,SanJac,Other HCP - Paramedic,91e92696-e13d-414d-98b2-fd8e63f746a9
San Jacinto College North,USA,United States,Texas,EMT/ Paramedic,SanJac,Other HCP - Paramedic,91e92696-e13d-414d-98b2-fd8e63f746a9
South Plains College,USA,United States,Texas,EMT/ Paramedic,,Other HCP - Paramedic,91e92696-e13d-414d-98b2-fd8e63f746a9
South Texas College,USA,United States,Texas,EMT/ Paramedic,,Other HCP - Paramedic,91e92696-e13d-414d-98b2-fd8e63f746a9
Tarrant County College - Northeast Campus,USA,United States,Texas,EMT/ Paramedic,TCCD,Other HCP - Paramedic,91e92696-e13d-414d-98b2-fd8e63f746a9
Temple College,USA,United States,Texas,EMT/ Paramedic,,Other HCP - Paramedic,91e92696-e13d-414d-98b2-fd8e63f746a9
Texas Engineering Extension Service,USA,United States,Texas,EMT/ Paramedic,,Other HCP - Paramedic,91e92696-e13d-414d-98b2-fd8e63f746a9
Texas State Technical College - Abilene,USA,United States,Texas,EMT/ Paramedic,TSTC,Other HCP - Paramedic,91e92696-e13d-414d-98b2-fd8e63f746a9
Trinity Valley Community College,USA,United States,Texas,EMT/ Paramedic,TVCC,Other HCP - Paramedic,91e92696-e13d-414d-98b2-fd8e63f746a9
Tyler Junior College,USA,United States,Texas,EMT/ Paramedic,TJC,Other HCP - Paramedic,91e92696-e13d-414d-98b2-fd8e63f746a9
University of Texas Health Science Center at San Antonio,USA,United States,Texas,EMT/ Paramedic,UTHSCSA,Other HCP - Paramedic,91e92696-e13d-414d-98b2-fd8e63f746a9
Victoria College,USA,United States,Texas,EMT/ Paramedic,,Other HCP - Paramedic,91e92696-e13d-414d-98b2-fd8e63f746a9
Weatherford College,USA,United States,Texas,EMT/ Paramedic,WC,Other HCP - Paramedic,91e92696-e13d-414d-98b2-fd8e63f746a9
Wharton County Junior College,USA,United States,Texas,EMT/ Paramedic,WCJC,Other HCP - Paramedic,91e92696-e13d-414d-98b2-fd8e63f746a9
Dixie State University,USA,United States,Utah,EMT/ Paramedic,,Other HCP - Paramedic,91e92696-e13d-414d-98b2-fd8e63f746a9
Unified Fire Authority,USA,United States,Utah,EMT/ Paramedic,,Other HCP - Paramedic,91e92696-e13d-414d-98b2-fd8e63f746a9
Utah Valley University,USA,United States,Utah,EMT/ Paramedic,,Other HCP - Paramedic,91e92696-e13d-414d-98b2-fd8e63f746a9
Weber State University,USA,United States,Utah,EMT/ Paramedic,,Other HCP - Paramedic,91e92696-e13d-414d-98b2-fd8e63f746a9
Central Virginia Community College,USA,United States,Virginia,EMT/ Paramedic,,Other HCP - Paramedic,91e92696-e13d-414d-98b2-fd8e63f746a9
Reynolds Community College,USA,United States,Virginia,EMT/ Paramedic,,Other HCP - Paramedic,91e92696-e13d-414d-98b2-fd8e63f746a9
Jefferson College of Health Sciences,USA,United States,Virginia,EMT/ Paramedic,,Other HCP - Paramedic,91e92696-e13d-414d-98b2-fd8e63f746a9
Lord Fairfax Community College,USA,United States,Virginia,EMT/ Paramedic,LFCC,Other HCP - Paramedic,91e92696-e13d-414d-98b2-fd8e63f746a9
Loudoun County Department of Fire-Rescue,USA,United States,Virginia,EMT/ Paramedic,,Other HCP - Paramedic,91e92696-e13d-414d-98b2-fd8e63f746a9
Northern Virginia Community College,USA,United States,Virginia,EMT/ Paramedic,NVCC,Other HCP - Paramedic,91e92696-e13d-414d-98b2-fd8e63f746a9
Patrick Henry Community College,USA,United States,Virginia,EMT/ Paramedic,,Other HCP - Paramedic,91e92696-e13d-414d-98b2-fd8e63f746a9
Piedmont Virginia Community College,USA,United States,Virginia,EMT/ Paramedic,PVCC,Other HCP - Paramedic,91e92696-e13d-414d-98b2-fd8e63f746a9
Prince William County Dept of Fire & Rescue,USA,United States,Virginia,EMT/ Paramedic,,Other HCP - Paramedic,91e92696-e13d-414d-98b2-fd8e63f746a9
Southside Virginia Community College,USA,United States,Virginia,EMT/ Paramedic,,Other HCP - Paramedic,91e92696-e13d-414d-98b2-fd8e63f746a9
Southwest Virginia Community College,USA,United States,Virginia,EMT/ Paramedic,SWCC,Other HCP - Paramedic,91e92696-e13d-414d-98b2-fd8e63f746a9
Stafford County and Associates in Emergency Care Consortium,USA,United States,Virginia,EMT/ Paramedic,,Other HCP - Paramedic,91e92696-e13d-414d-98b2-fd8e63f746a9
Tidewater Community College,USA,United States,Virginia,EMT/ Paramedic,TCC,Other HCP - Paramedic,91e92696-e13d-414d-98b2-fd8e63f746a9
Virginia Commonwealth University School of Medicine,USA,United States,Virginia,EMT/ Paramedic,VCU,Other HCP - Paramedic,91e92696-e13d-414d-98b2-fd8e63f746a9
Central Washington University,USA,United States,Washington,EMT/ Paramedic,CWU,Other HCP - Paramedic,91e92696-e13d-414d-98b2-fd8e63f746a9
Columbia Basin College,USA,United States,Washington,EMT/ Paramedic,,Other HCP - Paramedic,91e92696-e13d-414d-98b2-fd8e63f746a9
St. Luke's Rehabilitation Institute,USA,United States,Washington,EMT/ Paramedic,,Other HCP - Paramedic,91e92696-e13d-414d-98b2-fd8e63f746a9
Tacoma Community College,USA,United States,Washington,EMT/ Paramedic,,Other HCP - Paramedic,91e92696-e13d-414d-98b2-fd8e63f746a9
Tacoma Fire Department,USA,United States,Washington,EMT/ Paramedic,,Other HCP - Paramedic,91e92696-e13d-414d-98b2-fd8e63f746a9
University of Washington Harborview Medical Center,USA,United States,Washington,EMT/ Paramedic,UW,Other HCP - Paramedic,91e92696-e13d-414d-98b2-fd8e63f746a9
Chippewa Valley Technical College,USA,United States,Wisconsin,EMT/ Paramedic,CVTC,Other HCP - Paramedic,91e92696-e13d-414d-98b2-fd8e63f746a9
Fox Valley Technical College,USA,United States,Wisconsin,EMT/ Paramedic,FVTC,Other HCP - Paramedic,91e92696-e13d-414d-98b2-fd8e63f746a9
Gateway Technical College,USA,United States,Wisconsin,EMT/ Paramedic,GTC,Other HCP - Paramedic,91e92696-e13d-414d-98b2-fd8e63f746a9
Lakeshore Technical College,USA,United States,Wisconsin,EMT/ Paramedic,LTC,Other HCP - Paramedic,91e92696-e13d-414d-98b2-fd8e63f746a9
Madison Area Technical College,USA,United States,Wisconsin,EMT/ Paramedic,,Other HCP - Paramedic,91e92696-e13d-414d-98b2-fd8e63f746a9
Mercy Health System,USA,United States,Illinois,EMT/ Paramedic,,Other HCP - Paramedic,91e92696-e13d-414d-98b2-fd8e63f746a9
Mid-State Technical College,USA,United States,Wisconsin,EMT/ Paramedic,MSTC,Other HCP - Paramedic,91e92696-e13d-414d-98b2-fd8e63f746a9
Milwaukee County Emergency Medical Services,USA,United States,Wisconsin,EMT/ Paramedic,,Other HCP - Paramedic,91e92696-e13d-414d-98b2-fd8e63f746a9
Moraine Park Technical College,USA,United States,Wisconsin,EMT/ Paramedic,,Other HCP - Paramedic,91e92696-e13d-414d-98b2-fd8e63f746a9
Northcentral Technical College,USA,United States,Wisconsin,EMT/ Paramedic,NTC,Other HCP - Paramedic,91e92696-e13d-414d-98b2-fd8e63f746a9
Northeast Wisconsin Technical College,USA,United States,Wisconsin,EMT/ Paramedic,NWTC,Other HCP - Paramedic,91e92696-e13d-414d-98b2-fd8e63f746a9
University of Wisconsin Hospitals & Clinics,USA,United States,Wisconsin,EMT/ Paramedic,,Other HCP - Paramedic,91e92696-e13d-414d-98b2-fd8e63f746a9
Waukesha County Technical College,USA,United States,Wisconsin,EMT/ Paramedic,WCTC,Other HCP - Paramedic,91e92696-e13d-414d-98b2-fd8e63f746a9
Western Technical College,USA,United States,Wisconsin,EMT/ Paramedic,,Other HCP - Paramedic,91e92696-e13d-414d-98b2-fd8e63f746a9
Wisconsin Indianhead Technical College - Rice Lake,USA,United States,Wisconsin,EMT/ Paramedic,WITC,Other HCP - Paramedic,91e92696-e13d-414d-98b2-fd8e63f746a9
Blue Ridge Community and Technical College,USA,United States,West Virginia,EMT/ Paramedic,,Other HCP - Paramedic,91e92696-e13d-414d-98b2-fd8e63f746a9
Mountwest Community and Technical College,USA,United States,West Virginia,EMT/ Paramedic,MCTC,Other HCP - Paramedic,91e92696-e13d-414d-98b2-fd8e63f746a9
New River Community and Technical College,USA,United States,West Virginia,EMT/ Paramedic,,Other HCP - Paramedic,91e92696-e13d-414d-98b2-fd8e63f746a9
Pierpont Community & Technical College,USA,United States,West Virginia,EMT/ Paramedic,,Other HCP - Paramedic,91e92696-e13d-414d-98b2-fd8e63f746a9
Southern West Virginia Community & Technical College,USA,United States,West Virginia,EMT/ Paramedic,,Other HCP - Paramedic,91e92696-e13d-414d-98b2-fd8e63f746a9
Casper College,USA,United States,Wyoming,EMT/ Paramedic,,Other HCP - Paramedic,91e92696-e13d-414d-98b2-fd8e63f746a9
Laramie County Community College,USA,United States,Wyoming,EMT/ Paramedic,LCCC,Other HCP - Paramedic,91e92696-e13d-414d-98b2-fd8e63f746a9
Maryland Fire and Rescue Institute,USA,United States,Wyoming,EMT/ Paramedic,MFRI,Other HCP - Paramedic,91e92696-e13d-414d-98b2-fd8e63f746a9
Barry University School of Podiatric Medicine,USA,United States,Florida,Podiatry,,Other HCP - Podiatrist,b05eaa16-fa2a-42e8-9958-21ea5e78517f
California School of Podiatric Medicine at Samuel Merritt University,USA,United States,California,Podiatry,,Other HCP - Podiatrist,b05eaa16-fa2a-42e8-9958-21ea5e78517f
Des Moines University College of Podiatric Medicine and Surgery,USA,United States,Iowa,Podiatry,DMU,Other HCP - Podiatrist,b05eaa16-fa2a-42e8-9958-21ea5e78517f
Dr. William M. Scholl College of Podiatric Medicine at the Rosalind Franklin,USA,United States,Illinois,Podiatry,,Other HCP - Podiatrist,b05eaa16-fa2a-42e8-9958-21ea5e78517f
Kent State University College of Podiatric Medicine,USA,United States,Ohio,Podiatry,,Other HCP - Podiatrist,b05eaa16-fa2a-42e8-9958-21ea5e78517f
Midwestern University Arizona School of Podiatric Medicine,USA,United States,Arizona,Podiatry,,Other HCP - Podiatrist,b05eaa16-fa2a-42e8-9958-21ea5e78517f
New York College of Podiatric Medicine,USA,United States,New York,Podiatry,NYCPM,Other HCP - Podiatrist,b05eaa16-fa2a-42e8-9958-21ea5e78517f
Temple University School of Podiatric Medicine,USA,United States,Pennsylvania,Podiatry,,Other HCP - Podiatrist,b05eaa16-fa2a-42e8-9958-21ea5e78517f
Western University of Health Sciences College of Podiatric Medicine,USA,United States,California,Podiatry,,Other HCP - Podiatrist,b05eaa16-fa2a-42e8-9958-21ea5e78517f
Northern Illinois University,USA,United States,Illinois,Physiotherapy,NIU,Other HCP - Physiotherapist,440c63e6-9b91-4359-a911-e562a36e03b7
Western Carolina University,USA,United States,North Carolina,Physiotherapy,WCU,Other HCP - Physiotherapist,440c63e6-9b91-4359-a911-e562a36e03b7
William Carey University,USA,United States,Mississippi,Physiotherapy,,Other HCP - Physiotherapist,440c63e6-9b91-4359-a911-e562a36e03b7
University of Central Florida,USA,United States,Florida,Physiotherapy,UCF,Other HCP - Physiotherapist,440c63e6-9b91-4359-a911-e562a36e03b7
University of South Carolina,USA,United States,South Carolina,Physiotherapy,USC,Other HCP - Physiotherapist,440c63e6-9b91-4359-a911-e562a36e03b7
Radford University,USA,United States,Virginia,Occupation Therapy,,Other HCP - Occupational Therapist,151672ce-6176-45e5-aea4-2c8e16c730fc
Beth-El College of Nursing and Health Sciences,USA,United States,Colorado,Nursing,,Registered Nurse,18f39740-a7c2-4215-a50c-8782c326d979
Colorado State University - Pueblo,USA,United States,Colorado,Nursing,CSU,Registered Nurse,18f39740-a7c2-4215-a50c-8782c326d979
Denver School of Nursing,USA,United States,Colorado,Nursing,,Registered Nurse,18f39740-a7c2-4215-a50c-8782c326d979
Regis University - Denver,USA,United States,Colorado,Nursing,,Registered Nurse,18f39740-a7c2-4215-a50c-8782c326d979
University of Colorado Denver College of Nursing,USA,United States,Colorado,Nursing,CU,Registered Nurse,18f39740-a7c2-4215-a50c-8782c326d979
University of Northern Colorado - Greeley,USA,United States,Colorado,Nursing,UNCO,Registered Nurse,18f39740-a7c2-4215-a50c-8782c326d979
"Abington Memorial Hospital Dixon School of Nursing, Willow Grove",USA,United States,Pennsylvania,Nursing,,Registered Nurse,18f39740-a7c2-4215-a50c-8782c326d979
Drexel University College of Nursing and Health Professions Nursing Program,USA,United States,Pennsylvania,Nursing,,Registered Nurse,18f39740-a7c2-4215-a50c-8782c326d979
Gannon University Online Nursing Program,USA,United States,Pennsylvania,Nursing,,Registered Nurse,18f39740-a7c2-4215-a50c-8782c326d979
Holy Family University Nursing Program,USA,United States,Pennsylvania,Nursing,,Registered Nurse,18f39740-a7c2-4215-a50c-8782c326d979
Pennsylvania College of Health Sciences,USA,United States,Pennsylvania,Nursing,,Registered Nurse,18f39740-a7c2-4215-a50c-8782c326d979
Methodist Hospital School of Nursing,USA,United States,Tennessee,Nursing,,Registered Nurse,18f39740-a7c2-4215-a50c-8782c326d979
Mount Aloysius College,USA,United States,Pennsylvania,Nursing,,Registered Nurse,18f39740-a7c2-4215-a50c-8782c326d979
Northeastern Hospital School of Nursing Temple University Health System,USA,United States,Pennsylvania,Nursing,NEH,Registered Nurse,18f39740-a7c2-4215-a50c-8782c326d979
Ohio Valley General Hospital School of Nursing,USA,United States,Pennsylvania,Nursing,OVH,Registered Nurse,18f39740-a7c2-4215-a50c-8782c326d979
Pennsylvania State University School of Nursing - Hershey and University Park,USA,United States,Pennsylvania,Nursing,Penn State,Registered Nurse,18f39740-a7c2-4215-a50c-8782c326d979
Pottsville Hospital School of Nursing,USA,United States,Pennsylvania,Nursing,LVHN,Registered Nurse,18f39740-a7c2-4215-a50c-8782c326d979
Roxborough Memorial Hospital School of Nursing,USA,United States,Pennsylvania,Nursing,,Registered Nurse,18f39740-a7c2-4215-a50c-8782c326d979
St. Luke's School of Nursing,USA,United States,Pennsylvania,Nursing,SLHN,Registered Nurse,18f39740-a7c2-4215-a50c-8782c326d979
Thomas Jefferson University - Jefferson College of Health Professions Department of Nursing,USA,United States,Pennsylvania,Nursing,,Registered Nurse,18f39740-a7c2-4215-a50c-8782c326d979
University of Pennsylvania School of Nursing,USA,United States,Pennsylvania,Nursing,UPenn,Registered Nurse,18f39740-a7c2-4215-a50c-8782c326d979
University of Pittsburgh School of Nursing,USA,United States,Pennsylvania,Nursing,,Registered Nurse,18f39740-a7c2-4215-a50c-8782c326d979
UPMC Shadyside School of Nursing,USA,United States,Pennsylvania,Nursing,,Registered Nurse,18f39740-a7c2-4215-a50c-8782c326d979
Villanova University College of Nursing,USA,United States,Pennsylvania,Nursing,,Registered Nurse,18f39740-a7c2-4215-a50c-8782c326d979
Widener University Online RN-BSN Chester,USA,United States,Pennsylvania,Nursing,,Registered Nurse,18f39740-a7c2-4215-a50c-8782c326d979
The University of Mount Olive,USA,United States,North Carolina,Nursing,UMO,Registered Nurse,18f39740-a7c2-4215-a50c-8782c326d979
Auburn University,USA,United States,Alabama,Nursing,,Registered Nurse,18f39740-a7c2-4215-a50c-8782c326d979
Auburn University Montgomery,USA,United States,Alabama,Nursing,,Registered Nurse,18f39740-a7c2-4215-a50c-8782c326d979
Coastal Alabama Community College,USA,United States,Alabama,Nursing,,Registered Nurse,18f39740-a7c2-4215-a50c-8782c326d979
Jacksonville State University,USA,United States,Alabama,Nursing,JSU,Registered Nurse,18f39740-a7c2-4215-a50c-8782c326d979
Joint DNP Program University of Alabama,USA,United States,Alabama,Nursing,,Registered Nurse,18f39740-a7c2-4215-a50c-8782c326d979
Samford University,USA,United States,Alabama,Nursing,,Registered Nurse,18f39740-a7c2-4215-a50c-8782c326d979
Spring Hill College,USA,United States,Alabama,Nursing,SHC,Registered Nurse,18f39740-a7c2-4215-a50c-8782c326d979
University of Alabama at Birmingham,USA,United States,Alabama,Nursing,UAB,Registered Nurse,18f39740-a7c2-4215-a50c-8782c326d979
The University of Alabama in Huntsville,USA,United States,Alabama,Nursing,UAH,Registered Nurse,18f39740-a7c2-4215-a50c-8782c326d979
The University of Alabama,USA,United States,Alabama,Nursing,UA,Registered Nurse,18f39740-a7c2-4215-a50c-8782c326d979
University of Mobile,USA,United States,Alabama,Nursing,,Registered Nurse,18f39740-a7c2-4215-a50c-8782c326d979
University of North Alabama,USA,United States,Alabama,Nursing,UNA,Registered Nurse,18f39740-a7c2-4215-a50c-8782c326d979
University of South Alabama,USA,United States,Alabama,Nursing,USA,Registered Nurse,18f39740-a7c2-4215-a50c-8782c326d979
Arizona State University,USA,United States,Arizona,Nursing,ASU,Registered Nurse,18f39740-a7c2-4215-a50c-8782c326d979
Brookline College,USA,United States,Arizona,Nursing,,Registered Nurse,18f39740-a7c2-4215-a50c-8782c326d979
Grand Canyon University,USA,United States,Arizona,Nursing,GCU,Registered Nurse,18f39740-a7c2-4215-a50c-8782c326d979
Northern Arizona University,USA,United States,Arizona,Nursing,NAU,Registered Nurse,18f39740-a7c2-4215-a50c-8782c326d979
The University of Arizona,USA,United States,Arizona,Nursing,UA,Registered Nurse,18f39740-a7c2-4215-a50c-8782c326d979
University of Phoenix,USA,United States,Arizona,Nursing,,Registered Nurse,18f39740-a7c2-4215-a50c-8782c326d979
Henderson State University,USA,United States,Arkansas,Nursing,HSU,Registered Nurse,18f39740-a7c2-4215-a50c-8782c326d979
University of Arkansas,USA,United States,Arkansas,Nursing,UArk,Registered Nurse,18f39740-a7c2-4215-a50c-8782c326d979
University of Arkansas for Medical Sciences,USA,United States,Arkansas,Nursing,UAMS,Registered Nurse,18f39740-a7c2-4215-a50c-8782c326d979
University of Arkansas - Fort Smith,USA,United States,Arkansas,Nursing,UAFS,Registered Nurse,18f39740-a7c2-4215-a50c-8782c326d979
University of Central Arkansas,USA,United States,Arkansas,Nursing,UCA,Registered Nurse,18f39740-a7c2-4215-a50c-8782c326d979
American River College,USA,United States,California,Nursing,ARC,Registered Nurse,18f39740-a7c2-4215-a50c-8782c326d979
American University of Health Sciences,USA,United States,California,Nursing,AUHS,Registered Nurse,18f39740-a7c2-4215-a50c-8782c326d979
Azusa Pacific University,USA,United States,California,Nursing,APU,Registered Nurse,18f39740-a7c2-4215-a50c-8782c326d979
Biola University,USA,United States,California,Nursing,,Registered Nurse,18f39740-a7c2-4215-a50c-8782c326d979
Brandman University,USA,United States,California,Nursing,,Registered Nurse,18f39740-a7c2-4215-a50c-8782c326d979
Butte College,USA,United States,California,Nursing,,Registered Nurse,18f39740-a7c2-4215-a50c-8782c326d979
Cabrillo College,USA,United States,California,Nursing,,Registered Nurse,18f39740-a7c2-4215-a50c-8782c326d979
California Baptist University,USA,United States,California,Nursing,,Registered Nurse,18f39740-a7c2-4215-a50c-8782c326d979
California State University - Bakersfield,USA,United States,California,Nursing,CSUB,Registered Nurse,18f39740-a7c2-4215-a50c-8782c326d979
California State University - Channel Islands,USA,United States,California,Nursing,CSUCI,Registered Nurse,18f39740-a7c2-4215-a50c-8782c326d979
California State University - Chico,USA,United States,California,Nursing,CSUChico,Registered Nurse,18f39740-a7c2-4215-a50c-8782c326d979
California State University - Dominguez Hills,USA,United States,California,Nursing,CSUDH,Registered Nurse,18f39740-a7c2-4215-a50c-8782c326d979
California State University - East Bay,USA,United States,California,Nursing,CSU East Bay,Registered Nurse,18f39740-a7c2-4215-a50c-8782c326d979
California State University - Fresno,USA,United States,California,Nursing,CSU Fresno,Registered Nurse,18f39740-a7c2-4215-a50c-8782c326d979
California State University - Fullerton,USA,United States,California,Nursing,CSUF,Registered Nurse,18f39740-a7c2-4215-a50c-8782c326d979
California State University - Long Beach,USA,United States,California,Nursing,CSULB,Registered Nurse,18f39740-a7c2-4215-a50c-8782c326d979
California State University - Los Angeles,USA,United States,California,Nursing,CSULA,Registered Nurse,18f39740-a7c2-4215-a50c-8782c326d979
California State University - Monterey Bay,USA,United States,California,Nursing,CSUMB,Registered Nurse,18f39740-a7c2-4215-a50c-8782c326d979
California State University - Northern California Consortium Doctor of Nursing Practice,USA,United States,California,Nursing,CSU,Registered Nurse,18f39740-a7c2-4215-a50c-8782c326d979
California State University - Northridge,USA,United States,California,Nursing,CSUN,Registered Nurse,18f39740-a7c2-4215-a50c-8782c326d979
California State University - Sacremento,USA,United States,California,Nursing,CSUS,Registered Nurse,18f39740-a7c2-4215-a50c-8782c326d979
California State University - San Bernardino,USA,United States,California,Nursing,CSUSB,Registered Nurse,18f39740-a7c2-4215-a50c-8782c326d979
California State University - San Marcos,USA,United States,California,Nursing,CSUSM,Registered Nurse,18f39740-a7c2-4215-a50c-8782c326d979
California State University - Stanislaus,USA,United States,California,Nursing,CASU Stan,Registered Nurse,18f39740-a7c2-4215-a50c-8782c326d979
California Nurses Educational Institute,USA,United States,California,Nursing,CNEI,Registered Nurse,18f39740-a7c2-4215-a50c-8782c326d979
Charles R. Drew University of Medicine and Science,USA,United States,California,Nursing,CDREWU,Registered Nurse,18f39740-a7c2-4215-a50c-8782c326d979
City College of San Francisco,USA,United States,California,Nursing,CCSF,Registered Nurse,18f39740-a7c2-4215-a50c-8782c326d979
College of the Redwoods,USA,United States,California,Nursing,,Registered Nurse,18f39740-a7c2-4215-a50c-8782c326d979
Concordia University Irvine,USA,United States,California,Nursing,CUI,Registered Nurse,18f39740-a7c2-4215-a50c-8782c326d979
Cuesta College,USA,United States,California,Nursing,,Registered Nurse,18f39740-a7c2-4215-a50c-8782c326d979
Dominican University of California,USA,United States,California,Nursing,,Registered Nurse,18f39740-a7c2-4215-a50c-8782c326d979
Fresno Pacific University,USA,United States,California,Nursing,,Registered Nurse,18f39740-a7c2-4215-a50c-8782c326d979
Holy Names University,USA,United States,California,Nursing,HNU,Registered Nurse,18f39740-a7c2-4215-a50c-8782c326d979
Loma Linda University,USA,United States,California,Nursing,LLU,Registered Nurse,18f39740-a7c2-4215-a50c-8782c326d979
Mendocino College,USA,United States,California,Nursing,,Registered Nurse,18f39740-a7c2-4215-a50c-8782c326d979
Merced College,USA,United States,California,Nursing,MCCD,Registered Nurse,18f39740-a7c2-4215-a50c-8782c326d979
Merritt College,USA,United States,California,Nursing,,Registered Nurse,18f39740-a7c2-4215-a50c-8782c326d979
Mount St. Mary University - Los Angeles,USA,United States,California,Nursing,MSMU,Registered Nurse,18f39740-a7c2-4215-a50c-8782c326d979
National University,USA,United States,California,Nursing,NU,Registered Nurse,18f39740-a7c2-4215-a50c-8782c326d979
Pacific College,USA,United States,California,Nursing,,Registered Nurse,18f39740-a7c2-4215-a50c-8782c326d979
Pasadena City College,USA,United States,California,Nursing,,Registered Nurse,18f39740-a7c2-4215-a50c-8782c326d979
Point Loma Nazarene University,USA,United States,California,Nursing,,Registered Nurse,18f39740-a7c2-4215-a50c-8782c326d979
Samuel Merritt University,USA,United States,California,Nursing,,Registered Nurse,18f39740-a7c2-4215-a50c-8782c326d979
San Diego State University,USA,United States,California,Nursing,SDSU,Registered Nurse,18f39740-a7c2-4215-a50c-8782c326d979
San Francisco State University,USA,United States,California,Nursing,SFSU,Registered Nurse,18f39740-a7c2-4215-a50c-8782c326d979
San Jose State University,USA,United States,California,Nursing,SJSU,Registered Nurse,18f39740-a7c2-4215-a50c-8782c326d979
Shasta College,USA,United States,California,Nursing,,Registered Nurse,18f39740-a7c2-4215-a50c-8782c326d979
Shepherd University - Los Angeles,USA,United States,California,Nursing,,Registered Nurse,18f39740-a7c2-4215-a50c-8782c326d979
Sierra College,USA,United States,California,Nursing,,Registered Nurse,18f39740-a7c2-4215-a50c-8782c326d979
Simpson University,USA,United States,California,Nursing,,Registered Nurse,18f39740-a7c2-4215-a50c-8782c326d979
Southern California CSU DNP Consortium,USA,United States,California,Nursing,CSU,Registered Nurse,18f39740-a7c2-4215-a50c-8782c326d979
Stanbridge College,USA,United States,California,Nursing,,Registered Nurse,18f39740-a7c2-4215-a50c-8782c326d979
Touro University California,USA,United States,California,Nursing,TU,Registered Nurse,18f39740-a7c2-4215-a50c-8782c326d979
United States University,USA,United States,California,Nursing,,Registered Nurse,18f39740-a7c2-4215-a50c-8782c326d979
Unitek College,USA,United States,California,Nursing,,Registered Nurse,18f39740-a7c2-4215-a50c-8782c326d979
University of California - Davis,USA,United States,California,Nursing,UC Davis,Registered Nurse,18f39740-a7c2-4215-a50c-8782c326d979
University of California - Irvine,USA,United States,California,Nursing,UC Irvine,Registered Nurse,18f39740-a7c2-4215-a50c-8782c326d979
University of California - Los Angeles,USA,United States,California,Nursing,UCLA,Registered Nurse,18f39740-a7c2-4215-a50c-8782c326d979
University of California - San Francisco,USA,United States,California,Nursing,UCSF,Registered Nurse,18f39740-a7c2-4215-a50c-8782c326d979
University of San Diego,USA,United States,California,Nursing,UCSD,Registered Nurse,18f39740-a7c2-4215-a50c-8782c326d979
University of San Francisco,USA,United States,California,Nursing,UCSF,Registered Nurse,18f39740-a7c2-4215-a50c-8782c326d979
Vanguard University of Southern California,USA,United States,California,Nursing,,Registered Nurse,18f39740-a7c2-4215-a50c-8782c326d979
Victor Valley College,USA,United States,California,Nursing,VVC,Registered Nurse,18f39740-a7c2-4215-a50c-8782c326d979
West Coast University,USA,United States,California,Nursing,,Registered Nurse,18f39740-a7c2-4215-a50c-8782c326d979
Western University of Health Sciences,USA,United States,California,Nursing,,Registered Nurse,18f39740-a7c2-4215-a50c-8782c326d979
Yuba College,USA,United States,California,Nursing,YC,Registered Nurse,18f39740-a7c2-4215-a50c-8782c326d979
American Career College,USA,United States,California,Nursing,,Registered Nurse,18f39740-a7c2-4215-a50c-8782c326d979
Adams State University,USA,United States,Colorado,Nursing,,Registered Nurse,18f39740-a7c2-4215-a50c-8782c326d979
American Sentinel University,USA,United States,Colorado,Nursing,,Registered Nurse,18f39740-a7c2-4215-a50c-8782c326d979
Aspen University,USA,United States,Colorado,Nursing,,Registered Nurse,18f39740-a7c2-4215-a50c-8782c326d979
Colorado Christian University,USA,United States,Colorado,Nursing,CCU,Registered Nurse,18f39740-a7c2-4215-a50c-8782c326d979
Colorado Mesa University,USA,United States,Colorado,Nursing,CMU,Registered Nurse,18f39740-a7c2-4215-a50c-8782c326d979
Colorado Mountain College,USA,United States,Colorado,Nursing,CMC,Registered Nurse,18f39740-a7c2-4215-a50c-8782c326d979
Colorado Technical University,USA,United States,Colorado,Nursing,CTU,Registered Nurse,18f39740-a7c2-4215-a50c-8782c326d979
Regis University,USA,United States,Colorado,Nursing,,Registered Nurse,18f39740-a7c2-4215-a50c-8782c326d979
University of Colorado,USA,United States,Colorado,Nursing,CU,Registered Nurse,18f39740-a7c2-4215-a50c-8782c326d979
University of Colorado at Colorado Springs,USA,United States,Colorado,Nursing,UCCS,Registered Nurse,18f39740-a7c2-4215-a50c-8782c326d979
University of Northern Colorado,USA,United States,Colorado,Nursing,UNCO,Registered Nurse,18f39740-a7c2-4215-a50c-8782c326d979
Central Connecticut State University,USA,United States,Connecticut,Nursing,CCSU,Registered Nurse,18f39740-a7c2-4215-a50c-8782c326d979
Fairfield University,USA,United States,Connecticut,Nursing,,Registered Nurse,18f39740-a7c2-4215-a50c-8782c326d979
Goodwin University,USA,United States,Connecticut,Nursing,,Registered Nurse,18f39740-a7c2-4215-a50c-8782c326d979
Lincoln College of New England,USA,United States,Connecticut,Nursing,,Registered Nurse,18f39740-a7c2-4215-a50c-8782c326d979
Quinnipiac University,USA,United States,Connecticut,Nursing,QU,Registered Nurse,18f39740-a7c2-4215-a50c-8782c326d979
Sacred Heart University,USA,United States,Connecticut,Nursing,,Registered Nurse,18f39740-a7c2-4215-a50c-8782c326d979
Southern Connecticut State University,USA,United States,Connecticut,Nursing,,Registered Nurse,18f39740-a7c2-4215-a50c-8782c326d979
University of Connecticut,USA,United States,Connecticut,Nursing,UConn,Registered Nurse,18f39740-a7c2-4215-a50c-8782c326d979
University of Hartford,USA,United States,Connecticut,Nursing,,Registered Nurse,18f39740-a7c2-4215-a50c-8782c326d979
University of Saint Joseph,USA,United States,Connecticut,Nursing,USJ,Registered Nurse,18f39740-a7c2-4215-a50c-8782c326d979
Western Connecticut State University,USA,United States,Connecticut,Nursing,WCSU,Registered Nurse,18f39740-a7c2-4215-a50c-8782c326d979
Yale University,USA,United States,Connecticut,Nursing,,Registered Nurse,18f39740-a7c2-4215-a50c-8782c326d979
University of Delaware,USA,United States,Delaware,Nursing,UDEL,Registered Nurse,18f39740-a7c2-4215-a50c-8782c326d979
Wilmington University,USA,United States,Delaware,Nursing,Wilmu,Registered Nurse,18f39740-a7c2-4215-a50c-8782c326d979
The Catholic University of America,USA,United States,District of Columbia,Nursing,CUA,Registered Nurse,18f39740-a7c2-4215-a50c-8782c326d979
George Washington University,USA,United States,District of Columbia,Nursing,GW,Registered Nurse,18f39740-a7c2-4215-a50c-8782c326d979
Georgetown University,USA,United States,District of Columbia,Nursing,,Registered Nurse,18f39740-a7c2-4215-a50c-8782c326d979
Howard University,USA,United States,District of Columbia,Nursing,,Registered Nurse,18f39740-a7c2-4215-a50c-8782c326d979
Trinity Washington University,USA,United States,District of Columbia,Nursing,,Registered Nurse,18f39740-a7c2-4215-a50c-8782c326d979
Barry University,USA,United States,Florida,Nursing,,Registered Nurse,18f39740-a7c2-4215-a50c-8782c326d979
Brewster Technical College,USA,United States,Florida,Nursing,,Registered Nurse,18f39740-a7c2-4215-a50c-8782c326d979
Broward College,USA,United States,Florida,Nursing,,Registered Nurse,18f39740-a7c2-4215-a50c-8782c326d979
ECPI University-Orlando,USA,United States,Florida,Nursing,,Registered Nurse,18f39740-a7c2-4215-a50c-8782c326d979
Florida Atlantic University,USA,United States,Florida,Nursing,FAU,Registered Nurse,18f39740-a7c2-4215-a50c-8782c326d979
Florida Gateway College,USA,United States,Florida,Nursing,FGC,Registered Nurse,18f39740-a7c2-4215-a50c-8782c326d979
Florida Gulf Coast University,USA,United States,Florida,Nursing,FGCU,Registered Nurse,18f39740-a7c2-4215-a50c-8782c326d979
Florida International University,USA,United States,Florida,Nursing,FIU,Registered Nurse,18f39740-a7c2-4215-a50c-8782c326d979
Florida National University,USA,United States,Florida,Nursing,FNU,Registered Nurse,18f39740-a7c2-4215-a50c-8782c326d979
Florida Southern College,USA,United States,Florida,Nursing,FSC,Registered Nurse,18f39740-a7c2-4215-a50c-8782c326d979
Florida State University,USA,United States,Florida,Nursing,FSU,Registered Nurse,18f39740-a7c2-4215-a50c-8782c326d979
Gulf Coast State College,USA,United States,Florida,Nursing,,Registered Nurse,18f39740-a7c2-4215-a50c-8782c326d979
"Herzing University, Orlando",USA,United States,Florida,Nursing,,Registered Nurse,18f39740-a7c2-4215-a50c-8782c326d979
Jacksonville University,USA,United States,Florida,Nursing,,Registered Nurse,18f39740-a7c2-4215-a50c-8782c326d979
Keiser University,USA,United States,Florida,Nursing,,Registered Nurse,18f39740-a7c2-4215-a50c-8782c326d979
Miami Dade College,USA,United States,Florida,Nursing,MDC,Registered Nurse,18f39740-a7c2-4215-a50c-8782c326d979
Northwest Florida State College,USA,United States,Florida,Nursing,NWFSC,Registered Nurse,18f39740-a7c2-4215-a50c-8782c326d979
Nova Southeastern University,USA,United States,Florida,Nursing,NSU,Registered Nurse,18f39740-a7c2-4215-a50c-8782c326d979
Okaloosa Technical College,USA,United States,Florida,Nursing,,Registered Nurse,18f39740-a7c2-4215-a50c-8782c326d979
Palm Beach Atlantic University,USA,United States,Florida,Nursing,PBA,Registered Nurse,18f39740-a7c2-4215-a50c-8782c326d979
Pasco-Hernando State College,USA,United States,Florida,Nursing,PHSC,Registered Nurse,18f39740-a7c2-4215-a50c-8782c326d979
Pensacola Christian College,USA,United States,Florida,Nursing,PCCI,Registered Nurse,18f39740-a7c2-4215-a50c-8782c326d979
Pensacola State College,USA,United States,Florida,Nursing,PSC,Registered Nurse,18f39740-a7c2-4215-a50c-8782c326d979
Santa Fe College,USA,United States,Florida,Nursing,,Registered Nurse,18f39740-a7c2-4215-a50c-8782c326d979
Southern Technical College Fort Myers,USA,United States,Florida,Nursing,,Registered Nurse,18f39740-a7c2-4215-a50c-8782c326d979
Southeastern University,USA,United States,Florida,Nursing,SEU,Registered Nurse,18f39740-a7c2-4215-a50c-8782c326d979
St. Petersburg College,USA,United States,Florida,Nursing,,Registered Nurse,18f39740-a7c2-4215-a50c-8782c326d979
University of Central Florida,USA,United States,Florida,Nursing,UCF,Registered Nurse,18f39740-a7c2-4215-a50c-8782c326d979
University of Florida,USA,United States,Florida,Nursing,UFL,Registered Nurse,18f39740-a7c2-4215-a50c-8782c326d979
University of Miami,USA,United States,Florida,Nursing,UM,Registered Nurse,18f39740-a7c2-4215-a50c-8782c326d979
University of North Florida,USA,United States,Florida,Nursing,UNF,Registered Nurse,18f39740-a7c2-4215-a50c-8782c326d979
University of South Florida,USA,United States,Florida,Nursing,USF,Registered Nurse,18f39740-a7c2-4215-a50c-8782c326d979
University of St. Augustine Health Sciences,USA,United States,Florida,Nursing,USA,Registered Nurse,18f39740-a7c2-4215-a50c-8782c326d979
University of West Florida,USA,United States,Florida,Nursing,UWF,Registered Nurse,18f39740-a7c2-4215-a50c-8782c326d979
Armstrong State University,USA,United States,Georgia,Nursing,,Registered Nurse,18f39740-a7c2-4215-a50c-8782c326d979
Augusta University,USA,United States,Georgia,Nursing,,Registered Nurse,18f39740-a7c2-4215-a50c-8782c326d979
Berry College,USA,United States,Georgia,Nursing,,Registered Nurse,18f39740-a7c2-4215-a50c-8782c326d979
Brenau University,USA,United States,Georgia,Nursing,,Registered Nurse,18f39740-a7c2-4215-a50c-8782c326d979
Clayton State University,USA,United States,Georgia,Nursing,CSU,Registered Nurse,18f39740-a7c2-4215-a50c-8782c326d979
Columbus State University,USA,United States,Georgia,Nursing,CSU,Registered Nurse,18f39740-a7c2-4215-a50c-8782c326d979
Emory University,USA,United States,Georgia,Nursing,,Registered Nurse,18f39740-a7c2-4215-a50c-8782c326d979
Georgia College & State University,USA,United States,Georgia,Nursing,GCSU,Registered Nurse,18f39740-a7c2-4215-a50c-8782c326d979
Georgia Gwinnett College,USA,United States,Georgia,Nursing,GGC,Registered Nurse,18f39740-a7c2-4215-a50c-8782c326d979
Georgia Intercollegiate Consortium for Graduate Nursing Education,USA,United States,Georgia,Nursing,GICGNE,Registered Nurse,18f39740-a7c2-4215-a50c-8782c326d979
Georgia Southern University,USA,United States,Georgia,Nursing,,Registered Nurse,18f39740-a7c2-4215-a50c-8782c326d979
Georgia Southwestern State University,USA,United States,Georgia,Nursing,GSW,Registered Nurse,18f39740-a7c2-4215-a50c-8782c326d979
Georgia State University,USA,United States,Georgia,Nursing,GSU,Registered Nurse,18f39740-a7c2-4215-a50c-8782c326d979
Herzing University - Atlanta,USA,United States,Georgia,Nursing,,Registered Nurse,18f39740-a7c2-4215-a50c-8782c326d979
Kennesaw State University,USA,United States,Georgia,Nursing,,Registered Nurse,18f39740-a7c2-4215-a50c-8782c326d979
Mercer University,USA,United States,Georgia,Nursing,,Registered Nurse,18f39740-a7c2-4215-a50c-8782c326d979
Shorter University,USA,United States,Georgia,Nursing,,Registered Nurse,18f39740-a7c2-4215-a50c-8782c326d979
South University,USA,United States,Georgia,Nursing,,Registered Nurse,18f39740-a7c2-4215-a50c-8782c326d979
Plymouth University,USA,United States,New Hampshire,Nursing,,Registered Nurse,18f39740-a7c2-4215-a50c-8782c326d979
Truett Mcconnell University,USA,United States,Georgia,Nursing,,Registered Nurse,18f39740-a7c2-4215-a50c-8782c326d979
University of West Georgia,USA,United States,Georgia,Nursing,UWG,Registered Nurse,18f39740-a7c2-4215-a50c-8782c326d979
Valdosta State University,USA,United States,Georgia,Nursing,,Registered Nurse,18f39740-a7c2-4215-a50c-8782c326d979
Wesleyan College,USA,United States,Georgia,Nursing,,Registered Nurse,18f39740-a7c2-4215-a50c-8782c326d979
Chaminade University of Honolulu,USA,United States,Hawaii,Nursing,,Registered Nurse,18f39740-a7c2-4215-a50c-8782c326d979
Hawaii Pacific University,USA,United States,Hawaii,Nursing,HPU,Registered Nurse,18f39740-a7c2-4215-a50c-8782c326d979
University of Hawaii at Manoa,USA,United States,Hawaii,Nursing,,Registered Nurse,18f39740-a7c2-4215-a50c-8782c326d979
University of Hawaii Hilo,USA,United States,Hawaii,Nursing,,Registered Nurse,18f39740-a7c2-4215-a50c-8782c326d979
Boise State University,USA,United States,Idaho,Nursing,,Registered Nurse,18f39740-a7c2-4215-a50c-8782c326d979
Brigham Young University - Idaho,USA,United States,Idaho,Nursing,,Registered Nurse,18f39740-a7c2-4215-a50c-8782c326d979
College of Southern Idaho,USA,United States,Idaho,Nursing,CSI,Registered Nurse,18f39740-a7c2-4215-a50c-8782c326d979
College of Western Idaho,USA,United States,Idaho,Nursing,CWI,Registered Nurse,18f39740-a7c2-4215-a50c-8782c326d979
Idaho State University,USA,United States,Idaho,Nursing,ISU,Registered Nurse,18f39740-a7c2-4215-a50c-8782c326d979
Lewis-Clark State College,USA,United States,Idaho,Nursing,LCSC,Registered Nurse,18f39740-a7c2-4215-a50c-8782c326d979
Northwest Nazarene University,USA,United States,Idaho,Nursing,NNU,Registered Nurse,18f39740-a7c2-4215-a50c-8782c326d979
North Idaho College,USA,United States,Idaho,Nursing,NIC,Registered Nurse,18f39740-a7c2-4215-a50c-8782c326d979
Aurora University,USA,United States,Idaho,Nursing,,Registered Nurse,18f39740-a7c2-4215-a50c-8782c326d979
Benedictine University,USA,United States,Illinois,Nursing,,Registered Nurse,18f39740-a7c2-4215-a50c-8782c326d979
Blessing-Rieman College of Nursing and Health Sciences,USA,United States,Illinois,Nursing,BRCN,Registered Nurse,18f39740-a7c2-4215-a50c-8782c326d979
Bradley University,USA,United States,Illinois,Nursing,,Registered Nurse,18f39740-a7c2-4215-a50c-8782c326d979
Chamberlain College of Nursing,USA,United States,Illinois,Nursing,,Registered Nurse,18f39740-a7c2-4215-a50c-8782c326d979
Depaul University,USA,United States,Illinois,Nursing,,Registered Nurse,18f39740-a7c2-4215-a50c-8782c326d979
Dominican University - Illinois,USA,United States,Illinois,Nursing,,Registered Nurse,18f39740-a7c2-4215-a50c-8782c326d979
Eastern Illinois University,USA,United States,Illinois,Nursing,,Registered Nurse,18f39740-a7c2-4215-a50c-8782c326d979
Elmhurst College,USA,United States,Illinois,Nursing,,Registered Nurse,18f39740-a7c2-4215-a50c-8782c326d979
Illinois State University,USA,United States,Illinois,Nursing,ISU,Registered Nurse,18f39740-a7c2-4215-a50c-8782c326d979
Illinois Wesleyan University,USA,United States,Illinois,Nursing,IWU,Registered Nurse,18f39740-a7c2-4215-a50c-8782c326d979
John A. Logan College,USA,United States,Illinois,Nursing,JALC,Registered Nurse,18f39740-a7c2-4215-a50c-8782c326d979
Kaplan University,USA,United States,Iowa,Nursing,,Registered Nurse,18f39740-a7c2-4215-a50c-8782c326d979
Lakeview College of Nursing,USA,United States,Illinois,Nursing,,Registered Nurse,18f39740-a7c2-4215-a50c-8782c326d979
Lewis University,USA,United States,Illinois,Nursing,,Registered Nurse,18f39740-a7c2-4215-a50c-8782c326d979
Loyola University Chicago,USA,United States,Illinois,Nursing,LUC,Registered Nurse,18f39740-a7c2-4215-a50c-8782c326d979
MacMurray College,USA,United States,Illinois,Nursing,Mac,Registered Nurse,18f39740-a7c2-4215-a50c-8782c326d979
Mckendree University,USA,United States,Illinois,Nursing,,Registered Nurse,18f39740-a7c2-4215-a50c-8782c326d979
Methodist College,USA,United States,Illinois,Nursing,,Registered Nurse,18f39740-a7c2-4215-a50c-8782c326d979
Millikin University,USA,United States,Illinois,Nursing,,Registered Nurse,18f39740-a7c2-4215-a50c-8782c326d979
North Park University,USA,United States,Illinois,Nursing,NPU,Registered Nurse,18f39740-a7c2-4215-a50c-8782c326d979
Northern Illinois University,USA,United States,Illinois,Nursing,NIU,Registered Nurse,18f39740-a7c2-4215-a50c-8782c326d979
Olivet Nazarene University,USA,United States,Illinois,Nursing,,Registered Nurse,18f39740-a7c2-4215-a50c-8782c326d979
Resurrection University,USA,United States,Illinois,Nursing,,Registered Nurse,18f39740-a7c2-4215-a50c-8782c326d979
Rush University,USA,United States,Illinois,Nursing,,Registered Nurse,18f39740-a7c2-4215-a50c-8782c326d979
Saint Anthony College of Nursing,USA,United States,Illinois,Nursing,OSF,Registered Nurse,18f39740-a7c2-4215-a50c-8782c326d979
Saint Xavier University,USA,United States,Illinois,Nursing,SXU,Registered Nurse,18f39740-a7c2-4215-a50c-8782c326d979
Southern Illinois University Edwardsville,USA,United States,Illinois,Nursing,SIUE,Registered Nurse,18f39740-a7c2-4215-a50c-8782c326d979
Trinity Christian College,USA,United States,Illinois,Nursing,,Registered Nurse,18f39740-a7c2-4215-a50c-8782c326d979
Trinity College of Nursing and Health Sciences,USA,United States,Illinois,Nursing,,Registered Nurse,18f39740-a7c2-4215-a50c-8782c326d979
University of Illinois at Chicago,USA,United States,Illinois,Nursing,UIC,Registered Nurse,18f39740-a7c2-4215-a50c-8782c326d979
University of St. Francis,USA,United States,Illinois,Nursing,,Registered Nurse,18f39740-a7c2-4215-a50c-8782c326d979
Western Illinois University,USA,United States,Illinois,Nursing,WIU,Registered Nurse,18f39740-a7c2-4215-a50c-8782c326d979
Anderson University,USA,United States,Indiana,Nursing,,Registered Nurse,18f39740-a7c2-4215-a50c-8782c326d979
Ball State University,USA,United States,Indiana,Nursing,BSU,Registered Nurse,18f39740-a7c2-4215-a50c-8782c326d979
Goshen College,USA,United States,Indiana,Nursing,,Registered Nurse,18f39740-a7c2-4215-a50c-8782c326d979
Harrison College,USA,United States,Indiana,Nursing,,Registered Nurse,18f39740-a7c2-4215-a50c-8782c326d979
Huntington University,USA,United States,Indiana,Nursing,,Registered Nurse,18f39740-a7c2-4215-a50c-8782c326d979
Indiana University Kokomo,USA,United States,Indiana,Nursing,IUK,Registered Nurse,18f39740-a7c2-4215-a50c-8782c326d979
Indiana University South Bend,USA,United States,Indiana,Nursing,IUSB,Registered Nurse,18f39740-a7c2-4215-a50c-8782c326d979
Indiana University Southeast,USA,United States,Indiana,Nursing,IUSB,Registered Nurse,18f39740-a7c2-4215-a50c-8782c326d979
Indiana University - Prude University Columbus,USA,United States,Indiana,Nursing,IUPUC,Registered Nurse,18f39740-a7c2-4215-a50c-8782c326d979
Indiana University - Prude University Fort Wayne,USA,United States,Indiana,Nursing,,Registered Nurse,18f39740-a7c2-4215-a50c-8782c326d979
Indiana University - Prude University Indianapolis,USA,United States,Indiana,Nursing,,Registered Nurse,18f39740-a7c2-4215-a50c-8782c326d979
Indiana Wesleyan University,USA,United States,Indiana,Nursing,,Registered Nurse,18f39740-a7c2-4215-a50c-8782c326d979
Marian University,USA,United States,Indiana,Nursing,,Registered Nurse,18f39740-a7c2-4215-a50c-8782c326d979
Purdue University,USA,United States,Indiana,Nursing,,Registered Nurse,18f39740-a7c2-4215-a50c-8782c326d979
Saint Joseph's College,USA,United States,Indiana,Nursing,,Registered Nurse,18f39740-a7c2-4215-a50c-8782c326d979
Saint Mary-of-the-Woods College,USA,United States,Indiana,Nursing,SMWC,Registered Nurse,18f39740-a7c2-4215-a50c-8782c326d979
Saint Mary's College - Indiana,USA,United States,Indiana,Nursing,,Registered Nurse,18f39740-a7c2-4215-a50c-8782c326d979
University of Indianapolis,USA,United States,Indiana,Nursing,UIndy,Registered Nurse,18f39740-a7c2-4215-a50c-8782c326d979
University of Saint Francis,USA,United States,Indiana,Nursing,SF,Registered Nurse,18f39740-a7c2-4215-a50c-8782c326d979
University of Southern Indiana,USA,United States,Indiana,Nursing,USI,Registered Nurse,18f39740-a7c2-4215-a50c-8782c326d979
Valparaiso University,USA,United States,Indiana,Nursing,,Registered Nurse,18f39740-a7c2-4215-a50c-8782c326d979
Allen College,USA,United States,Iowa,Nursing,,Registered Nurse,18f39740-a7c2-4215-a50c-8782c326d979
Briar Cliff University,USA,United States,Iowa,Nursing,,Registered Nurse,18f39740-a7c2-4215-a50c-8782c326d979
Clarke University,USA,United States,Iowa,Nursing,,Registered Nurse,18f39740-a7c2-4215-a50c-8782c326d979
Coe College,USA,United States,Iowa,Nursing,,Registered Nurse,18f39740-a7c2-4215-a50c-8782c326d979
Dordt College,USA,United States,Iowa,Nursing,,Registered Nurse,18f39740-a7c2-4215-a50c-8782c326d979
Grand View University,USA,United States,Iowa,Nursing,,Registered Nurse,18f39740-a7c2-4215-a50c-8782c326d979
Luther College,USA,United States,Iowa,Nursing,,Registered Nurse,18f39740-a7c2-4215-a50c-8782c326d979
Mercy College of Health Sciences,USA,United States,Iowa,Nursing,MCHS,Registered Nurse,18f39740-a7c2-4215-a50c-8782c326d979
Morningside College,USA,United States,Iowa,Nursing,,Registered Nurse,18f39740-a7c2-4215-a50c-8782c326d979
Mount Mercy University,USA,United States,Iowa,Nursing,,Registered Nurse,18f39740-a7c2-4215-a50c-8782c326d979
Northwestern College,USA,United States,Iowa,Nursing,,Registered Nurse,18f39740-a7c2-4215-a50c-8782c326d979
St. Ambrose University,USA,United States,Iowa,Nursing,SAU,Registered Nurse,18f39740-a7c2-4215-a50c-8782c326d979
St. Luke College's - Unity Point Health,USA,United States,Iowa,Nursing,,Registered Nurse,18f39740-a7c2-4215-a50c-8782c326d979
University of Dubuque,USA,United States,Iowa,Nursing,DBQ,Registered Nurse,18f39740-a7c2-4215-a50c-8782c326d979
The University of Iowa,USA,United States,Iowa,Nursing,,Registered Nurse,18f39740-a7c2-4215-a50c-8782c326d979
Upper Iowa University,USA,United States,Iowa,Nursing,,Registered Nurse,18f39740-a7c2-4215-a50c-8782c326d979
Southeastern Community College,USA,United States,Iowa,Nursing,,Registered Nurse,18f39740-a7c2-4215-a50c-8782c326d979
William Penn University,USA,United States,Iowa,Nursing,WMPenn,Registered Nurse,18f39740-a7c2-4215-a50c-8782c326d979
Baker University,USA,United States,Kansas,Nursing,,Registered Nurse,18f39740-a7c2-4215-a50c-8782c326d979
Benedictine College,USA,United States,Kansas,Nursing,,Registered Nurse,18f39740-a7c2-4215-a50c-8782c326d979
Bethel College,USA,United States,Kansas,Nursing,,Registered Nurse,18f39740-a7c2-4215-a50c-8782c326d979
Fort Hays State University,USA,United States,Kansas,Nursing,FHSU,Registered Nurse,18f39740-a7c2-4215-a50c-8782c326d979
MidAmerica Nazarene University,USA,United States,Kansas,Nursing,MNU,Registered Nurse,18f39740-a7c2-4215-a50c-8782c326d979
Newman University,USA,United States,Kansas,Nursing,,Registered Nurse,18f39740-a7c2-4215-a50c-8782c326d979
Ottawa University,USA,United States,Kansas,Nursing,"OU, OUKS, OUAZ",Registered Nurse,18f39740-a7c2-4215-a50c-8782c326d979
Pittsburg State University,USA,United States,Kansas,Nursing,,Registered Nurse,18f39740-a7c2-4215-a50c-8782c326d979
Southwestern College,USA,United States,Kansas,Nursing,SCKANS,Registered Nurse,18f39740-a7c2-4215-a50c-8782c326d979
Tabor College,USA,United States,Kansas,Nursing,,Registered Nurse,18f39740-a7c2-4215-a50c-8782c326d979
University of Kansas,USA,United States,Kansas,Nursing,UK,Registered Nurse,18f39740-a7c2-4215-a50c-8782c326d979
University of Saint Mary,USA,United States,Kansas,Nursing,,Registered Nurse,18f39740-a7c2-4215-a50c-8782c326d979
Washburn University of Topeka,USA,United States,Kansas,Nursing,,Registered Nurse,18f39740-a7c2-4215-a50c-8782c326d979
Wichita State University,USA,United States,Kansas,Nursing,,Registered Nurse,18f39740-a7c2-4215-a50c-8782c326d979
Wichita Technical College ,USA,United States,Kansas,Nursing,WSU,Registered Nurse,18f39740-a7c2-4215-a50c-8782c326d979
Beckfield College,USA,United States,Kentucky,Nursing,,Registered Nurse,18f39740-a7c2-4215-a50c-8782c326d979
Bellarmine University,USA,United States,Kentucky,Nursing,,Registered Nurse,18f39740-a7c2-4215-a50c-8782c326d979
Berea College,USA,United States,Kentucky,Nursing,,Registered Nurse,18f39740-a7c2-4215-a50c-8782c326d979
Eastern Kentucky University,USA,United States,Kentucky,Nursing,EKU,Registered Nurse,18f39740-a7c2-4215-a50c-8782c326d979
Galen College of Nursing,USA,United States,Kentucky,Nursing,,Registered Nurse,18f39740-a7c2-4215-a50c-8782c326d979
Kentucky Christian University,USA,United States,Kentucky,Nursing,KCU,Registered Nurse,18f39740-a7c2-4215-a50c-8782c326d979
Lindsey Wilson College,USA,United States,Kentucky,Nursing,,Registered Nurse,18f39740-a7c2-4215-a50c-8782c326d979
Morehead State University,USA,United States,Kentucky,Nursing,,Registered Nurse,18f39740-a7c2-4215-a50c-8782c326d979
Murray State University,USA,United States,Kentucky,Nursing,,Registered Nurse,18f39740-a7c2-4215-a50c-8782c326d979
Northern Kentucky University,USA,United States,Kentucky,Nursing,NKU,Registered Nurse,18f39740-a7c2-4215-a50c-8782c326d979
Spalding University,USA,United States,Kentucky,Nursing,,Registered Nurse,18f39740-a7c2-4215-a50c-8782c326d979
Sullivan University,USA,United States,Kentucky,Nursing,,Registered Nurse,18f39740-a7c2-4215-a50c-8782c326d979
Union College,USA,United States,Kentucky,Nursing,Union KY,Registered Nurse,18f39740-a7c2-4215-a50c-8782c326d979
University of Kentucky,USA,United States,Kentucky,Nursing,UKY,Registered Nurse,18f39740-a7c2-4215-a50c-8782c326d979
University of Louisville,USA,United States,Kentucky,Nursing,,Registered Nurse,18f39740-a7c2-4215-a50c-8782c326d979
University of the Cumberlands,USA,United States,Kentucky,Nursing,,Registered Nurse,18f39740-a7c2-4215-a50c-8782c326d979
Western Kentucky University,USA,United States,Kentucky,Nursing,WKU,Registered Nurse,18f39740-a7c2-4215-a50c-8782c326d979
Elizabethtown Community College,USA,United States,Kentucky,Nursing,ECTC,Registered Nurse,18f39740-a7c2-4215-a50c-8782c326d979
Intercollegiate Consortium for a Master of Science in Nursing,USA,United States,Louisiana,Nursing,ICMSN,Registered Nurse,18f39740-a7c2-4215-a50c-8782c326d979
Louisiana College,USA,United States,Louisiana,Nursing,,Registered Nurse,18f39740-a7c2-4215-a50c-8782c326d979
Louisiana State University Health Sciences Center,USA,United States,Louisiana,Nursing,LSU,Registered Nurse,18f39740-a7c2-4215-a50c-8782c326d979
Loyola University New Orleans,USA,United States,Louisiana,Nursing,,Registered Nurse,18f39740-a7c2-4215-a50c-8782c326d979
McNeese State University,USA,United States,Louisiana,Nursing,,Registered Nurse,18f39740-a7c2-4215-a50c-8782c326d979
Nicholls State University,USA,United States,Louisiana,Nursing,,Registered Nurse,18f39740-a7c2-4215-a50c-8782c326d979
Northwestern State University of Louisiana,USA,United States,Louisiana,Nursing,NSULA,Registered Nurse,18f39740-a7c2-4215-a50c-8782c326d979
Southeastern Louisiana University,USA,United States,Louisiana,Nursing,,Registered Nurse,18f39740-a7c2-4215-a50c-8782c326d979
Southern University and A&M College,USA,United States,Louisiana,Nursing,SUBR,Registered Nurse,18f39740-a7c2-4215-a50c-8782c326d979
The University of Louisiana at Lafayette,USA,United States,Louisiana,Nursing,,Registered Nurse,18f39740-a7c2-4215-a50c-8782c326d979
The University of Louisiana at Monroe,USA,United States,Louisiana,Nursing,,Registered Nurse,18f39740-a7c2-4215-a50c-8782c326d979
Husson University,USA,United States,Maine,Nursing,,Registered Nurse,18f39740-a7c2-4215-a50c-8782c326d979
Saint Joseph's College of Maine,USA,United States,Maine,Nursing,SJCME,Registered Nurse,18f39740-a7c2-4215-a50c-8782c326d979
University of Maine,USA,United States,Maine,Nursing,,Registered Nurse,18f39740-a7c2-4215-a50c-8782c326d979
University of Maine at Fort Kent,USA,United States,Maine,Nursing,UMFK,Registered Nurse,18f39740-a7c2-4215-a50c-8782c326d979
University of Southern Maine,USA,United States,Maine,Nursing,USM,Registered Nurse,18f39740-a7c2-4215-a50c-8782c326d979
Coppin State University,USA,United States,Maryland,Nursing,,Registered Nurse,18f39740-a7c2-4215-a50c-8782c326d979
Frostburg State University,USA,United States,Maryland,Nursing,,Registered Nurse,18f39740-a7c2-4215-a50c-8782c326d979
Hood College,USA,United States,Maryland,Nursing,,Registered Nurse,18f39740-a7c2-4215-a50c-8782c326d979
Johns Hopkins University,USA,United States,Maryland,Nursing,JHU,Registered Nurse,18f39740-a7c2-4215-a50c-8782c326d979
Morgan State University,USA,United States,Maryland,Nursing,,Registered Nurse,18f39740-a7c2-4215-a50c-8782c326d979
Salisbury University,USA,United States,Maryland,Nursing,,Registered Nurse,18f39740-a7c2-4215-a50c-8782c326d979
Stevenson University,USA,United States,Maryland,Nursing,,Registered Nurse,18f39740-a7c2-4215-a50c-8782c326d979
Towson University,USA,United States,Maryland,Nursing,,Registered Nurse,18f39740-a7c2-4215-a50c-8782c326d979
Uniformed Services University of the Health Sciences,USA,United States,Maryland,Nursing,USUHS,Registered Nurse,18f39740-a7c2-4215-a50c-8782c326d979
University of Maryland,USA,United States,Maryland,Nursing,UMD,Registered Nurse,18f39740-a7c2-4215-a50c-8782c326d979
University of Maryland University College,USA,United States,Maryland,Nursing,UMGC,Registered Nurse,18f39740-a7c2-4215-a50c-8782c326d979
Washington Adventist University,USA,United States,Maryland,Nursing,WAU,Registered Nurse,18f39740-a7c2-4215-a50c-8782c326d979
American International College,USA,United States,Massachusetts,Nursing,AIC,Registered Nurse,18f39740-a7c2-4215-a50c-8782c326d979
Boston College,USA,United States,Massachusetts,Nursing,BC,Registered Nurse,18f39740-a7c2-4215-a50c-8782c326d979
Curry College,USA,United States,Massachusetts,Nursing,,Registered Nurse,18f39740-a7c2-4215-a50c-8782c326d979
Elms College,USA,United States,Massachusetts,Nursing,,Registered Nurse,18f39740-a7c2-4215-a50c-8782c326d979
Emmanuel College Boston,USA,United States,Massachusetts,Nursing,,Registered Nurse,18f39740-a7c2-4215-a50c-8782c326d979
Fisher College,USA,United States,Massachusetts,Nursing,,Registered Nurse,18f39740-a7c2-4215-a50c-8782c326d979
Fitchburg State University,USA,United States,Massachusetts,Nursing,,Registered Nurse,18f39740-a7c2-4215-a50c-8782c326d979
Framingham State University,USA,United States,Massachusetts,Nursing,,Registered Nurse,18f39740-a7c2-4215-a50c-8782c326d979
Laboure College,USA,United States,Massachusetts,Nursing,,Registered Nurse,18f39740-a7c2-4215-a50c-8782c326d979
Massachusetts College of Pharmacy and Health Sciences ,USA,United States,Massachusetts,Nursing,MCPHS,Registered Nurse,18f39740-a7c2-4215-a50c-8782c326d979
MGH Institute of Health Professions,USA,United States,Massachusetts,Nursing,,Registered Nurse,18f39740-a7c2-4215-a50c-8782c326d979
Northeastern University,USA,United States,Massachusetts,Nursing,,Registered Nurse,18f39740-a7c2-4215-a50c-8782c326d979
Salem State University,USA,United States,Massachusetts,Nursing,,Registered Nurse,18f39740-a7c2-4215-a50c-8782c326d979
Simmons College,USA,United States,Massachusetts,Nursing,,Registered Nurse,18f39740-a7c2-4215-a50c-8782c326d979
University of Massachusetts - Amherst,USA,United States,Massachusetts,Nursing,UMass,Registered Nurse,18f39740-a7c2-4215-a50c-8782c326d979
University of Massachusetts - Boston,USA,United States,Massachusetts,Nursing,UMass,Registered Nurse,18f39740-a7c2-4215-a50c-8782c326d979
University of Massachusetts - Dartmouth,USA,United States,Massachusetts,Nursing,UMass,Registered Nurse,18f39740-a7c2-4215-a50c-8782c326d979
University of Massachusetts - Lowell,USA,United States,Massachusetts,Nursing,UMass,Registered Nurse,18f39740-a7c2-4215-a50c-8782c326d979
University of Massachusetts Medical School,USA,United States,Massachusetts,Nursing,UMass,Registered Nurse,18f39740-a7c2-4215-a50c-8782c326d979
Westfield State University,USA,United States,Massachusetts,Nursing,,Registered Nurse,18f39740-a7c2-4215-a50c-8782c326d979
Worcester State University,USA,United States,Massachusetts,Nursing,,Registered Nurse,18f39740-a7c2-4215-a50c-8782c326d979
Baker College,USA,United States,Michigan,Nursing,,Registered Nurse,18f39740-a7c2-4215-a50c-8782c326d979
Calvin College,USA,United States,Michigan,Nursing,,Registered Nurse,18f39740-a7c2-4215-a50c-8782c326d979
Davenport University,USA,United States,Michigan,Nursing,,Registered Nurse,18f39740-a7c2-4215-a50c-8782c326d979
Dorsey Schools - Saginaw Campus,USA,United States,Michigan,Nursing,,Registered Nurse,18f39740-a7c2-4215-a50c-8782c326d979
Eastern Michigan University,USA,United States,Michigan,Nursing,EMich,Registered Nurse,18f39740-a7c2-4215-a50c-8782c326d979
Finlandia University,USA,United States,Michigan,Nursing,,Registered Nurse,18f39740-a7c2-4215-a50c-8782c326d979
Grand Valley State University,USA,United States,Michigan,Nursing,GVSU,Registered Nurse,18f39740-a7c2-4215-a50c-8782c326d979
Hope College,USA,United States,Michigan,Nursing,,Registered Nurse,18f39740-a7c2-4215-a50c-8782c326d979
Lake Superior State University,USA,United States,Michigan,Nursing,LSSU,Registered Nurse,18f39740-a7c2-4215-a50c-8782c326d979
Madonna University,USA,United States,Michigan,Nursing,,Registered Nurse,18f39740-a7c2-4215-a50c-8782c326d979
Michigan State University,USA,United States,Michigan,Nursing,MSU,Registered Nurse,18f39740-a7c2-4215-a50c-8782c326d979
Northern Michigan University,USA,United States,Michigan,Nursing,NMU,Registered Nurse,18f39740-a7c2-4215-a50c-8782c326d979
Oakland University,USA,United States,Michigan,Nursing,,Registered Nurse,18f39740-a7c2-4215-a50c-8782c326d979
Rochester College,USA,United States,Michigan,Nursing,,Registered Nurse,18f39740-a7c2-4215-a50c-8782c326d979
Saginaw Valley State University,USA,United States,Michigan,Nursing,SVSU,Registered Nurse,18f39740-a7c2-4215-a50c-8782c326d979
Siena Heights University,USA,United States,Michigan,Nursing,,Registered Nurse,18f39740-a7c2-4215-a50c-8782c326d979
Spring Arbor University,USA,United States,Michigan,Nursing,SAU,Registered Nurse,18f39740-a7c2-4215-a50c-8782c326d979
University of Detroit Mercy,USA,United States,Michigan,Nursing,,Registered Nurse,18f39740-a7c2-4215-a50c-8782c326d979
University of Michigan - Ann Arbor,USA,United States,Michigan,Nursing,UMich,Registered Nurse,18f39740-a7c2-4215-a50c-8782c326d979
University of Michigan - Flint,USA,United States,Michigan,Nursing,,Registered Nurse,18f39740-a7c2-4215-a50c-8782c326d979
Wayne State University,USA,United States,Michigan,Nursing,,Registered Nurse,18f39740-a7c2-4215-a50c-8782c326d979
Western Michigan University,USA,United States,Michigan,Nursing,WMU,Registered Nurse,18f39740-a7c2-4215-a50c-8782c326d979
Augsburg College,USA,United States,Minnesota,Nursing,,Registered Nurse,18f39740-a7c2-4215-a50c-8782c326d979
Bemidji State University,USA,United States,Minnesota,Nursing,,Registered Nurse,18f39740-a7c2-4215-a50c-8782c326d979
Bethel University - Minnesota,USA,United States,Minnesota,Nursing,,Registered Nurse,18f39740-a7c2-4215-a50c-8782c326d979
Capella University,USA,United States,Minnesota,Nursing,,Registered Nurse,18f39740-a7c2-4215-a50c-8782c326d979
College of Saint Benedict,USA,United States,Minnesota,Nursing,,Registered Nurse,18f39740-a7c2-4215-a50c-8782c326d979
College of Saint Benedict and Saint John's University,USA,United States,Minnesota,Nursing,CSBSJU,Registered Nurse,18f39740-a7c2-4215-a50c-8782c326d979
The College of St. Scholastica,USA,United States,Minnesota,Nursing,CSS,Registered Nurse,18f39740-a7c2-4215-a50c-8782c326d979
Concordia College - Moorhead,USA,United States,Minnesota,Nursing,,Registered Nurse,18f39740-a7c2-4215-a50c-8782c326d979
Concordia University Saint Paul,USA,United States,Minnesota,Nursing,CSP,Registered Nurse,18f39740-a7c2-4215-a50c-8782c326d979
Crown College,USA,United States,Minnesota,Nursing,,Registered Nurse,18f39740-a7c2-4215-a50c-8782c326d979
Globe University and Minnesota School of Business,USA,United States,Minnesota,Nursing,,Registered Nurse,18f39740-a7c2-4215-a50c-8782c326d979
Gustavus Adolphus College,USA,United States,Minnesota,Nursing,,Registered Nurse,18f39740-a7c2-4215-a50c-8782c326d979
Herzing University - Minneapolis,USA,United States,Minnesota,Nursing,,Registered Nurse,18f39740-a7c2-4215-a50c-8782c326d979
Metropolitan State University,USA,United States,Minnesota,Nursing,,Registered Nurse,18f39740-a7c2-4215-a50c-8782c326d979
Minnesota State University Mankato,USA,United States,Minnesota,Nursing,,Registered Nurse,18f39740-a7c2-4215-a50c-8782c326d979
Minnesota State University Moorhead,USA,United States,Minnesota,Nursing,MSUM,Registered Nurse,18f39740-a7c2-4215-a50c-8782c326d979
Minnesota State Community and Technical College,USA,United States,Minnesota,Nursing,,Registered Nurse,18f39740-a7c2-4215-a50c-8782c326d979
Rasmussen College,USA,United States,Minnesota,Nursing,,Registered Nurse,18f39740-a7c2-4215-a50c-8782c326d979
Saint John's University,USA,United States,Minnesota,Nursing,CSBSJU,Registered Nurse,18f39740-a7c2-4215-a50c-8782c326d979
Saint Mary's University of Minnesota,USA,United States,Minnesota,Nursing,,Registered Nurse,18f39740-a7c2-4215-a50c-8782c326d979
Southwest Minnesota State University,USA,United States,Minnesota,Nursing,SMSU,Registered Nurse,18f39740-a7c2-4215-a50c-8782c326d979
St. Catherine University,USA,United States,Minnesota,Nursing,,Registered Nurse,18f39740-a7c2-4215-a50c-8782c326d979
St. Cloud State University,USA,United States,Minnesota,Nursing,,Registered Nurse,18f39740-a7c2-4215-a50c-8782c326d979
St. Olaf College,USA,United States,Minnesota,Nursing,,Registered Nurse,18f39740-a7c2-4215-a50c-8782c326d979
University of Minnesota,USA,United States,Minnesota,Nursing,,Registered Nurse,18f39740-a7c2-4215-a50c-8782c326d979
University of Northwestern - St. Paul,USA,United States,Minnesota,Nursing,UNWSP,Registered Nurse,18f39740-a7c2-4215-a50c-8782c326d979
Walden University,USA,United States,Minnesota,Nursing,,Registered Nurse,18f39740-a7c2-4215-a50c-8782c326d979
Winona State University,USA,United States,Minnesota,Nursing,,Registered Nurse,18f39740-a7c2-4215-a50c-8782c326d979
Belhaven University,USA,United States,Mississippi,Nursing,,Registered Nurse,18f39740-a7c2-4215-a50c-8782c326d979
Delta State University,USA,United States,Mississippi,Nursing,,Registered Nurse,18f39740-a7c2-4215-a50c-8782c326d979
Mississippi College,USA,United States,Mississippi,Nursing,MC,Registered Nurse,18f39740-a7c2-4215-a50c-8782c326d979
Mississippi University of Women,USA,United States,Mississippi,Nursing,MUW,Registered Nurse,18f39740-a7c2-4215-a50c-8782c326d979
University of Mississippi Medical Center,USA,United States,Mississippi,Nursing,UMC,Registered Nurse,18f39740-a7c2-4215-a50c-8782c326d979
The University of Southern Mississippi,USA,United States,Mississippi,Nursing,USM,Registered Nurse,18f39740-a7c2-4215-a50c-8782c326d979
William Carey University,USA,United States,Mississippi,Nursing,,Registered Nurse,18f39740-a7c2-4215-a50c-8782c326d979
Avila University,USA,United States,Mississippi,Nursing,,Registered Nurse,18f39740-a7c2-4215-a50c-8782c326d979
Barnes-Jewish College,USA,United States,Missouri,Nursing,,Registered Nurse,18f39740-a7c2-4215-a50c-8782c326d979
Central Methodist University,USA,United States,Missouri,Nursing,CMU,Registered Nurse,18f39740-a7c2-4215-a50c-8782c326d979
College of the Ozarks,USA,United States,Missouri,Nursing,,Registered Nurse,18f39740-a7c2-4215-a50c-8782c326d979
Columbia College,USA,United States,Missouri,Nursing,CCIS,Registered Nurse,18f39740-a7c2-4215-a50c-8782c326d979
Cox College,USA,United States,Missouri,Nursing,,Registered Nurse,18f39740-a7c2-4215-a50c-8782c326d979
Graceland University,USA,United States,Missouri,Nursing,,Registered Nurse,18f39740-a7c2-4215-a50c-8782c326d979
Hannibal-LaGrange University,USA,United States,Missouri,Nursing,HLG,Registered Nurse,18f39740-a7c2-4215-a50c-8782c326d979
Lindenwood University,USA,United States,Missouri,Nursing,,Registered Nurse,18f39740-a7c2-4215-a50c-8782c326d979
Maryville University of St. Louis,USA,United States,Missouri,Nursing,,Registered Nurse,18f39740-a7c2-4215-a50c-8782c326d979
Missouri State University,USA,United States,Missouri,Nursing,,Registered Nurse,18f39740-a7c2-4215-a50c-8782c326d979
Missouri Valley College,USA,United States,Missouri,Nursing,,Registered Nurse,18f39740-a7c2-4215-a50c-8782c326d979
Missouri Western State University,USA,United States,Missouri,Nursing,,Registered Nurse,18f39740-a7c2-4215-a50c-8782c326d979
Research College of Nursing,USA,United States,Missouri,Nursing,,Registered Nurse,18f39740-a7c2-4215-a50c-8782c326d979
Saint Louis University,USA,United States,Missouri,Nursing,SLU,Registered Nurse,18f39740-a7c2-4215-a50c-8782c326d979
Saint Luke's College of Health Sciences,USA,United States,Missouri,Nursing,,Registered Nurse,18f39740-a7c2-4215-a50c-8782c326d979
Southeast Missouri State University,USA,United States,Missouri,Nursing,SEMO,Registered Nurse,18f39740-a7c2-4215-a50c-8782c326d979
Truman State University,USA,United States,Missouri,Nursing,,Registered Nurse,18f39740-a7c2-4215-a50c-8782c326d979
University of Central Missouri,USA,United States,Missouri,Nursing,UCM,Registered Nurse,18f39740-a7c2-4215-a50c-8782c326d979
University of Central Missouri - Columbia,USA,United States,Missouri,Nursing,,Registered Nurse,18f39740-a7c2-4215-a50c-8782c326d979
University of Central Missouri - Kansas City,USA,United States,Missouri,Nursing,,Registered Nurse,18f39740-a7c2-4215-a50c-8782c326d979
University of Central Missouri - St. Louis,USA,United States,Missouri,Nursing,,Registered Nurse,18f39740-a7c2-4215-a50c-8782c326d979
William Jewell College,USA,United States,Missouri,Nursing,,Registered Nurse,18f39740-a7c2-4215-a50c-8782c326d979
Cass Career Center,USA,United States,Missouri,Nursing,,Registered Nurse,18f39740-a7c2-4215-a50c-8782c326d979
Carroll College - Montana,USA,United States,Montana,Nursing,,Registered Nurse,18f39740-a7c2-4215-a50c-8782c326d979
Montana State University,USA,United States,Montana,Nursing,MSU,Registered Nurse,18f39740-a7c2-4215-a50c-8782c326d979
Montana Tech of the University of Montana,USA,United States,Montana,Nursing,,Registered Nurse,18f39740-a7c2-4215-a50c-8782c326d979
University of Great Falls,USA,United States,Montana,Nursing,,Registered Nurse,18f39740-a7c2-4215-a50c-8782c326d979
Concordia University Nebraska,USA,United States,Nebraska,Nursing,CUNE,Registered Nurse,18f39740-a7c2-4215-a50c-8782c326d979
Creighton University,USA,United States,Nebraska,Nursing,,Registered Nurse,18f39740-a7c2-4215-a50c-8782c326d979
Doane University,USA,United States,Nebraska,Nursing,,Registered Nurse,18f39740-a7c2-4215-a50c-8782c326d979
Nebraska Methodist College,USA,United States,Nebraska,Nursing,,Registered Nurse,18f39740-a7c2-4215-a50c-8782c326d979
Nebraska Wesleyan University,USA,United States,Nebraska,Nursing,,Registered Nurse,18f39740-a7c2-4215-a50c-8782c326d979
Union College - Nebraska,USA,United States,Nebraska,Nursing,,Registered Nurse,18f39740-a7c2-4215-a50c-8782c326d979
University of Nebraska Medical Center,USA,United States,Nebraska,Nursing,UNMC,Registered Nurse,18f39740-a7c2-4215-a50c-8782c326d979
Nevada State College,USA,United States,Nevada,Nursing,,Registered Nurse,18f39740-a7c2-4215-a50c-8782c326d979
Touro University Nevada,USA,United States,Nevada,Nursing,NSC,Registered Nurse,18f39740-a7c2-4215-a50c-8782c326d979
University of Nevada Doctor of Nursing Practice Program,USA,United States,Nevada,Nursing,,Registered Nurse,18f39740-a7c2-4215-a50c-8782c326d979
"University of Neveda, Las Vegas",USA,United States,Nevada,Nursing,UNLV,Registered Nurse,18f39740-a7c2-4215-a50c-8782c326d979
University of Nevada - Reno,USA,United States,Nevada,Nursing,UNR,Registered Nurse,18f39740-a7c2-4215-a50c-8782c326d979
Colby-Sawyer College,USA,United States,New Hampshire,Nursing,,Registered Nurse,18f39740-a7c2-4215-a50c-8782c326d979
Granite State College,USA,United States,New Hampshire,Nursing,,Registered Nurse,18f39740-a7c2-4215-a50c-8782c326d979
Keene State College,USA,United States,New Hampshire,Nursing,,Registered Nurse,18f39740-a7c2-4215-a50c-8782c326d979
Plymouth State University,USA,United States,New Hampshire,Nursing,,Registered Nurse,18f39740-a7c2-4215-a50c-8782c326d979
Saint Anselm College,USA,United States,New Hampshire,Nursing,,Registered Nurse,18f39740-a7c2-4215-a50c-8782c326d979
Southern New Hampshire University,USA,United States,New Hampshire,Nursing,SNHU,Registered Nurse,18f39740-a7c2-4215-a50c-8782c326d979
University of New Hampshire,USA,United States,New Hampshire,Nursing,UNH,Registered Nurse,18f39740-a7c2-4215-a50c-8782c326d979
Bloomfield College,USA,United States,New Jersey,Nursing,,Registered Nurse,18f39740-a7c2-4215-a50c-8782c326d979
Caldwell University,USA,United States,New Jersey,Nursing,,Registered Nurse,18f39740-a7c2-4215-a50c-8782c326d979
The College of New Jersey,USA,United States,New Jersey,Nursing,,Registered Nurse,18f39740-a7c2-4215-a50c-8782c326d979
Fairleigh Dickinson University,USA,United States,New Jersey,Nursing,FDU,Registered Nurse,18f39740-a7c2-4215-a50c-8782c326d979
Felician University,USA,United States,New Jersey,Nursing,,Registered Nurse,18f39740-a7c2-4215-a50c-8782c326d979
Georgian Court University,USA,United States,New Jersey,Nursing,,Registered Nurse,18f39740-a7c2-4215-a50c-8782c326d979
Monmouth University,USA,United States,New Jersey,Nursing,,Registered Nurse,18f39740-a7c2-4215-a50c-8782c326d979
Rider University,USA,United States,New Jersey,Nursing,,Registered Nurse,18f39740-a7c2-4215-a50c-8782c326d979
Rowan University,USA,United States,New Jersey,Nursing,,Registered Nurse,18f39740-a7c2-4215-a50c-8782c326d979
Rutgers University - Camden ,USA,United States,New Jersey,Nursing,,Registered Nurse,18f39740-a7c2-4215-a50c-8782c326d979
Rutgers University - Newark,USA,United States,New Jersey,Nursing,,Registered Nurse,18f39740-a7c2-4215-a50c-8782c326d979
Saint Peter's University,USA,United States,New Jersey,Nursing,,Registered Nurse,18f39740-a7c2-4215-a50c-8782c326d979
Seton Hall University,USA,United States,New Jersey,Nursing,SHU,Registered Nurse,18f39740-a7c2-4215-a50c-8782c326d979
Stockton University,USA,United States,New Jersey,Nursing,,Registered Nurse,18f39740-a7c2-4215-a50c-8782c326d979
Thomas Edison State University,USA,United States,New Jersey,Nursing,TESU,Registered Nurse,18f39740-a7c2-4215-a50c-8782c326d979
William Paterson University of New Jersey,USA,United States,New Jersey,Nursing,WPUNJ,Registered Nurse,18f39740-a7c2-4215-a50c-8782c326d979
New Mexico Highlands University,USA,United States,New Mexico,Nursing,,Registered Nurse,18f39740-a7c2-4215-a50c-8782c326d979
New Mexico State University,USA,United States,New Mexico,Nursing,NMSU,Registered Nurse,18f39740-a7c2-4215-a50c-8782c326d979
Northern New Mexico College,USA,United States,New Mexico,Nursing,,Registered Nurse,18f39740-a7c2-4215-a50c-8782c326d979
University of New Mexico,USA,United States,New Mexico,Nursing,UNM,Registered Nurse,18f39740-a7c2-4215-a50c-8782c326d979
Western New Mexico University,USA,United States,New Mexico,Nursing,WNMU,Registered Nurse,18f39740-a7c2-4215-a50c-8782c326d979
Adelphi University,USA,United States,New York,Nursing,,Registered Nurse,18f39740-a7c2-4215-a50c-8782c326d979
Alfred State College SUNY College of Technology,USA,United States,New York,Nursing,,Registered Nurse,18f39740-a7c2-4215-a50c-8782c326d979
American University of Beirut - NY Office,USA,United States,New York,Nursing,AUB,Registered Nurse,18f39740-a7c2-4215-a50c-8782c326d979
Binghamton University,USA,United States,New York,Nursing,,Registered Nurse,18f39740-a7c2-4215-a50c-8782c326d979
The College at Brockport,USA,United States,New York,Nursing,,Registered Nurse,18f39740-a7c2-4215-a50c-8782c326d979
College of Mount Saint Vincent,USA,United States,New York,Nursing,,Registered Nurse,18f39740-a7c2-4215-a50c-8782c326d979
College of New Rochelle,USA,United States,New York,Nursing,CNR,Registered Nurse,18f39740-a7c2-4215-a50c-8782c326d979
Columbia University,USA,United States,New York,Nursing,,Registered Nurse,18f39740-a7c2-4215-a50c-8782c326d979
Concordia College New York,USA,United States,New York,Nursing,,Registered Nurse,18f39740-a7c2-4215-a50c-8782c326d979
CUNY School of Professional Studies,USA,United States,New York,Nursing,,Registered Nurse,18f39740-a7c2-4215-a50c-8782c326d979
Dominican College of Blauvelt,USA,United States,New York,Nursing,,Registered Nurse,18f39740-a7c2-4215-a50c-8782c326d979
D'Youville College,USA,United States,New York,Nursing,DYC,Registered Nurse,18f39740-a7c2-4215-a50c-8782c326d979
Farmingdale State College,USA,United States,New York,Nursing,,Registered Nurse,18f39740-a7c2-4215-a50c-8782c326d979
Hartwick College,USA,United States,New York,Nursing,,Registered Nurse,18f39740-a7c2-4215-a50c-8782c326d979
Helene Fuld College of Nursing,USA,United States,New York,Nursing,,Registered Nurse,18f39740-a7c2-4215-a50c-8782c326d979
Hunter College of the City University of New York,USA,United States,New York,Nursing,,Registered Nurse,18f39740-a7c2-4215-a50c-8782c326d979
Keuka College,USA,United States,New York,Nursing,,Registered Nurse,18f39740-a7c2-4215-a50c-8782c326d979
Le Moyne College,USA,United States,New York,Nursing,,Registered Nurse,18f39740-a7c2-4215-a50c-8782c326d979
Lebanese American University - New York,USA,United States,New York,Nursing,LAU,Registered Nurse,18f39740-a7c2-4215-a50c-8782c326d979
Lehman College CUNY,USA,United States,New York,Nursing,,Registered Nurse,18f39740-a7c2-4215-a50c-8782c326d979
Long Island University - Brooklyn,USA,United States,New York,Nursing,,Registered Nurse,18f39740-a7c2-4215-a50c-8782c326d979
Long Island University - C. W. Post ,USA,United States,New York,Nursing,LIU,Registered Nurse,18f39740-a7c2-4215-a50c-8782c326d979
Mercy College,USA,United States,New York,Nursing,,Registered Nurse,18f39740-a7c2-4215-a50c-8782c326d979
Molloy College,USA,United States,New York,Nursing,,Registered Nurse,18f39740-a7c2-4215-a50c-8782c326d979
Monroe College,USA,United States,New York,Nursing,,Registered Nurse,18f39740-a7c2-4215-a50c-8782c326d979
Mount Saint Mary College,USA,United States,New York,Nursing,MSMC,Registered Nurse,18f39740-a7c2-4215-a50c-8782c326d979
Nazareth College,USA,United States,New York,Nursing,,Registered Nurse,18f39740-a7c2-4215-a50c-8782c326d979
New York Institute of Technology,USA,United States,New York,Nursing,NYIT,Registered Nurse,18f39740-a7c2-4215-a50c-8782c326d979
New York University,USA,United States,New York,Nursing,NYU,Registered Nurse,18f39740-a7c2-4215-a50c-8782c326d979
Niagara University,USA,United States,New York,Nursing,,Registered Nurse,18f39740-a7c2-4215-a50c-8782c326d979
Nyack College,USA,United States,New York,Nursing,,Registered Nurse,18f39740-a7c2-4215-a50c-8782c326d979
Pace University,USA,United States,New York,Nursing,,Registered Nurse,18f39740-a7c2-4215-a50c-8782c326d979
Phillips School of Nursing at Mount Sinai Beth Israel,USA,United States,New York,Nursing,,Registered Nurse,18f39740-a7c2-4215-a50c-8782c326d979
Plattsburgh State University of New York,USA,United States,New York,Nursing,,Registered Nurse,18f39740-a7c2-4215-a50c-8782c326d979
Roberts Wesleyan College,USA,United States,New York,Nursing,,Registered Nurse,18f39740-a7c2-4215-a50c-8782c326d979
The Sage Colleges,USA,United States,New York,Nursing,,Registered Nurse,18f39740-a7c2-4215-a50c-8782c326d979
St. Francis College,USA,United States,New York,Nursing,SFC,Registered Nurse,18f39740-a7c2-4215-a50c-8782c326d979
St. John Fisher College,USA,United States,New York,Nursing,,Registered Nurse,18f39740-a7c2-4215-a50c-8782c326d979
St. Paul's School of Nursing,USA,United States,New York,Nursing,,Registered Nurse,18f39740-a7c2-4215-a50c-8782c326d979
SUNY Downstate Medical Center,USA,United States,New York,Nursing,SUNY,Registered Nurse,18f39740-a7c2-4215-a50c-8782c326d979
SUNY Empire State College,USA,United States,New York,Nursing,SUNY,Registered Nurse,18f39740-a7c2-4215-a50c-8782c326d979
SUNY Polytechnic Institute - Rome,USA,United States,New York,Nursing,SUNY Poly,Registered Nurse,18f39740-a7c2-4215-a50c-8782c326d979
SUNY Upstate Medical University,USA,United States,New York,Nursing,SUNY,Registered Nurse,18f39740-a7c2-4215-a50c-8782c326d979
Stony Brook University,USA,United States,New York,Nursing,,Registered Nurse,18f39740-a7c2-4215-a50c-8782c326d979
Touro College,USA,United States,New York,Nursing,,Registered Nurse,18f39740-a7c2-4215-a50c-8782c326d979
University at Buffalo SUNY,USA,United States,New York,Nursing,,Registered Nurse,18f39740-a7c2-4215-a50c-8782c326d979
University of Rochester,USA,United States,New York,Nursing,,Registered Nurse,18f39740-a7c2-4215-a50c-8782c326d979
Utica College,USA,United States,New York,Nursing,,Registered Nurse,18f39740-a7c2-4215-a50c-8782c326d979
Molloy University,USA,United States,New York,Nursing,,Registered Nurse,18f39740-a7c2-4215-a50c-8782c326d979
Asheville-Buncombe Technical Community College,USA,United States,North Carolina,Nursing,,Registered Nurse,18f39740-a7c2-4215-a50c-8782c326d979
Appalachian State University,USA,United States,North Carolina,Nursing,,Registered Nurse,18f39740-a7c2-4215-a50c-8782c326d979
Barton College,USA,United States,North Carolina,Nursing,,Registered Nurse,18f39740-a7c2-4215-a50c-8782c326d979
Cabarrus College of Health Sciences,USA,United States,North Carolina,Nursing,,Registered Nurse,18f39740-a7c2-4215-a50c-8782c326d979
Duke University,USA,United States,North Carolina,Nursing,,Registered Nurse,18f39740-a7c2-4215-a50c-8782c326d979
East Carolina University,USA,United States,North Carolina,Nursing,ECU,Registered Nurse,18f39740-a7c2-4215-a50c-8782c326d979
Fayetteville State University,USA,United States,North Carolina,Nursing,UNCFSU,Registered Nurse,18f39740-a7c2-4215-a50c-8782c326d979
Lees-McRae College,USA,United States,North Carolina,Nursing,,Registered Nurse,18f39740-a7c2-4215-a50c-8782c326d979
Lenoir-Rhyne University,USA,United States,North Carolina,Nursing,LR,Registered Nurse,18f39740-a7c2-4215-a50c-8782c326d979
Methodist University,USA,United States,North Carolina,Nursing,,Registered Nurse,18f39740-a7c2-4215-a50c-8782c326d979
Pfeiffer University,USA,United States,North Carolina,Nursing,,Registered Nurse,18f39740-a7c2-4215-a50c-8782c326d979
Queens University of Charlotte,USA,United States,North Carolina,Nursing,,Registered Nurse,18f39740-a7c2-4215-a50c-8782c326d979
South Piedmont Community College,USA,United States,North Carolina,Nursing,SPCC,Registered Nurse,18f39740-a7c2-4215-a50c-8782c326d979
University of North Carolina Charlotte - Western Carolina University Dual DNP Program,USA,United States,North Carolina,Nursing,UNC/WCU,Registered Nurse,18f39740-a7c2-4215-a50c-8782c326d979
University of Mount Olive,USA,United States,North Carolina,Nursing,UMO,Registered Nurse,18f39740-a7c2-4215-a50c-8782c326d979
University of North Carolina at Chapel Hill,USA,United States,North Carolina,Nursing,UNC,Registered Nurse,18f39740-a7c2-4215-a50c-8782c326d979
The University of North Carolina at Charlotte,USA,United States,North Carolina,Nursing,,Registered Nurse,18f39740-a7c2-4215-a50c-8782c326d979
University of North Carolina at Greensboro,USA,United States,North Carolina,Nursing,UNCG,Registered Nurse,18f39740-a7c2-4215-a50c-8782c326d979
University of North Carolina at Pembroke,USA,United States,North Carolina,Nursing,UNCP,Registered Nurse,18f39740-a7c2-4215-a50c-8782c326d979
University of North Carolina at Wilmington,USA,United States,North Carolina,Nursing,UNCW,Registered Nurse,18f39740-a7c2-4215-a50c-8782c326d979
Western Carolina University - Cullowhee,USA,United States,North Carolina,Nursing,WCU,Registered Nurse,18f39740-a7c2-4215-a50c-8782c326d979
Winston-Salem State University,USA,United States,North Carolina,Nursing,,Registered Nurse,18f39740-a7c2-4215-a50c-8782c326d979
Mayville State University,USA,United States,North Dakota,Nursing,,Registered Nurse,18f39740-a7c2-4215-a50c-8782c326d979
North Dakota State University,USA,United States,North Dakota,Nursing,NDSU,Registered Nurse,18f39740-a7c2-4215-a50c-8782c326d979
University of Mary,USA,United States,North Dakota,Nursing,,Registered Nurse,18f39740-a7c2-4215-a50c-8782c326d979
University of North Dakota,USA,United States,North Dakota,Nursing,UND,Registered Nurse,18f39740-a7c2-4215-a50c-8782c326d979
Ashland University,USA,United States,Ohio,Nursing,,Registered Nurse,18f39740-a7c2-4215-a50c-8782c326d979
Aultman College of Nursing and Health Sciences,USA,United States,Ohio,Nursing,,Registered Nurse,18f39740-a7c2-4215-a50c-8782c326d979
Baldwin Wallace University,USA,United States,Ohio,Nursing,,Registered Nurse,18f39740-a7c2-4215-a50c-8782c326d979
Bowling Green State University,USA,United States,Ohio,Nursing,BGSU,Registered Nurse,18f39740-a7c2-4215-a50c-8782c326d979
Bryant & Stratton College - Parma,USA,United States,Ohio,Nursing,,Registered Nurse,18f39740-a7c2-4215-a50c-8782c326d979
Capital University,USA,United States,Ohio,Nursing,,Registered Nurse,18f39740-a7c2-4215-a50c-8782c326d979
Case Western Reserve University,USA,United States,Ohio,Nursing,,Registered Nurse,18f39740-a7c2-4215-a50c-8782c326d979
Cedarville University,USA,United States,Ohio,Nursing,,Registered Nurse,18f39740-a7c2-4215-a50c-8782c326d979
The Christ College of Nursing and Health Science,USA,United States,Ohio,Nursing,,Registered Nurse,18f39740-a7c2-4215-a50c-8782c326d979
Cleveland State University,USA,United States,Ohio,Nursing,CSUOhio,Registered Nurse,18f39740-a7c2-4215-a50c-8782c326d979
Defiance College,USA,United States,Ohio,Nursing,,Registered Nurse,18f39740-a7c2-4215-a50c-8782c326d979
Fortis College,USA,United States,Ohio,Nursing,,Registered Nurse,18f39740-a7c2-4215-a50c-8782c326d979
Franciscan University of Steubenville,USA,United States,Ohio,Nursing,,Registered Nurse,18f39740-a7c2-4215-a50c-8782c326d979
Franklin University,USA,United States,Ohio,Nursing,,Registered Nurse,18f39740-a7c2-4215-a50c-8782c326d979
Hiram College,USA,United States,Ohio,Nursing,,Registered Nurse,18f39740-a7c2-4215-a50c-8782c326d979
Hondros College of Nursing,USA,United States,Ohio,Nursing,,Registered Nurse,18f39740-a7c2-4215-a50c-8782c326d979
Lourdes University,USA,United States,Ohio,Nursing,,Registered Nurse,18f39740-a7c2-4215-a50c-8782c326d979
Malone University,USA,United States,Ohio,Nursing,,Registered Nurse,18f39740-a7c2-4215-a50c-8782c326d979
Mercy College of Ohio,USA,United States,Ohio,Nursing,,Registered Nurse,18f39740-a7c2-4215-a50c-8782c326d979
Miami University,USA,United States,Ohio,Nursing,,Registered Nurse,18f39740-a7c2-4215-a50c-8782c326d979
Miami Valley Career Technology Center,USA,United States,Ohio,Nursing,MVCTC,Registered Nurse,18f39740-a7c2-4215-a50c-8782c326d979
Mount Carmel College of Nursing,USA,United States,Ohio,Nursing,MCCN,Registered Nurse,18f39740-a7c2-4215-a50c-8782c326d979
Mount St. Joseph University,USA,United States,Ohio,Nursing,MSJ,Registered Nurse,18f39740-a7c2-4215-a50c-8782c326d979
Mount Vernon Nazarene University,USA,United States,Ohio,Nursing,MVNU,Registered Nurse,18f39740-a7c2-4215-a50c-8782c326d979
Muskingum University,USA,United States,Ohio,Nursing,,Registered Nurse,18f39740-a7c2-4215-a50c-8782c326d979
Notre Dame University,USA,United States,Ohio,Nursing,ND,Registered Nurse,18f39740-a7c2-4215-a50c-8782c326d979
Ohio Christian University,USA,United States,Ohio,Nursing,OCU,Registered Nurse,18f39740-a7c2-4215-a50c-8782c326d979
Ohio Northern University,USA,United States,Ohio,Nursing,ONH,Registered Nurse,18f39740-a7c2-4215-a50c-8782c326d979
The Ohio State University,USA,United States,Ohio,Nursing,Ohio State / OSU,Registered Nurse,18f39740-a7c2-4215-a50c-8782c326d979
Ohio University,USA,United States,Ohio,Nursing,,Registered Nurse,18f39740-a7c2-4215-a50c-8782c326d979
Otterbein University,USA,United States,Ohio,Nursing,,Registered Nurse,18f39740-a7c2-4215-a50c-8782c326d979
The University of Akron,USA,United States,Ohio,Nursing,,Registered Nurse,18f39740-a7c2-4215-a50c-8782c326d979
University of Cincinnati,USA,United States,Ohio,Nursing,UC,Registered Nurse,18f39740-a7c2-4215-a50c-8782c326d979
University of Mount Union,USA,United States,Ohio,Nursing,,Registered Nurse,18f39740-a7c2-4215-a50c-8782c326d979
University of Toledo,USA,United States,Ohio,Nursing,,Registered Nurse,18f39740-a7c2-4215-a50c-8782c326d979
University of Toledo Consortium,USA,United States,Ohio,Nursing,,Registered Nurse,18f39740-a7c2-4215-a50c-8782c326d979
Urbana University,USA,United States,Ohio,Nursing,,Registered Nurse,18f39740-a7c2-4215-a50c-8782c326d979
Ursuline College,USA,United States,Ohio,Nursing,,Registered Nurse,18f39740-a7c2-4215-a50c-8782c326d979
Walsh University,USA,United States,Ohio,Nursing,,Registered Nurse,18f39740-a7c2-4215-a50c-8782c326d979
Wittenberg University,USA,United States,Ohio,Nursing,,Registered Nurse,18f39740-a7c2-4215-a50c-8782c326d979
Wright State University,USA,United States,Ohio,Nursing,,Registered Nurse,18f39740-a7c2-4215-a50c-8782c326d979
Wright State University - University of Toledo DNP Program Consortium,USA,United States,Ohio,Nursing,,Registered Nurse,18f39740-a7c2-4215-a50c-8782c326d979
Xavier University,USA,United States,Ohio,Nursing,,Registered Nurse,18f39740-a7c2-4215-a50c-8782c326d979
Bacone College,USA,United States,Oklahoma,Nursing,,Registered Nurse,18f39740-a7c2-4215-a50c-8782c326d979
Oklahoma Baptist University,USA,United States,Oklahoma,Nursing,OBU,Registered Nurse,18f39740-a7c2-4215-a50c-8782c326d979
Oklahoma Christian University,USA,United States,Oklahoma,Nursing,OC,Registered Nurse,18f39740-a7c2-4215-a50c-8782c326d979
Oklahoma Wesleyan University,USA,United States,Oklahoma,Nursing,OKWU,Registered Nurse,18f39740-a7c2-4215-a50c-8782c326d979
Oral Roberts University,USA,United States,Oklahoma,Nursing,ORU,Registered Nurse,18f39740-a7c2-4215-a50c-8782c326d979
Southern Nazarene University,USA,United States,Oklahoma,Nursing,SNU,Registered Nurse,18f39740-a7c2-4215-a50c-8782c326d979
St. Gregory's University,USA,United States,Oklahoma,Nursing,,Registered Nurse,18f39740-a7c2-4215-a50c-8782c326d979
University of Central Oklahoma,USA,United States,Oklahoma,Nursing,UCO,Registered Nurse,18f39740-a7c2-4215-a50c-8782c326d979
The University of Oklahoma Health Sciences Center,USA,United States,Oklahoma,Nursing,OUHSC,Registered Nurse,18f39740-a7c2-4215-a50c-8782c326d979
Concordia University Portland,USA,United States,Oregon,Nursing,,Registered Nurse,18f39740-a7c2-4215-a50c-8782c326d979
George Fox University,USA,United States,Oregon,Nursing,,Registered Nurse,18f39740-a7c2-4215-a50c-8782c326d979
Lane Community College,USA,United States,Oregon,Nursing,,Registered Nurse,18f39740-a7c2-4215-a50c-8782c326d979
Linfield College,USA,United States,Oregon,Nursing,,Registered Nurse,18f39740-a7c2-4215-a50c-8782c326d979
Oregon Health & Science University,USA,United States,Oregon,Nursing,OHSU,Registered Nurse,18f39740-a7c2-4215-a50c-8782c326d979
University of Portland,USA,United States,Oregon,Nursing,UP,Registered Nurse,18f39740-a7c2-4215-a50c-8782c326d979
Oregon Health and Sciences,USA,United States,Oregon,Nursing,OHSU,Registered Nurse,18f39740-a7c2-4215-a50c-8782c326d979
Alvernia University,USA,United States,Pennslyvania,Nursing,,Registered Nurse,18f39740-a7c2-4215-a50c-8782c326d979
Bloomsburg University of Pennsylvania,USA,United States,Pennslyvania,Nursing,,Registered Nurse,18f39740-a7c2-4215-a50c-8782c326d979
California University of Pennsylvania,USA,United States,Pennslyvania,Nursing,CALU,Registered Nurse,18f39740-a7c2-4215-a50c-8782c326d979
Carlow University,USA,United States,Pennslyvania,Nursing,,Registered Nurse,18f39740-a7c2-4215-a50c-8782c326d979
Chatham University,USA,United States,Pennslyvania,Nursing,,Registered Nurse,18f39740-a7c2-4215-a50c-8782c326d979
DeSales University,USA,United States,Pennslyvania,Nursing,,Registered Nurse,18f39740-a7c2-4215-a50c-8782c326d979
Drexel University,USA,United States,Pennslyvania,Nursing,,Registered Nurse,18f39740-a7c2-4215-a50c-8782c326d979
Duquesne University,USA,United States,Pennslyvania,Nursing,,Registered Nurse,18f39740-a7c2-4215-a50c-8782c326d979
Eastern University,USA,United States,Pennslyvania,Nursing,,Registered Nurse,18f39740-a7c2-4215-a50c-8782c326d979
Edinboro University of Pennsylvania,USA,United States,Pennslyvania,Nursing,,Registered Nurse,18f39740-a7c2-4215-a50c-8782c326d979
Gannon University,USA,United States,Pennslyvania,Nursing,,Registered Nurse,18f39740-a7c2-4215-a50c-8782c326d979
Holy Family University,USA,United States,Pennslyvania,Nursing,,Registered Nurse,18f39740-a7c2-4215-a50c-8782c326d979
Immaculata University,USA,United States,Pennslyvania,Nursing,,Registered Nurse,18f39740-a7c2-4215-a50c-8782c326d979
Indiana University of Pennsylvania,USA,United States,Pennslyvania,Nursing,IUP,Registered Nurse,18f39740-a7c2-4215-a50c-8782c326d979
La Salle University,USA,United States,Pennslyvania,Nursing,,Registered Nurse,18f39740-a7c2-4215-a50c-8782c326d979
Lincoln University,USA,United States,Pennslyvania,Nursing,,Registered Nurse,18f39740-a7c2-4215-a50c-8782c326d979
Marywood University,USA,United States,Pennslyvania,Nursing,,Registered Nurse,18f39740-a7c2-4215-a50c-8782c326d979
Messiah College,USA,United States,Pennslyvania,Nursing,,Registered Nurse,18f39740-a7c2-4215-a50c-8782c326d979
Misericordia University,USA,United States,Pennslyvania,Nursing,MU,Registered Nurse,18f39740-a7c2-4215-a50c-8782c326d979
Moravian College,USA,United States,Pennslyvania,Nursing,,Registered Nurse,18f39740-a7c2-4215-a50c-8782c326d979
Pennsylvania College of Health Sciences,USA,United States,Pennslyvania,Nursing,,Registered Nurse,18f39740-a7c2-4215-a50c-8782c326d979
The Pennsylvania State University,USA,United States,Pennslyvania,Nursing,PSU,Registered Nurse,18f39740-a7c2-4215-a50c-8782c326d979
Robert Morris University,USA,United States,Pennslyvania,Nursing,RMU,Registered Nurse,18f39740-a7c2-4215-a50c-8782c326d979
Saint Francis University,USA,United States,Pennslyvania,Nursing,,Registered Nurse,18f39740-a7c2-4215-a50c-8782c326d979
Temple University,USA,United States,Pennslyvania,Nursing,,Registered Nurse,18f39740-a7c2-4215-a50c-8782c326d979
Thomas Jefferson University,USA,United States,Pennslyvania,Nursing,TJU,Registered Nurse,18f39740-a7c2-4215-a50c-8782c326d979
University of Pennsylvania,USA,United States,Pennslyvania,Nursing,,Registered Nurse,18f39740-a7c2-4215-a50c-8782c326d979
University of Pittsburgh,USA,United States,Pennslyvania,Nursing,,Registered Nurse,18f39740-a7c2-4215-a50c-8782c326d979
University of Scranton,USA,United States,Pennslyvania,Nursing,,Registered Nurse,18f39740-a7c2-4215-a50c-8782c326d979
Villanova University,USA,United States,Pennslyvania,Nursing,,Registered Nurse,18f39740-a7c2-4215-a50c-8782c326d979
Waynesburg University,USA,United States,Pennslyvania,Nursing,,Registered Nurse,18f39740-a7c2-4215-a50c-8782c326d979
West Chester University of Pennsylvania,USA,United States,Pennslyvania,Nursing,WCUPA,Registered Nurse,18f39740-a7c2-4215-a50c-8782c326d979
Widener University,USA,United States,Pennslyvania,Nursing,,Registered Nurse,18f39740-a7c2-4215-a50c-8782c326d979
Wilkes University,USA,United States,Pennslyvania,Nursing,,Registered Nurse,18f39740-a7c2-4215-a50c-8782c326d979
York College of Pennsylvania,USA,United States,Pennslyvania,Nursing,,Registered Nurse,18f39740-a7c2-4215-a50c-8782c326d979
Rhode Island College,USA,United States,Rhode Island,Nursing,,Registered Nurse,18f39740-a7c2-4215-a50c-8782c326d979
Salve Regina University,USA,United States,Rhode Island,Nursing,,Registered Nurse,18f39740-a7c2-4215-a50c-8782c326d979
University of Rhode Island,USA,United States,Rhode Island,Nursing,URI,Registered Nurse,18f39740-a7c2-4215-a50c-8782c326d979
Anderson University,USA,United States,South Carolina,Nursing,AU,Registered Nurse,18f39740-a7c2-4215-a50c-8782c326d979
Clemson University,USA,United States,South Carolina,Nursing,,Registered Nurse,18f39740-a7c2-4215-a50c-8782c326d979
Lander University,USA,United States,South Carolina,Nursing,,Registered Nurse,18f39740-a7c2-4215-a50c-8782c326d979
Medical University of South Carolina,USA,United States,South Carolina,Nursing,MUSC,Registered Nurse,18f39740-a7c2-4215-a50c-8782c326d979
Newberry College,USA,United States,South Carolina,Nursing,,Registered Nurse,18f39740-a7c2-4215-a50c-8782c326d979
University of South Carolina,USA,United States,South Carolina,Nursing,SC,Registered Nurse,18f39740-a7c2-4215-a50c-8782c326d979
University of South Carolina Aiken,USA,United States,South Carolina,Nursing,USC,Registered Nurse,18f39740-a7c2-4215-a50c-8782c326d979
University of South Carolina Beaufort,USA,United States,South Carolina,Nursing,USCB,Registered Nurse,18f39740-a7c2-4215-a50c-8782c326d979
University of South Carolina Upstate,USA,United States,South Carolina,Nursing,USC,Registered Nurse,18f39740-a7c2-4215-a50c-8782c326d979
Augusta University,USA,United States,South Dakota,Nursing,,Registered Nurse,18f39740-a7c2-4215-a50c-8782c326d979
Dakota Wesleyan University,USA,United States,South Dakota,Nursing,DWU,Registered Nurse,18f39740-a7c2-4215-a50c-8782c326d979
Mount Marty College,USA,United States,South Dakota,Nursing,,Registered Nurse,18f39740-a7c2-4215-a50c-8782c326d979
National American University,USA,United States,South Dakota,Nursing,NAU,Registered Nurse,18f39740-a7c2-4215-a50c-8782c326d979
Presentation College,USA,United States,South Dakota,Nursing,,Registered Nurse,18f39740-a7c2-4215-a50c-8782c326d979
South Dakota State University,USA,United States,South Dakota,Nursing,,Registered Nurse,18f39740-a7c2-4215-a50c-8782c326d979
University of Sioux Falls,USA,United States,South Dakota,Nursing,USF,Registered Nurse,18f39740-a7c2-4215-a50c-8782c326d979
The University of South Dakota,USA,United States,South Dakota,Nursing,USD,Registered Nurse,18f39740-a7c2-4215-a50c-8782c326d979
Baptist Memorial College of Health Sciences,USA,United States,Tennessee,Nursing,BCHS,Registered Nurse,18f39740-a7c2-4215-a50c-8782c326d979
Belmont University,USA,United States,Tennessee,Nursing,,Registered Nurse,18f39740-a7c2-4215-a50c-8782c326d979
Belmont University - Trevecca Nazarene University Consortium,USA,United States,Tennessee,Nursing,,Registered Nurse,18f39740-a7c2-4215-a50c-8782c326d979
Bethel University - Tennessee,USA,United States,Tennessee,Nursing,,Registered Nurse,18f39740-a7c2-4215-a50c-8782c326d979
Carson-Newman University,USA,United States,Tennessee,Nursing,CN,Registered Nurse,18f39740-a7c2-4215-a50c-8782c326d979
Christian Brothers University,USA,United States,Tennessee,Nursing,CBU,Registered Nurse,18f39740-a7c2-4215-a50c-8782c326d979
Cumberland University,USA,United States,Tennessee,Nursing,,Registered Nurse,18f39740-a7c2-4215-a50c-8782c326d979
East Tennessee State University,USA,United States,Tennessee,Nursing,ETSU,Registered Nurse,18f39740-a7c2-4215-a50c-8782c326d979
Freed-Hardeman University,USA,United States,Tennessee,Nursing,FHU,Registered Nurse,18f39740-a7c2-4215-a50c-8782c326d979
King University,USA,United States,Tennessee,Nursing,,Registered Nurse,18f39740-a7c2-4215-a50c-8782c326d979
Lee University,USA,United States,Tennessee,Nursing,,Registered Nurse,18f39740-a7c2-4215-a50c-8782c326d979
Martin Methodist College,USA,United States,Tennessee,Nursing,,Registered Nurse,18f39740-a7c2-4215-a50c-8782c326d979
Middle Tennessee State University,USA,United States,Tennessee,Nursing,,Registered Nurse,18f39740-a7c2-4215-a50c-8782c326d979
Milligan College,USA,United States,Tennessee,Nursing,,Registered Nurse,18f39740-a7c2-4215-a50c-8782c326d979
Tennessee Technological University,USA,United States,Tennessee,Nursing,TTU,Registered Nurse,18f39740-a7c2-4215-a50c-8782c326d979
Tennessee Wesleyan University,USA,United States,Tennessee,Nursing,,Registered Nurse,18f39740-a7c2-4215-a50c-8782c326d979
Trevecca Nazarene University,USA,United States,Tennessee,Nursing,,Registered Nurse,18f39740-a7c2-4215-a50c-8782c326d979
Union University,USA,United States,Tennessee,Nursing,UU,Registered Nurse,18f39740-a7c2-4215-a50c-8782c326d979
University of Memphis,USA,United States,Tennessee,Nursing,,Registered Nurse,18f39740-a7c2-4215-a50c-8782c326d979
University of Tennessee at Chattanooga,USA,United States,Tennessee,Nursing,UTC,Registered Nurse,18f39740-a7c2-4215-a50c-8782c326d979
The University of Tennessee Health Sciences Center,USA,United States,Tennessee,Nursing,UTC,Registered Nurse,18f39740-a7c2-4215-a50c-8782c326d979
University of Tennessee - Knoxville,USA,United States,Tennessee,Nursing,UTC,Registered Nurse,18f39740-a7c2-4215-a50c-8782c326d979
Vol State Community College,USA,United States,Tennessee,Nursing,,Registered Nurse,18f39740-a7c2-4215-a50c-8782c326d979
Vanderbilt University,USA,United States,Tennessee,Nursing,,Registered Nurse,18f39740-a7c2-4215-a50c-8782c326d979
Abilene Christian University,USA,United States,Texas,Nursing,ACU,Registered Nurse,18f39740-a7c2-4215-a50c-8782c326d979
Brazosport College,USA,United States,Texas,Nursing,,Registered Nurse,18f39740-a7c2-4215-a50c-8782c326d979
Angelo State University,USA,United States,Texas,Nursing,,Registered Nurse,18f39740-a7c2-4215-a50c-8782c326d979
Baylor Universtity,USA,United States,Texas,Nursing,,Registered Nurse,18f39740-a7c2-4215-a50c-8782c326d979
Concordia University Texas,USA,United States,Texas,Nursing,,Registered Nurse,18f39740-a7c2-4215-a50c-8782c326d979
Concorde Career College,USA,United States,Texas,Nursing,,Registered Nurse,18f39740-a7c2-4215-a50c-8782c326d979
East Texas Baptist University,USA,United States,Texas,Nursing,ETBU,Registered Nurse,18f39740-a7c2-4215-a50c-8782c326d979
Hardin-simmons University,USA,United States,Texas,Nursing,HSUTX,Registered Nurse,18f39740-a7c2-4215-a50c-8782c326d979
Hill College,USA,United States,Texas,Nursing,,Registered Nurse,18f39740-a7c2-4215-a50c-8782c326d979
McMurry University,USA,United States,Texas,Nursing,MCM,Registered Nurse,18f39740-a7c2-4215-a50c-8782c326d979
Midwestern State University,USA,United States,Texas,Nursing,MSU,Registered Nurse,18f39740-a7c2-4215-a50c-8782c326d979
Patty Hanks Shelton School of Nursing,USA,United States,Texas,Nursing,,Registered Nurse,18f39740-a7c2-4215-a50c-8782c326d979
Prairie View A&M University,USA,United States,Texas,Nursing,,Registered Nurse,18f39740-a7c2-4215-a50c-8782c326d979
Sam Houston State University,USA,United States,Texas,Nursing,SHSU,Registered Nurse,18f39740-a7c2-4215-a50c-8782c326d979
Schreiner University,USA,United States,Texas,Nursing,,Registered Nurse,18f39740-a7c2-4215-a50c-8782c326d979
Southwestern Adventist University,USA,United States,Texas,Nursing,SWAU,Registered Nurse,18f39740-a7c2-4215-a50c-8782c326d979
Tarleton University,USA,United States,Texas,Nursing,,Registered Nurse,18f39740-a7c2-4215-a50c-8782c326d979
Texas A&M University Health Science Center,USA,United States,Texas,Nursing,,Registered Nurse,18f39740-a7c2-4215-a50c-8782c326d979
Texas A&M University - Central Texas,USA,United States,Texas,Nursing,,Registered Nurse,18f39740-a7c2-4215-a50c-8782c326d979
Texas A&M University - Commerce,USA,United States,Texas,Nursing,,Registered Nurse,18f39740-a7c2-4215-a50c-8782c326d979
Texas A&M University - Corpus Christi,USA,United States,Texas,Nursing,,Registered Nurse,18f39740-a7c2-4215-a50c-8782c326d979
Texas A&M University - Texarkana,USA,United States,Texas,Nursing,,Registered Nurse,18f39740-a7c2-4215-a50c-8782c326d979
Texas Christian University,USA,United States,Texas,Nursing,TCU,Registered Nurse,18f39740-a7c2-4215-a50c-8782c326d979
Texas Lutheran University,USA,United States,Texas,Nursing,TLU,Registered Nurse,18f39740-a7c2-4215-a50c-8782c326d979
Texas State University,USA,United States,Texas,Nursing,TSU,Registered Nurse,18f39740-a7c2-4215-a50c-8782c326d979
Texas State Technical College,USA,United States,Texas,Nursing,TSTC,Registered Nurse,18f39740-a7c2-4215-a50c-8782c326d979
Texas Tech University Health Sciences Center,USA,United States,Texas,Nursing,,Registered Nurse,18f39740-a7c2-4215-a50c-8782c326d979
Texas Tech University Health Sciences Center - El Paso,USA,United States,Texas,Nursing,,Registered Nurse,18f39740-a7c2-4215-a50c-8782c326d979
Texas Woman's University,USA,United States,Texas,Nursing,,Registered Nurse,18f39740-a7c2-4215-a50c-8782c326d979
University of Houston,USA,United States,Texas,Nursing,UH,Registered Nurse,18f39740-a7c2-4215-a50c-8782c326d979
University of Mary Hardin-baylor,USA,United States,Texas,Nursing,,Registered Nurse,18f39740-a7c2-4215-a50c-8782c326d979
University of St. Thomas,USA,United States,Texas,Nursing,,Registered Nurse,18f39740-a7c2-4215-a50c-8782c326d979
University of Texas at Arlington,USA,United States,Texas,Nursing,UT,Registered Nurse,18f39740-a7c2-4215-a50c-8782c326d979
University of Texas at Austin,USA,United States,Texas,Nursing,UT,Registered Nurse,18f39740-a7c2-4215-a50c-8782c326d979
University of Texas at El Paso,USA,United States,Texas,Nursing,UT,Registered Nurse,18f39740-a7c2-4215-a50c-8782c326d979
University of Texas at Tyler,USA,United States,Texas,Nursing,UT,Registered Nurse,18f39740-a7c2-4215-a50c-8782c326d979
The University of Texas Health Science Center at Houston,USA,United States,Texas,Nursing,,Registered Nurse,18f39740-a7c2-4215-a50c-8782c326d979
University of Texas Health Science Center at San Antonio,USA,United States,Texas,Nursing,,Registered Nurse,18f39740-a7c2-4215-a50c-8782c326d979
University of Texas Medical Branch at Galveston,USA,United States,Texas,Nursing,,Registered Nurse,18f39740-a7c2-4215-a50c-8782c326d979
The University of Texas of the Permian Basin,USA,United States,Texas,Nursing,UTPB,Registered Nurse,18f39740-a7c2-4215-a50c-8782c326d979
University of Texas Rio Grande Valley,USA,United States,Texas,Nursing,,Registered Nurse,18f39740-a7c2-4215-a50c-8782c326d979
University of the Incarnate Word,USA,United States,Texas,Nursing,,Registered Nurse,18f39740-a7c2-4215-a50c-8782c326d979
West Texas A&M University,USA,United States,Texas,Nursing,,Registered Nurse,18f39740-a7c2-4215-a50c-8782c326d979
Houston Community College,USA,United States,Texas,Nursing,HCC,Registered Nurse,18f39740-a7c2-4215-a50c-8782c326d979
Vernon College,USA,United States,Texas,Nursing,,Registered Nurse,18f39740-a7c2-4215-a50c-8782c326d979
Midland College,USA,United States,Texas,Nursing,,Registered Nurse,18f39740-a7c2-4215-a50c-8782c326d979
Ameritech College,USA,United States,Utah,Nursing,,Registered Nurse,18f39740-a7c2-4215-a50c-8782c326d979
Brigham Young University,USA,United States,Utah,Nursing,BYU,Registered Nurse,18f39740-a7c2-4215-a50c-8782c326d979
Eagle Gate College,USA,United States,Utah,Nursing,,Registered Nurse,18f39740-a7c2-4215-a50c-8782c326d979
Provo College,USA,United States,Utah,Nursing,,Registered Nurse,18f39740-a7c2-4215-a50c-8782c326d979
Rocky Mountain University of Health Professions,USA,United States,Utah,Nursing,RM,Registered Nurse,18f39740-a7c2-4215-a50c-8782c326d979
Southern Utah University,USA,United States,Utah,Nursing,SUU,Registered Nurse,18f39740-a7c2-4215-a50c-8782c326d979
University of Utah,USA,United States,Utah,Nursing,,Registered Nurse,18f39740-a7c2-4215-a50c-8782c326d979
Western Governors University,USA,United States,Utah,Nursing,WGU,Registered Nurse,18f39740-a7c2-4215-a50c-8782c326d979
Westminster College,USA,United States,Utah,Nursing,,Registered Nurse,18f39740-a7c2-4215-a50c-8782c326d979
Castleton University,USA,United States,Vermont,Nursing,,Registered Nurse,18f39740-a7c2-4215-a50c-8782c326d979
Norwich University,USA,United States,Vermont,Nursing,,Registered Nurse,18f39740-a7c2-4215-a50c-8782c326d979
Southern Vermont College,USA,United States,Vermont,Nursing,,Registered Nurse,18f39740-a7c2-4215-a50c-8782c326d979
The University of Vermont,USA,United States,Vermont,Nursing,UVM,Registered Nurse,18f39740-a7c2-4215-a50c-8782c326d979
Averett University,USA,United States,Virginia,Nursing,,Registered Nurse,18f39740-a7c2-4215-a50c-8782c326d979
Bluefield College,USA,United States,Virginia,Nursing,,Registered Nurse,18f39740-a7c2-4215-a50c-8782c326d979
Bon Secours Memorial College of Nursing,USA,United States,Virginia,Nursing,,Registered Nurse,18f39740-a7c2-4215-a50c-8782c326d979
Bryant & Stratton College - Richmond,USA,United States,Virginia,Nursing,,Registered Nurse,18f39740-a7c2-4215-a50c-8782c326d979
Eastern Mennonite University,USA,United States,Virginia,Nursing,EMU,Registered Nurse,18f39740-a7c2-4215-a50c-8782c326d979
George Mason University,USA,United States,Virginia,Nursing,GMU,Registered Nurse,18f39740-a7c2-4215-a50c-8782c326d979
Hampton University,USA,United States,Virginia,Nursing,,Registered Nurse,18f39740-a7c2-4215-a50c-8782c326d979
James Madison University,USA,United States,Virginia,Nursing,JMU,Registered Nurse,18f39740-a7c2-4215-a50c-8782c326d979
Jefferson College of Health Sciences,USA,United States,Virginia,Nursing,,Registered Nurse,18f39740-a7c2-4215-a50c-8782c326d979
Liberty University,USA,United States,Virginia,Nursing,,Registered Nurse,18f39740-a7c2-4215-a50c-8782c326d979
Longwood University,USA,United States,Virginia,Nursing,,Registered Nurse,18f39740-a7c2-4215-a50c-8782c326d979
Lynchburg College,USA,United States,Virginia,Nursing,,Registered Nurse,18f39740-a7c2-4215-a50c-8782c326d979
Marymount University,USA,United States,Virginia,Nursing,,Registered Nurse,18f39740-a7c2-4215-a50c-8782c326d979
Old Dominion University,USA,United States,Virginia,Nursing,ODU,Registered Nurse,18f39740-a7c2-4215-a50c-8782c326d979
Radford University,USA,United States,Virginia,Nursing,,Registered Nurse,18f39740-a7c2-4215-a50c-8782c326d979
Sentara College of Health Sciences,USA,United States,Virginia,Nursing,,Registered Nurse,18f39740-a7c2-4215-a50c-8782c326d979
Shenandoah University,USA,United States,Virginia,Nursing,SU,Registered Nurse,18f39740-a7c2-4215-a50c-8782c326d979
Stratford University,USA,United States,Virginia,Nursing,,Registered Nurse,18f39740-a7c2-4215-a50c-8782c326d979
University of Mary Washington,USA,United States,Virginia,Nursing,UMW,Registered Nurse,18f39740-a7c2-4215-a50c-8782c326d979
University of Virginia,USA,United States,Virginia,Nursing,,Registered Nurse,18f39740-a7c2-4215-a50c-8782c326d979
The University of Virginia's College at Wise,USA,United States,Virginia,Nursing,UVA,Registered Nurse,18f39740-a7c2-4215-a50c-8782c326d979
Virginia Commonwealth University,USA,United States,Virginia,Nursing,VCU,Registered Nurse,18f39740-a7c2-4215-a50c-8782c326d979
Bellevue College,USA,United States,Washington,Nursing,,Registered Nurse,18f39740-a7c2-4215-a50c-8782c326d979
Edmonds Community College,USA,United States,Washington,Nursing,EdCC,Registered Nurse,18f39740-a7c2-4215-a50c-8782c326d979
Gonzaga University,USA,United States,Washington,Nursing,,Registered Nurse,18f39740-a7c2-4215-a50c-8782c326d979
Northwest University,USA,United States,Washington,Nursing,,Registered Nurse,18f39740-a7c2-4215-a50c-8782c326d979
Olympic College,USA,United States,Washington,Nursing,,Registered Nurse,18f39740-a7c2-4215-a50c-8782c326d979
Pacific Lutheran University,USA,United States,Washington,Nursing,PLU,Registered Nurse,18f39740-a7c2-4215-a50c-8782c326d979
Saint Martin's University,USA,United States,Washington ,Nursing,,Registered Nurse,18f39740-a7c2-4215-a50c-8782c326d979
Seattle Pacific University,USA,United States,Washington ,Nursing,SPU,Registered Nurse,18f39740-a7c2-4215-a50c-8782c326d979
Seattle University,USA,United States,Washington ,Nursing,,Registered Nurse,18f39740-a7c2-4215-a50c-8782c326d979
University of Washington,USA,United States,Washington ,Nursing,,Registered Nurse,18f39740-a7c2-4215-a50c-8782c326d979
Walla Walla University,USA,United States,Washington ,Nursing,WWU,Registered Nurse,18f39740-a7c2-4215-a50c-8782c326d979
Washington State University,USA,United States,Washington ,Nursing,WSU,Registered Nurse,18f39740-a7c2-4215-a50c-8782c326d979
Western Washington University,USA,United States,Washington ,Nursing,WWU,Registered Nurse,18f39740-a7c2-4215-a50c-8782c326d979
American Public University System,USA,United States,West Virginia,Nursing,APUS,Registered Nurse,18f39740-a7c2-4215-a50c-8782c326d979
Bluefield State College,USA,United States,West Virginia,Nursing,,Registered Nurse,18f39740-a7c2-4215-a50c-8782c326d979
Fairmont State University,USA,United States,West Virginia,Nursing,,Registered Nurse,18f39740-a7c2-4215-a50c-8782c326d979
Shepherd University,USA,United States,West Virginia,Nursing,,Registered Nurse,18f39740-a7c2-4215-a50c-8782c326d979
West Liberty University,USA,United States,West Virginia,Nursing,WLU,Registered Nurse,18f39740-a7c2-4215-a50c-8782c326d979
West Virginia Junior College,USA,United States,West Virginia,Nursing,WVJC,Registered Nurse,18f39740-a7c2-4215-a50c-8782c326d979
West Virginia University,USA,United States,West Virginia,Nursing,WVU,Registered Nurse,18f39740-a7c2-4215-a50c-8782c326d979
West Virginia Wesleyan College,USA,United States,West Virginia,Nursing,WVWC,Registered Nurse,18f39740-a7c2-4215-a50c-8782c326d979
Wheeling Jesuit University,USA,United States,West Virginia,Nursing,WJU,Registered Nurse,18f39740-a7c2-4215-a50c-8782c326d979
Alverno College,USA,United States,Wisconsin,Nursing,,Registered Nurse,18f39740-a7c2-4215-a50c-8782c326d979
Bellin College,USA,United States,Wisconsin,Nursing,,Registered Nurse,18f39740-a7c2-4215-a50c-8782c326d979
Bryant & Stratton College - Wauwatosa,USA,United States,Wisconsin,Nursing,,Registered Nurse,18f39740-a7c2-4215-a50c-8782c326d979
Cardinal Stritch University,USA,United States,Wisconsin,Nursing,,Registered Nurse,18f39740-a7c2-4215-a50c-8782c326d979
Carroll University,USA,United States,Wisconsin,Nursing,,Registered Nurse,18f39740-a7c2-4215-a50c-8782c326d979
Columbia College of Nursing,USA,United States,Wisconsin,Nursing,,Registered Nurse,18f39740-a7c2-4215-a50c-8782c326d979
Concordia University Wisconsin,USA,United States,Wisconsin,Nursing,CUW,Registered Nurse,18f39740-a7c2-4215-a50c-8782c326d979
Edgewood College,USA,United States,Wisconsin,Nursing,,Registered Nurse,18f39740-a7c2-4215-a50c-8782c326d979
Herzing University - Kenosha & Brookfield,USA,United States,Wisconsin,Nursing,,Registered Nurse,18f39740-a7c2-4215-a50c-8782c326d979
Herzing University - Milwaukee,USA,United States,Wisconsin,Nursing,,Registered Nurse,18f39740-a7c2-4215-a50c-8782c326d979
Maranatha Baptist University,USA,United States,Wisconsin,Nursing,MBU,Registered Nurse,18f39740-a7c2-4215-a50c-8782c326d979
Marian University - Fond du Lac,USA,United States,Wisconsin,Nursing,,Registered Nurse,18f39740-a7c2-4215-a50c-8782c326d979
Marquette University,USA,United States,Wisconsin,Nursing,,Registered Nurse,18f39740-a7c2-4215-a50c-8782c326d979
Milwaukee School of Engineering,USA,United States,Wisconsin,Nursing,,Registered Nurse,18f39740-a7c2-4215-a50c-8782c326d979
Northeast Wisconsin Technical College,USA,United States,Wisconsin,Nursing,NWTC,Registered Nurse,18f39740-a7c2-4215-a50c-8782c326d979
Silver Lake College of the Holy Family,USA,United States,Wisconsin,Nursing,,Registered Nurse,18f39740-a7c2-4215-a50c-8782c326d979
University of Wisconsin - Eau Claire,USA,United States,Wisconsin,Nursing,UW-Eau,Registered Nurse,18f39740-a7c2-4215-a50c-8782c326d979
University of Wisconsin - Green Bay,USA,United States,Wisconsin,Nursing,UW-GB,Registered Nurse,18f39740-a7c2-4215-a50c-8782c326d979
University of Wisconsin - Madison,USA,United States,Wisconsin,Nursing,UW-Madison,Registered Nurse,18f39740-a7c2-4215-a50c-8782c326d979
University of Wisconsin - Milwaukee,USA,United States,Wisconsin,Nursing,UWM,Registered Nurse,18f39740-a7c2-4215-a50c-8782c326d979
University of Wisconsin - Stevens Point,USA,United States,Wisconsin,Nursing,UWSP,Registered Nurse,18f39740-a7c2-4215-a50c-8782c326d979
University of Wisconsin Oshkosh,USA,United States,Wisconsin,Nursing,UWOSH,Registered Nurse,18f39740-a7c2-4215-a50c-8782c326d979
Viterbo University,USA,United States,Wisconsin,Nursing,VU,Registered Nurse,18f39740-a7c2-4215-a50c-8782c326d979
Wisconsin Lutheran College,USA,United States,Wisconsin,Nursing,WLC,Registered Nurse,18f39740-a7c2-4215-a50c-8782c326d979
University of Wyoming,USA,United States,Wyoming,Nursing,UWYO,Registered Nurse,18f39740-a7c2-4215-a50c-8782c326d979
Alabama Southern Community College,USA,United States,Alabama,Nursing,,Registered Nurse,18f39740-a7c2-4215-a50c-8782c326d979
Bevill State Community College,USA,United States,Alabama,Nursing,,Registered Nurse,18f39740-a7c2-4215-a50c-8782c326d979
Bishop State Community College,USA,United States,Alabama,Nursing,,Registered Nurse,18f39740-a7c2-4215-a50c-8782c326d979
Calhoun Community College,USA,United States,Alabama,Nursing,,Registered Nurse,18f39740-a7c2-4215-a50c-8782c326d979
Central Alabama Community College,USA,United States,Alabama,Nursing,,Registered Nurse,18f39740-a7c2-4215-a50c-8782c326d979
Chattahoochee Valley Community College,USA,United States,Alabama,Nursing,CV,Registered Nurse,18f39740-a7c2-4215-a50c-8782c326d979
Faulkner State Community College,USA,United States,Alabama,Nursing,,Registered Nurse,18f39740-a7c2-4215-a50c-8782c326d979
Gadsden State Community College,USA,United States,Alabama,Nursing,,Registered Nurse,18f39740-a7c2-4215-a50c-8782c326d979
George C. Wallace Community College,USA,United States,Alabama,Nursing,,Registered Nurse,18f39740-a7c2-4215-a50c-8782c326d979
George Corley Wallace Community College - Selma,USA,United States,Alabama,Nursing,WCCS,Registered Nurse,18f39740-a7c2-4215-a50c-8782c326d979
Trenholm State Community College,USA,United States,Alabama,Nursing,,Registered Nurse,18f39740-a7c2-4215-a50c-8782c326d979
Jefferson State Community College,USA,United States,Alabama,Nursing,JSCC,Registered Nurse,18f39740-a7c2-4215-a50c-8782c326d979
Lawson State Community College,USA,United States,Alabama,Nursing,,Registered Nurse,18f39740-a7c2-4215-a50c-8782c326d979
Lurleen B. Wallace Community College,USA,United States,Alabama,Nursing,LBWCC,Registered Nurse,18f39740-a7c2-4215-a50c-8782c326d979
Northeast Alabama Community College,USA,United States,Alabama,Nursing,NACC,Registered Nurse,18f39740-a7c2-4215-a50c-8782c326d979
Northwest-Shoals Community College,USA,United States,Alabama,Nursing,,Registered Nurse,18f39740-a7c2-4215-a50c-8782c326d979
Oakwood University,USA,United States,Alabama,Nursing,,Registered Nurse,18f39740-a7c2-4215-a50c-8782c326d979
Shelton State Community College,USA,United States,Alabama,Nursing,,Registered Nurse,18f39740-a7c2-4215-a50c-8782c326d979
Snead State Community College,USA,United States,Alabama,Nursing,,Registered Nurse,18f39740-a7c2-4215-a50c-8782c326d979
Southern Union State Community College,USA,United States,Alabama,Nursing,SUSCC,Registered Nurse,18f39740-a7c2-4215-a50c-8782c326d979
Troy University,USA,United States,Alabama,Nursing,,Registered Nurse,18f39740-a7c2-4215-a50c-8782c326d979
Tuskegee University,USA,United States,Alabama,Nursing,,Registered Nurse,18f39740-a7c2-4215-a50c-8782c326d979
The University of West Alabama,USA,United States,Alabama,Nursing,UWA,Registered Nurse,18f39740-a7c2-4215-a50c-8782c326d979
Wallace State Community College,USA,United States,Alabama,Nursing,,Registered Nurse,18f39740-a7c2-4215-a50c-8782c326d979
Prospect Education - Charter College,USA,United States,Alaska,Nursing,,Registered Nurse,18f39740-a7c2-4215-a50c-8782c326d979
University of Alaska Anchorage,USA,United States,Alaska,Nursing,,Registered Nurse,18f39740-a7c2-4215-a50c-8782c326d979
Arizona Western College,USA,United States,Arizona,Nursing,,Registered Nurse,18f39740-a7c2-4215-a50c-8782c326d979
Brookline College - Phoenix,USA,United States,Arizona,Nursing,,Registered Nurse,18f39740-a7c2-4215-a50c-8782c326d979
Carrington College - Phoenix,USA,United States,Arizona,Nursing,,Registered Nurse,18f39740-a7c2-4215-a50c-8782c326d979
Central Arizona College,USA,United States,Arizona,Nursing,,Registered Nurse,18f39740-a7c2-4215-a50c-8782c326d979
Chandler-Gilbert Community College,USA,United States,Arizona,Nursing,CGC,Registered Nurse,18f39740-a7c2-4215-a50c-8782c326d979
Cochise College,USA,United States,Arizona,Nursing,,Registered Nurse,18f39740-a7c2-4215-a50c-8782c326d979
Arizona College,USA,United States,Arizona,Nursing,,Registered Nurse,18f39740-a7c2-4215-a50c-8782c326d979
Eastern Arizona College,USA,United States,Arizona,Nursing,EAC,Registered Nurse,18f39740-a7c2-4215-a50c-8782c326d979
Estrella Mountain Community College,USA,United States,Arizona,Nursing,,Registered Nurse,18f39740-a7c2-4215-a50c-8782c326d979
Gateway Community College,USA,United States,Arizona,Nursing,,Registered Nurse,18f39740-a7c2-4215-a50c-8782c326d979
Glendale Community College,USA,United States,Arizona,Nursing,,Registered Nurse,18f39740-a7c2-4215-a50c-8782c326d979
Mesa Community College,USA,United States,Arizona,Nursing,,Registered Nurse,18f39740-a7c2-4215-a50c-8782c326d979
Mohave Community College,USA,United States,Arizona,Nursing,,Registered Nurse,18f39740-a7c2-4215-a50c-8782c326d979
Northland Pioneer College,USA,United States,Arizona,Nursing,,Registered Nurse,18f39740-a7c2-4215-a50c-8782c326d979
Paradise Valley Community College,USA,United States,Arizona,Nursing,,Registered Nurse,18f39740-a7c2-4215-a50c-8782c326d979
Phoenix College,USA,United States,Arizona,Nursing,,Registered Nurse,18f39740-a7c2-4215-a50c-8782c326d979
Pima County Community College District,USA,United States,Arizona,Nursing,,Registered Nurse,18f39740-a7c2-4215-a50c-8782c326d979
Scottsdale Community College,USA,United States,Arizona,Nursing,,Registered Nurse,18f39740-a7c2-4215-a50c-8782c326d979
Yavapai College,USA,United States,Arizona,Nursing,YC,Registered Nurse,18f39740-a7c2-4215-a50c-8782c326d979
Arkansas State University,USA,United States,Arkansas,Nursing,,Registered Nurse,18f39740-a7c2-4215-a50c-8782c326d979
Arkansas Tech University,USA,United States,Arkansas,Nursing,ATU,Registered Nurse,18f39740-a7c2-4215-a50c-8782c326d979
Baptist Health College Little Rock,USA,United States,Arkansas,Nursing,BHCLR,Registered Nurse,18f39740-a7c2-4215-a50c-8782c326d979
East Arkansas Community College,USA,United States,Arkansas,Nursing,EACC,Registered Nurse,18f39740-a7c2-4215-a50c-8782c326d979
Harding University,USA,United States,Arkansas,Nursing,,Registered Nurse,18f39740-a7c2-4215-a50c-8782c326d979
National Park College,USA,United States,Arkansas,Nursing,,Registered Nurse,18f39740-a7c2-4215-a50c-8782c326d979
North Arkansas College,USA,United States,Arkansas,Nursing,,Registered Nurse,18f39740-a7c2-4215-a50c-8782c326d979
Phillips Community College of the University of Arkansas,USA,United States,Arkansas,Nursing,PCCUA,Registered Nurse,18f39740-a7c2-4215-a50c-8782c326d979
Southern Arkansas University,USA,United States,Arkansas,Nursing,,Registered Nurse,18f39740-a7c2-4215-a50c-8782c326d979
University of Arkansas at Little Rock,USA,United States,Arkansas,Nursing,UALR,Registered Nurse,18f39740-a7c2-4215-a50c-8782c326d979
University of Arkansas at Monticello,USA,United States,Arkansas,Nursing,UAMont,Registered Nurse,18f39740-a7c2-4215-a50c-8782c326d979
University of Arkansas Community College at Batesville,USA,United States,Arkansas,Nursing,UACCB,Registered Nurse,18f39740-a7c2-4215-a50c-8782c326d979
University of Arkansas - Fort Smith,USA,United States,Arkansas,Nursing,UAFS,Registered Nurse,18f39740-a7c2-4215-a50c-8782c326d979
University of Arkansas Community College Morrilton,USA,United States,Arkansas,Nursing,UACCM,Registered Nurse,18f39740-a7c2-4215-a50c-8782c326d979
Antelope Valley College,USA,United States,California,Nursing,AVC,Registered Nurse,18f39740-a7c2-4215-a50c-8782c326d979
Cerritos Community College,USA,United States,California,Nursing,,Registered Nurse,18f39740-a7c2-4215-a50c-8782c326d979
Chaffey College,USA,United States,California,Nursing,,Registered Nurse,18f39740-a7c2-4215-a50c-8782c326d979
College of the Canyons,USA,United States,California,Nursing,,Registered Nurse,18f39740-a7c2-4215-a50c-8782c326d979
Cypress College,USA,United States,California,Nursing,,Registered Nurse,18f39740-a7c2-4215-a50c-8782c326d979
El Camino College,USA,United States,California,Nursing,,Registered Nurse,18f39740-a7c2-4215-a50c-8782c326d979
Golden West College,USA,United States,California,Nursing,,Registered Nurse,18f39740-a7c2-4215-a50c-8782c326d979
Grossmont-Cuyamaca Community College District,USA,United States,California,Nursing,GCCCD,Registered Nurse,18f39740-a7c2-4215-a50c-8782c326d979
Long Beach City College,USA,United States,California,Nursing,LBCC,Registered Nurse,18f39740-a7c2-4215-a50c-8782c326d979
Los Angeles Harbor College,USA,United States,California,Nursing,LAHC,Registered Nurse,18f39740-a7c2-4215-a50c-8782c326d979
Los Angeles Valley College,USA,United States,California,Nursing,LAVC,Registered Nurse,18f39740-a7c2-4215-a50c-8782c326d979
Monterey Peninsula College,USA,United States,California,Nursing,MPC,Registered Nurse,18f39740-a7c2-4215-a50c-8782c326d979
Moorpark College,USA,United States,California,Nursing,,Registered Nurse,18f39740-a7c2-4215-a50c-8782c326d979
Mt. San Jacinto College,USA,United States,California,Nursing,,Registered Nurse,18f39740-a7c2-4215-a50c-8782c326d979
Ohlone College,USA,United States,California,Nursing,,Registered Nurse,18f39740-a7c2-4215-a50c-8782c326d979
Pacific Union College,USA,United States,California,Nursing,PUC,Registered Nurse,18f39740-a7c2-4215-a50c-8782c326d979
Palomar College,USA,United States,California,Nursing,,Registered Nurse,18f39740-a7c2-4215-a50c-8782c326d979
Riverside City College,USA,United States,California,Nursing,,Registered Nurse,18f39740-a7c2-4215-a50c-8782c326d979
Saddleback College,USA,United States,California,Nursing,,Registered Nurse,18f39740-a7c2-4215-a50c-8782c326d979
San Bernardino Valley College,USA,United States,California,Nursing,,Registered Nurse,18f39740-a7c2-4215-a50c-8782c326d979
San Diego City College,USA,United States,California,Nursing,SDCC,Registered Nurse,18f39740-a7c2-4215-a50c-8782c326d979
San Joaquin Delta College,USA,United States,California,Nursing,,Registered Nurse,18f39740-a7c2-4215-a50c-8782c326d979
San Jose-Evergreen Community College District,USA,United States,California,Nursing,,Registered Nurse,18f39740-a7c2-4215-a50c-8782c326d979
Santa Ana College,USA,United States,California,Nursing,SAC,Registered Nurse,18f39740-a7c2-4215-a50c-8782c326d979
Santa Barbara City College,USA,United States,California,Nursing,SBCC,Registered Nurse,18f39740-a7c2-4215-a50c-8782c326d979
Santa Monica College,USA,United States,California,Nursing,SMC,Registered Nurse,18f39740-a7c2-4215-a50c-8782c326d979
Santa Rosa Junior College,USA,United States,California,Nursing,,Registered Nurse,18f39740-a7c2-4215-a50c-8782c326d979
Sonoma State University,USA,United States,California,Nursing,,Registered Nurse,18f39740-a7c2-4215-a50c-8782c326d979
Southwestern College,USA,United States,California,Nursing,SWCCD,Registered Nurse,18f39740-a7c2-4215-a50c-8782c326d979
Ventura County Community College District,USA,United States,California,Nursing,VCCCD,Registered Nurse,18f39740-a7c2-4215-a50c-8782c326d979
University of California - San Francisco,USA,United States,California,Nursing,UCSF,Registered Nurse,18f39740-a7c2-4215-a50c-8782c326d979
Aims Community College,USA,United States,Colorado,Nursing,,Registered Nurse,18f39740-a7c2-4215-a50c-8782c326d979
American Sentinel University,USA,United States,Colorado,Nursing,,Registered Nurse,18f39740-a7c2-4215-a50c-8782c326d979
Arapahoe Community College,USA,United States,Colorado,Nursing,,Registered Nurse,18f39740-a7c2-4215-a50c-8782c326d979
Colorado Mesa University,USA,United States,Colorado,Nursing,,Registered Nurse,18f39740-a7c2-4215-a50c-8782c326d979
Colorado Mountain College,USA,United States,Colorado,Nursing,,Registered Nurse,18f39740-a7c2-4215-a50c-8782c326d979
Colorado Northwestern Community College,USA,United States,Colorado,Nursing,CNCC,Registered Nurse,18f39740-a7c2-4215-a50c-8782c326d979
Colorado State University - Pueblo,USA,United States,Colorado,Nursing,,Registered Nurse,18f39740-a7c2-4215-a50c-8782c326d979
Delta Montrose Technical College,USA,United States,Colorado,Nursing,,Registered Nurse,18f39740-a7c2-4215-a50c-8782c326d979
Denver Public Schools - Career Connect,USA,United States,Colorado,Nursing,DPS CareerConnect,Registered Nurse,18f39740-a7c2-4215-a50c-8782c326d979
Denver School of Nursing,USA,United States,Colorado,Nursing,,Registered Nurse,18f39740-a7c2-4215-a50c-8782c326d979
Front Range Community College - Boulder County Campus,USA,United States,Colorado,Nursing,FRCC,Registered Nurse,18f39740-a7c2-4215-a50c-8782c326d979
Front Range Community College - Larimer Campus,USA,United States,Colorado,Nursing,FRCC,Registered Nurse,18f39740-a7c2-4215-a50c-8782c326d979
Front Range Community College - Westminister Campus,USA,United States,Colorado,Nursing,FRCC,Registered Nurse,18f39740-a7c2-4215-a50c-8782c326d979
Lamar Community College,USA,United States,Colorado,Nursing,,Registered Nurse,18f39740-a7c2-4215-a50c-8782c326d979
Metropolitan State University of Denver,USA,United States,Colorado,Nursing,MSU,Registered Nurse,18f39740-a7c2-4215-a50c-8782c326d979
Morgan Community College,USA,United States,Colorado,Nursing,,Registered Nurse,18f39740-a7c2-4215-a50c-8782c326d979
Northeastern Junior College,USA,United States,Colorado,Nursing,NJC,Registered Nurse,18f39740-a7c2-4215-a50c-8782c326d979
Otero Junior College,USA,United States,Colorado,Nursing,OJC,Registered Nurse,18f39740-a7c2-4215-a50c-8782c326d979
Pikes Peak Community College,USA,United States,Colorado,Nursing,PPCC,Registered Nurse,18f39740-a7c2-4215-a50c-8782c326d979
Platt College,USA,United States,Colorado,Nursing,,Registered Nurse,18f39740-a7c2-4215-a50c-8782c326d979
Pueblo Community College,USA,United States,Colorado,Nursing,,Registered Nurse,18f39740-a7c2-4215-a50c-8782c326d979
Trinidad State Junior College,USA,United States,Colorado,Nursing,,Registered Nurse,18f39740-a7c2-4215-a50c-8782c326d979
Bridgeport Hospital - Bridgeport Hospital School of Nursing,USA,United States,Connecticut,Nursing,,Registered Nurse,18f39740-a7c2-4215-a50c-8782c326d979
Capital Community College,USA,United States,Connecticut,Nursing,,Registered Nurse,18f39740-a7c2-4215-a50c-8782c326d979
Gateway Community College,USA,United States,Connecticut,Nursing,,Registered Nurse,18f39740-a7c2-4215-a50c-8782c326d979
Goodwin College,USA,United States,Connecticut,Nursing,,Registered Nurse,18f39740-a7c2-4215-a50c-8782c326d979
Naugatuck Valley Community College,USA,United States,Connecticut,Nursing,NVCC,Registered Nurse,18f39740-a7c2-4215-a50c-8782c326d979
Northwestern Connecticut Community College,USA,United States,Connecticut,Nursing,NWCC,Registered Nurse,18f39740-a7c2-4215-a50c-8782c326d979
Norwalk Community College,USA,United States,Connecticut,Nursing,,Registered Nurse,18f39740-a7c2-4215-a50c-8782c326d979
St. Vincent's College,USA,United States,Connecticut,Nursing,,Registered Nurse,18f39740-a7c2-4215-a50c-8782c326d979
Three Rivers Community College,USA,United States,Connecticut,Nursing,TRCC,Registered Nurse,18f39740-a7c2-4215-a50c-8782c326d979
Beebe Medical Center,USA,United States,Delaware,Nursing,,Registered Nurse,18f39740-a7c2-4215-a50c-8782c326d979
Delaware State University,USA,United States,Delaware,Nursing,DESU,Registered Nurse,18f39740-a7c2-4215-a50c-8782c326d979
Delaware Technical Community College - Jack F. Owens,USA,United States,Delaware,Nursing,DTCC,Registered Nurse,18f39740-a7c2-4215-a50c-8782c326d979
Delaware Technical Community College - Stanton Campus,USA,United States,Delaware,Nursing,DTCC,Registered Nurse,18f39740-a7c2-4215-a50c-8782c326d979
Delaware Technical Community College - Terry Campus,USA,United States,Delaware,Nursing,DTCC,Registered Nurse,18f39740-a7c2-4215-a50c-8782c326d979
Polytech Adult Education,USA,United States,Delaware,Nursing,,Registered Nurse,18f39740-a7c2-4215-a50c-8782c326d979
Wesley College,USA,United States,Delaware,Nursing,,Registered Nurse,18f39740-a7c2-4215-a50c-8782c326d979
University of the District of Columbia,USA,United States,District of Columbia,Nursing,UDC,Registered Nurse,18f39740-a7c2-4215-a50c-8782c326d979
AdventHealth University (frmly Adventist University of Health Sciences),USA,United States,Florida,Nursing,AHU/ADU,Registered Nurse,18f39740-a7c2-4215-a50c-8782c326d979
Bethune-Cookman University,USA,United States,Florida,Nursing,,Registered Nurse,18f39740-a7c2-4215-a50c-8782c326d979
Broward College,USA,United States,Florida,Nursing,,Registered Nurse,18f39740-a7c2-4215-a50c-8782c326d979
Broward County Public Schools - Career Technical Adult Community Education,USA,United States,Florida,Nursing,BC-CTACE,Registered Nurse,18f39740-a7c2-4215-a50c-8782c326d979
Chipola College,USA,United States,Florida,Nursing,,Registered Nurse,18f39740-a7c2-4215-a50c-8782c326d979
College of Central Florida,USA,United States,Florida,Nursing,,Registered Nurse,18f39740-a7c2-4215-a50c-8782c326d979
Daytona State College,USA,United States,Florida,Nursing,,Registered Nurse,18f39740-a7c2-4215-a50c-8782c326d979
Eastern Florida State,USA,United States,Florida,Nursing,,Registered Nurse,18f39740-a7c2-4215-a50c-8782c326d979
Everest University - Brandon,USA,United States,Florida,Nursing,,Registered Nurse,18f39740-a7c2-4215-a50c-8782c326d979
Florida Agricultural and Mechanical University,USA,United States,Florida,Nursing,FAMU,Registered Nurse,18f39740-a7c2-4215-a50c-8782c326d979
Florida Gateway College,USA,United States,Florida,Nursing,FGC,Registered Nurse,18f39740-a7c2-4215-a50c-8782c326d979
Florida Southwestern State College,USA,United States,Florida,Nursing,FSW,Registered Nurse,18f39740-a7c2-4215-a50c-8782c326d979
Florida State College at Jacksonville,USA,United States,Florida,Nursing,FSCJ,Registered Nurse,18f39740-a7c2-4215-a50c-8782c326d979
Galen College of Nursing - Tampa Campus,USA,United States,Florida,Nursing,,Registered Nurse,18f39740-a7c2-4215-a50c-8782c326d979
Gulf Coast State College,USA,United States,Florida,Nursing,,Registered Nurse,18f39740-a7c2-4215-a50c-8782c326d979
Herzing University - Orlando,USA,United States,Florida,Nursing,,Registered Nurse,18f39740-a7c2-4215-a50c-8782c326d979
Hillsborough Community College,USA,United States,Florida,Nursing,HCCFL,Registered Nurse,18f39740-a7c2-4215-a50c-8782c326d979
Indian River State College,USA,United States,Florida,Nursing,IRSC,Registered Nurse,18f39740-a7c2-4215-a50c-8782c326d979
Keiser University - Fort Lauderdale,USA,United States,Florida,Nursing,,Registered Nurse,18f39740-a7c2-4215-a50c-8782c326d979
Keriser University - Jacksonville,USA,United States,Florida,Nursing,,Registered Nurse,18f39740-a7c2-4215-a50c-8782c326d979
Keiser University - Lakeland,USA,United States,Florida,Nursing,,Registered Nurse,18f39740-a7c2-4215-a50c-8782c326d979
Keiser University - Melbourne,USA,United States,Florida,Nursing,,Registered Nurse,18f39740-a7c2-4215-a50c-8782c326d979
Keiser University - Miami,USA,United States,Florida,Nursing,,Registered Nurse,18f39740-a7c2-4215-a50c-8782c326d979
Keiser University - Orlando,USA,United States,Florida,Nursing,,Registered Nurse,18f39740-a7c2-4215-a50c-8782c326d979
Keiser University - Sarasota,USA,United States,Florida,Nursing,,Registered Nurse,18f39740-a7c2-4215-a50c-8782c326d979
Keiser University - Tallahassee,USA,United States,Florida,Nursing,,Registered Nurse,18f39740-a7c2-4215-a50c-8782c326d979
Keiser University - Tampa,USA,United States,Florida,Nursing,,Registered Nurse,18f39740-a7c2-4215-a50c-8782c326d979
Keiser Univeristy - West Palm Beach,USA,United States,Florida,Nursing,,Registered Nurse,18f39740-a7c2-4215-a50c-8782c326d979
Lake-sumter State College,USA,United States,Florida,Nursing,LSSC,Registered Nurse,18f39740-a7c2-4215-a50c-8782c326d979
Mercy Hospital - Campus of Plantation General Hospital,USA,United States,Florida,Nursing,,Registered Nurse,18f39740-a7c2-4215-a50c-8782c326d979
Miami Dade College,USA,United States,Florida,Nursing,MDC,Registered Nurse,18f39740-a7c2-4215-a50c-8782c326d979
Northwest Florida State College,USA,United States,Florida,Nursing,NWFSC,Registered Nurse,18f39740-a7c2-4215-a50c-8782c326d979
Palm Beach State College,USA,United States,Florida,Nursing,,Registered Nurse,18f39740-a7c2-4215-a50c-8782c326d979
Pasco-Hernando State College,USA,United States,Florida,Nursing,PHSC,Registered Nurse,18f39740-a7c2-4215-a50c-8782c326d979
Pensacola State College,USA,United States,Florida,Nursing,,Registered Nurse,18f39740-a7c2-4215-a50c-8782c326d979
Polk State College,USA,United States,Florida,Nursing,,Registered Nurse,18f39740-a7c2-4215-a50c-8782c326d979
Rasmussen College - Land O'Lakes East Pasco,USA,United States,Florida,Nursing,,Registered Nurse,18f39740-a7c2-4215-a50c-8782c326d979
Rasmussen College - New Port Richey West Pasco,USA,United States,Florida,Nursing,,Registered Nurse,18f39740-a7c2-4215-a50c-8782c326d979
Rasmussen College - Ocala,USA,United States,Florida,Nursing,,Registered Nurse,18f39740-a7c2-4215-a50c-8782c326d979
Saint Petersburg College,USA,United States,Florida,Nursing,,Registered Nurse,18f39740-a7c2-4215-a50c-8782c326d979
Santa Fe College,USA,United States,Florida,Nursing,,Registered Nurse,18f39740-a7c2-4215-a50c-8782c326d979
Seminole State College of Florida,USA,United States,Florida,Nursing,SSC,Registered Nurse,18f39740-a7c2-4215-a50c-8782c326d979
Southern Crescent Technical College,USA,United States,Florida,Nursing,STCT,Registered Nurse,18f39740-a7c2-4215-a50c-8782c326d979
South Florida State College,USA,United States,Florida,Nursing,,Registered Nurse,18f39740-a7c2-4215-a50c-8782c326d979
St. Johns River State College,USA,United States,Florida,Nursing,,Registered Nurse,18f39740-a7c2-4215-a50c-8782c326d979
State College of Florida Manatee-Sarasota,USA,United States,Florida,Nursing,,Registered Nurse,18f39740-a7c2-4215-a50c-8782c326d979
Tallahassee Community College,USA,United States,Florida,Nursing,TCC,Registered Nurse,18f39740-a7c2-4215-a50c-8782c326d979
University of Tampa,USA,United States,Florida,Nursing,UT,Registered Nurse,18f39740-a7c2-4215-a50c-8782c326d979
Valencia College,USA,United States,Florida,Nursing,,Registered Nurse,18f39740-a7c2-4215-a50c-8782c326d979
Abraham Baldwin Agricultural College,USA,United States,Georgia,Nursing,ABAC,Registered Nurse,18f39740-a7c2-4215-a50c-8782c326d979
Albany State University,USA,United States,Georgia,Nursing,,Registered Nurse,18f39740-a7c2-4215-a50c-8782c326d979
Athens Technical College,USA,United States,Georgia,Nursing,,Registered Nurse,18f39740-a7c2-4215-a50c-8782c326d979
Augusta Technical College,USA,United States,Georgia,Nursing,,Registered Nurse,18f39740-a7c2-4215-a50c-8782c326d979
Bainbridge State College,USA,United States,Georgia,Nursing,,Registered Nurse,18f39740-a7c2-4215-a50c-8782c326d979
Chattahoochee Technical College,USA,United States,Georgia,Nursing,,Registered Nurse,18f39740-a7c2-4215-a50c-8782c326d979
College of Coastal Georgia,USA,United States,Georgia,Nursing,CCGA,Registered Nurse,18f39740-a7c2-4215-a50c-8782c326d979
Columbus Technical College,USA,United States,Georgia,Nursing,,Registered Nurse,18f39740-a7c2-4215-a50c-8782c326d979
Dalton State College,USA,United States,Georgia,Nursing,DSC,Registered Nurse,18f39740-a7c2-4215-a50c-8782c326d979
Darton State College,USA,United States,Georgia,Nursing,,Registered Nurse,18f39740-a7c2-4215-a50c-8782c326d979
Georgia Highlands College,USA,United States,Georgia,Nursing,,Registered Nurse,18f39740-a7c2-4215-a50c-8782c326d979
Georgia Northwestern Technical College,USA,United States,Georgia,Nursing,GNTC,Registered Nurse,18f39740-a7c2-4215-a50c-8782c326d979
Georgia Perimeter College,USA,United States,Georgia,Nursing,,Registered Nurse,18f39740-a7c2-4215-a50c-8782c326d979
Georgia Southwestern State University,USA,United States,Georgia,Nursing,GSW,Registered Nurse,18f39740-a7c2-4215-a50c-8782c326d979
Gordon State College,USA,United States,Georgia,Nursing,,Registered Nurse,18f39740-a7c2-4215-a50c-8782c326d979
Gwinnett Technical College,USA,United States,Georgia,Nursing,,Registered Nurse,18f39740-a7c2-4215-a50c-8782c326d979
LaGrange College,USA,United States,Georgia,Nursing,,Registered Nurse,18f39740-a7c2-4215-a50c-8782c326d979
Middle Georgia State University,USA,United States,Georgia,Nursing,MGA,Registered Nurse,18f39740-a7c2-4215-a50c-8782c326d979
Piedmont College,USA,United States,Georgia,Nursing,,Registered Nurse,18f39740-a7c2-4215-a50c-8782c326d979
South Georgia State College,USA,United States,Georgia,Nursing,SGSC,Registered Nurse,18f39740-a7c2-4215-a50c-8782c326d979
Southern Regional Technical College,USA,United States,Georgia,Nursing,,Registered Nurse,18f39740-a7c2-4215-a50c-8782c326d979
Southeastern Technical College,USa,United States,Georgia,Nursing,STC,Registered Nurse,18f39740-a7c2-4215-a50c-8782c326d979
Thomas University,USA,United States,Georgia,Nursing,,Registered Nurse,18f39740-a7c2-4215-a50c-8782c326d979
University of North Georgia,USA,United States,Georgia,Nursing,UNG,Registered Nurse,18f39740-a7c2-4215-a50c-8782c326d979
West Georgia Technical College,USA,United States,Georgia,Nursing,,Registered Nurse,18f39740-a7c2-4215-a50c-8782c326d979
Georgia Piedmont Technical College,USA,United States,Georgia,Nursing,GPTC,Registered Nurse,18f39740-a7c2-4215-a50c-8782c326d979
Hawaii Community College,USA,United States,Hawaii,Nursing,,Registered Nurse,18f39740-a7c2-4215-a50c-8782c326d979
Kapi'olani Community College,USA,United States,Hawaii,Nursing,,Registered Nurse,18f39740-a7c2-4215-a50c-8782c326d979
University of Hawaii - Kauai Community College,USA,United States,Hawaii,Nursing,,Registered Nurse,18f39740-a7c2-4215-a50c-8782c326d979
University of Hawaii at Hilo,USA,United States,Hawaii,Nursing,,Registered Nurse,18f39740-a7c2-4215-a50c-8782c326d979
University of Hawaii Maui College,USA,United States,Hawaii,Nursing,,Registered Nurse,18f39740-a7c2-4215-a50c-8782c326d979
Black Hawk College,USA,United States,Illinois,Nursing,BHC,Registered Nurse,18f39740-a7c2-4215-a50c-8782c326d979
Capital Area Career Center,USA,United States,Illinois,Nursing,,Registered Nurse,18f39740-a7c2-4215-a50c-8782c326d979
Carl Sandburg College,USA,United States,Illinois,Nursing,,Registered Nurse,18f39740-a7c2-4215-a50c-8782c326d979
Chicago State University,USA,United States,Illinois,Nursing,CSU,Registered Nurse,18f39740-a7c2-4215-a50c-8782c326d979
City College of Chicago at Malcolm X College,USA,United States,Illinois,Nursing,,Registered Nurse,18f39740-a7c2-4215-a50c-8782c326d979
College of Dupage,USA,United States,Illinois,Nursing,COD,Registered Nurse,18f39740-a7c2-4215-a50c-8782c326d979
College of Lake County,USA,United States,Illinois,Nursing,,Registered Nurse,18f39740-a7c2-4215-a50c-8782c326d979
Danville Area Community College,USA,United States,Illinois,Nursing,DACC,Registered Nurse,18f39740-a7c2-4215-a50c-8782c326d979
Elgin Community College,USA,United States,Illinois,Nursing,ECC,Registered Nurse,18f39740-a7c2-4215-a50c-8782c326d979
Governors State University,USA,United States,Illinois,Nursing,,Registered Nurse,18f39740-a7c2-4215-a50c-8782c326d979
Graham Hospital Association,USA,United States,Illinois,Nursing,,Registered Nurse,18f39740-a7c2-4215-a50c-8782c326d979
Heartland Community College,USA,United States,Illinois,Nursing,,Registered Nurse,18f39740-a7c2-4215-a50c-8782c326d979
Illinois Central College,USA,United States,Illinois,Nursing,ICC,Registered Nurse,18f39740-a7c2-4215-a50c-8782c326d979
Illinois Eastern Community Colleges,USA,United States,Illinois,Nursing,IECC,Registered Nurse,18f39740-a7c2-4215-a50c-8782c326d979
Illinois Valley Community College,USA,United States,Illinois,Nursing,IVCC,Registered Nurse,18f39740-a7c2-4215-a50c-8782c326d979
Joliet Junior College,USA,United States,Illinois,Nursing,JJC,Registered Nurse,18f39740-a7c2-4215-a50c-8782c326d979
Kankakee Community College,USA,United States,Illinois,Nursing,KCC,Registered Nurse,18f39740-a7c2-4215-a50c-8782c326d979
Kaskaskia College,USA,United States,Illinois,Nursing,,Registered Nurse,18f39740-a7c2-4215-a50c-8782c326d979
Lake Land College,USA,United States,Illinois,Nursing,,Registered Nurse,18f39740-a7c2-4215-a50c-8782c326d979
Lewis & Clark Community College,USA,United States,Illinois,Nursing,LC,Registered Nurse,18f39740-a7c2-4215-a50c-8782c326d979
Lincoln Land Community College,USA,United States,Illinois,Nursing,LLCC,Registered Nurse,18f39740-a7c2-4215-a50c-8782c326d979
Moraine Valley Community College,USA,United States,Illinois,Nursing,,Registered Nurse,18f39740-a7c2-4215-a50c-8782c326d979
Morton College,USA,United States,Illinois,Nursing,,Registered Nurse,18f39740-a7c2-4215-a50c-8782c326d979
Oakton Community College,USA,United States,Illinois,Nursing,,Registered Nurse,18f39740-a7c2-4215-a50c-8782c326d979
Parkland College,USA,United States,Illinois,Nursing,,Registered Nurse,18f39740-a7c2-4215-a50c-8782c326d979
Prairie State College,USA,United States,Illinois,Nursing,,Registered Nurse,18f39740-a7c2-4215-a50c-8782c326d979
Richland Community College,USA,United States,Illinois,Nursing,,Registered Nurse,18f39740-a7c2-4215-a50c-8782c326d979
Rockford University,USA,United States,Illinois,Nursing,,Registered Nurse,18f39740-a7c2-4215-a50c-8782c326d979
St. Francis Medical Center College of Nursing,USA,United States,Illinois,Nursing,,Registered Nurse,18f39740-a7c2-4215-a50c-8782c326d979
Southwestern Illinois College,USA,United States,Illinois,Nursing,SWIC,Registered Nurse,18f39740-a7c2-4215-a50c-8782c326d979
St. John's College,USA,United States,Illinois,Nursing,,Registered Nurse,18f39740-a7c2-4215-a50c-8782c326d979
Trinity College of Nursing & Health Sciences,USA,United States,Illinois,Nursing,,Registered Nurse,18f39740-a7c2-4215-a50c-8782c326d979
Triton College,USA,United States,Illinois,Nursing,,Registered Nurse,18f39740-a7c2-4215-a50c-8782c326d979
Waubonsee Community College,USA,United States,Illinois,Nursing,,Registered Nurse,18f39740-a7c2-4215-a50c-8782c326d979
William Rainey Harper College,USA,United States,Illinois,Nursing,,Registered Nurse,18f39740-a7c2-4215-a50c-8782c326d979
Ambria College of Nursing,USA,United States,Illinois,Nursing,,Registered Nurse,18f39740-a7c2-4215-a50c-8782c326d979
Illinois Wesleyan University,USA,United States,Illinois,Nursing,IWU,Registered Nurse,18f39740-a7c2-4215-a50c-8782c326d979
Bethel College,USA,United States,Indiana,Nursing,,Registered Nurse,18f39740-a7c2-4215-a50c-8782c326d979
Bethel University,USA,United States,Indiana,Nursing,,Registered Nurse,18f39740-a7c2-4215-a50c-8782c326d979
Fortis College - Indianapolis,USA,United States,Indiana,Nursing,,Registered Nurse,18f39740-a7c2-4215-a50c-8782c326d979
Franciscan Health Lafayette,USA,United States,Indiana,Nursing,,Registered Nurse,18f39740-a7c2-4215-a50c-8782c326d979
Harrison College - Indianapolis East,USA,United States,Indiana,Nursing,,Registered Nurse,18f39740-a7c2-4215-a50c-8782c326d979
Indiana State University,USA,United States,Indiana,Nursing,ISU,Registered Nurse,18f39740-a7c2-4215-a50c-8782c326d979
Indiana University East,USA,United States,Indiana,Nursing,IUE,Registered Nurse,18f39740-a7c2-4215-a50c-8782c326d979
Indiana University Kokomo,USA,United States,Indiana,Nursing,IUK,Registered Nurse,18f39740-a7c2-4215-a50c-8782c326d979
Indiana University Northwest,USA,United States,Indiana,Nursing,IUN,Registered Nurse,18f39740-a7c2-4215-a50c-8782c326d979
Ivy Tech Community College,USA,United States,Indiana,Nursing,,Registered Nurse,18f39740-a7c2-4215-a50c-8782c326d979
Finger Lakes Community College,USA,United States,New York,Nursing,,Registered Nurse,18f39740-a7c2-4215-a50c-8782c326d979
Purdue University Calumet,USA,United States,Indiana,Nursing,PUC,Registered Nurse,18f39740-a7c2-4215-a50c-8782c326d979
Purdue University North Central,USA,United States,Indiana,Nursing,,Registered Nurse,18f39740-a7c2-4215-a50c-8782c326d979
Purdue University Northwest,USA,United States,Indiana,Nursing,PNW,Registered Nurse,18f39740-a7c2-4215-a50c-8782c326d979
University of Evansville,USA,United States,Indiana,Nursing,,Registered Nurse,18f39740-a7c2-4215-a50c-8782c326d979
University of Saint Francis,USA,United States,Indiana,Nursing,SF,Registered Nurse,18f39740-a7c2-4215-a50c-8782c326d979
Vincennes University,USA,United States,Indiana,Nursing,VU,Registered Nurse,18f39740-a7c2-4215-a50c-8782c326d979
Des Moines Area Community College,USA,United States,Iowa,Nursing,DMACC,Registered Nurse,18f39740-a7c2-4215-a50c-8782c326d979
Iowa Wesleyan College,USA,United States,Iowa,Nursing,,Registered Nurse,18f39740-a7c2-4215-a50c-8782c326d979
Kirkwood Community College,USA,United States,Iowa,Nursing,,Registered Nurse,18f39740-a7c2-4215-a50c-8782c326d979
Mercy College of Health Sciences,USA,United States,Iowa,Nursing,,Registered Nurse,18f39740-a7c2-4215-a50c-8782c326d979
North Iowa Area Community College,USA,United States,Iowa,Nursing,NIACC,Registered Nurse,18f39740-a7c2-4215-a50c-8782c326d979
St. Luke's College,USA,United States,Iowa,Nursing,,Registered Nurse,18f39740-a7c2-4215-a50c-8782c326d979
Western Iowa Tech Community College,USA,United States,Iowa,Nursing,,Registered Nurse,18f39740-a7c2-4215-a50c-8782c326d979
Barton County Community College,USA,United States,Kansas,Nursing,,Registered Nurse,18f39740-a7c2-4215-a50c-8782c326d979
Butler County Community College,USA,United States,Kansas,Nursing,,Registered Nurse,18f39740-a7c2-4215-a50c-8782c326d979
Cloud County Community College,USA,United States,Kansas,Nursing,,Registered Nurse,18f39740-a7c2-4215-a50c-8782c326d979
Colby Community College,USA,United States,Kansas,Nursing,,Registered Nurse,18f39740-a7c2-4215-a50c-8782c326d979
Dodge City Community College,USA,United States,Kansas,Nursing,,Registered Nurse,18f39740-a7c2-4215-a50c-8782c326d979
Emporia State University,USA,United States,Kansas,Nursing,,Registered Nurse,18f39740-a7c2-4215-a50c-8782c326d979
Fort Scott Community College,USA,United States,Kansas,Nursing,,Registered Nurse,18f39740-a7c2-4215-a50c-8782c326d979
Garden City Community College,USA,United States,Kansas,Nursing,GCCC,Registered Nurse,18f39740-a7c2-4215-a50c-8782c326d979
Hesston College,USA,United States,Kansas,Nursing,,Registered Nurse,18f39740-a7c2-4215-a50c-8782c326d979
Hutchinson Community College,USA,United States,Kansas,Nursing,,Registered Nurse,18f39740-a7c2-4215-a50c-8782c326d979
Johnson County Community College,USA,United States,Kansas,Nursing,JCCC,Registered Nurse,18f39740-a7c2-4215-a50c-8782c326d979
Kansas City Kansas Community College,USA,United States,Kansas,Nursing,KCKCC,Registered Nurse,18f39740-a7c2-4215-a50c-8782c326d979
Labette Community College,USA,United States,Kansas,Nursing,,Registered Nurse,18f39740-a7c2-4215-a50c-8782c326d979
Manhattan Area Technical College,USA,United States,Kansas,Nursing,,Registered Nurse,18f39740-a7c2-4215-a50c-8782c326d979
Neosho County Community College,USA,United States,Kansas,Nursing,,Registered Nurse,18f39740-a7c2-4215-a50c-8782c326d979
North Central Kansas Technical College,USA,United States,Kansas,Nursing,NCKTC,Registered Nurse,18f39740-a7c2-4215-a50c-8782c326d979
Seward County Community College,USA,United States,Kansas,Nursing,NCCC,Registered Nurse,18f39740-a7c2-4215-a50c-8782c326d979
Ashland Community & Technical College,USA,United States,Kentucky,Nursing,ACTC,Registered Nurse,18f39740-a7c2-4215-a50c-8782c326d979
Bluegrass Community & Technical College,USA,United States,Kentucky,Nursing,BCTC,Registered Nurse,18f39740-a7c2-4215-a50c-8782c326d979
Campbellsville University,USA,United States,Kentucky,Nursing,,Registered Nurse,18f39740-a7c2-4215-a50c-8782c326d979
Eastern Kentucky University,USA,United States,Kentucky,Nursing,EKU,Registered Nurse,18f39740-a7c2-4215-a50c-8782c326d979
Elizabethtown Community & Technical College,USA,United States,Kentucky,Nursing,ECTC,Registered Nurse,18f39740-a7c2-4215-a50c-8782c326d979
Frontier Nursing University,USA,United States,Kentucky,Nursing,,Registered Nurse,18f39740-a7c2-4215-a50c-8782c326d979
Galen College of Nursing - Louisville,USA,United States,Kentucky,Nursing,,Registered Nurse,18f39740-a7c2-4215-a50c-8782c326d979
Henderson Community College,USA,United States,Kentucky,Nursing,,Registered Nurse,18f39740-a7c2-4215-a50c-8782c326d979
Hopkinsville Community College,USA,United States,Kentucky,Nursing,,Registered Nurse,18f39740-a7c2-4215-a50c-8782c326d979
Jefferson Community & Technical College,USA,United States,Kentucky,Nursing,JCTC,Registered Nurse,18f39740-a7c2-4215-a50c-8782c326d979
Kentucky State University,USA,United States,Kentucky,Nursing,KYSU,Registered Nurse,18f39740-a7c2-4215-a50c-8782c326d979
Madisonville Community College,USA,United States,Kentucky,Nursing,KCTCS,Registered Nurse,18f39740-a7c2-4215-a50c-8782c326d979
Midway University,USA,United States,Kentucky,Nursing,,Registered Nurse,18f39740-a7c2-4215-a50c-8782c326d979
Morehead State University,USA,United States,Kentucky,Nursing,,Registered Nurse,18f39740-a7c2-4215-a50c-8782c326d979
Northern Kentucky University,USA,United States,Kentucky,Nursing,NKU,Registered Nurse,18f39740-a7c2-4215-a50c-8782c326d979
Somerset Community College,USA,United States,Kentucky,Nursing,SCC,Registered Nurse,18f39740-a7c2-4215-a50c-8782c326d979
Southeast Kentucky Community & Technical College,USA,United States,Kentucky,Nursing,KCTCS,Registered Nurse,18f39740-a7c2-4215-a50c-8782c326d979
Thomas More College,USA,United States,Kentucky,Nursing,,Registered Nurse,18f39740-a7c2-4215-a50c-8782c326d979
University of Pikeville,USA,United States,Kentucky,Nursing,,Registered Nurse,18f39740-a7c2-4215-a50c-8782c326d979
West Kentucky Community and Technical College,USA,United States,Kentucky,Nursing,WKCTC,Registered Nurse,18f39740-a7c2-4215-a50c-8782c326d979
Western Kentucky University,USA,United States,Kentucky,Nursing,WKU,Registered Nurse,18f39740-a7c2-4215-a50c-8782c326d979
Owensboro Community and Technical College,USA,United States,Kentucky,Nursing,OCTC,Registered Nurse,18f39740-a7c2-4215-a50c-8782c326d979
Baton Rouge Community College,USA,United States,Louisiana,Nursing,BRCC,Registered Nurse,18f39740-a7c2-4215-a50c-8782c326d979
Baton Rouge General Medical Center,USA,United States,Louisiana,Nursing,,Registered Nurse,18f39740-a7c2-4215-a50c-8782c326d979
Bossier Parish Community College,USA,United States,Louisiana,Nursing,BPCC,Registered Nurse,18f39740-a7c2-4215-a50c-8782c326d979
Delgado Community College - Charity School of Nursing,USA,United States,Louisiana,Nursing,DCC,Registered Nurse,18f39740-a7c2-4215-a50c-8782c326d979
Dillard University,USA,United States,Louisiana,Nursing,,Registered Nurse,18f39740-a7c2-4215-a50c-8782c326d979
Fletcher Technical Community College,USA,United States,Louisiana,Nursing,,Registered Nurse,18f39740-a7c2-4215-a50c-8782c326d979
Franciscan Missionaries of Our Lady University ,USA,United States,Louisiana,Nursing,Fran U,Registered Nurse,18f39740-a7c2-4215-a50c-8782c326d979
Grambling State University,USA,United States,Louisiana,Nursing,,Registered Nurse,18f39740-a7c2-4215-a50c-8782c326d979
Louisiana Delta Community College,USA,United States,Louisiana,Nursing,LDCC,Registered Nurse,18f39740-a7c2-4215-a50c-8782c326d979
Louisiana State University at Alexandria,USA,United States,Louisiana,Nursing,LSU,Registered Nurse,18f39740-a7c2-4215-a50c-8782c326d979
Louisiana State University at Eunice,USA,United States,Louisiana,Nursing,LSU,Registered Nurse,18f39740-a7c2-4215-a50c-8782c326d979
Louisiana State University Shreveport,USA,United States,Louisiana,Nursing,LSU,Registered Nurse,18f39740-a7c2-4215-a50c-8782c326d979
Louisiana State University,USA,United States,Louisiana,Nursing,LSU,Registered Nurse,18f39740-a7c2-4215-a50c-8782c326d979
Louisiana Tech University,USA,United States,Louisiana,Nursing,,Registered Nurse,18f39740-a7c2-4215-a50c-8782c326d979
Northwestern State University of Louisiana,USA,United States,Louisiana,Nursing,NSU,Registered Nurse,18f39740-a7c2-4215-a50c-8782c326d979
Southern University at Shreveport,USA,United States,Louisiana,Nursing,SUSLA,Registered Nurse,18f39740-a7c2-4215-a50c-8782c326d979
University of Holy Cross,USA,United States,Louisiana,Nursing,,Registered Nurse,18f39740-a7c2-4215-a50c-8782c326d979
Central Maine Community College,USA,United States,Maine,Nursing,CMCC,Registered Nurse,18f39740-a7c2-4215-a50c-8782c326d979
Eastern Maine Community College,USA,United States,Maine,Nursing,,Registered Nurse,18f39740-a7c2-4215-a50c-8782c326d979
Kennebec Valley Community College,USA,United States,Maine,Nursing,KVCC,Registered Nurse,18f39740-a7c2-4215-a50c-8782c326d979
Maine College of Health Professions,USA,United States,Maine,Nursing,MCHP,Registered Nurse,18f39740-a7c2-4215-a50c-8782c326d979
Northern Maine Community College,USA,United States,Maine,Nursing,MNMCC,Registered Nurse,18f39740-a7c2-4215-a50c-8782c326d979
Southern Maine Community College,USA,United States,Maine,Nursing,,Registered Nurse,18f39740-a7c2-4215-a50c-8782c326d979
University of Maine at Augusta,USA,United States,Maine,Nursing,UMA,Registered Nurse,18f39740-a7c2-4215-a50c-8782c326d979
University of New England,USA,United States,Maine,Nursing,UNE,Registered Nurse,18f39740-a7c2-4215-a50c-8782c326d979
Allegany College of Maryland,USA,United States,Maryland,Nursing,,Registered Nurse,18f39740-a7c2-4215-a50c-8782c326d979
Anne Arundel Community College,USA,United States,Maryland,Nursing,AACC,Registered Nurse,18f39740-a7c2-4215-a50c-8782c326d979
Baltimore City Community College,USA,United States,Maryland,Nursing,,Registered Nurse,18f39740-a7c2-4215-a50c-8782c326d979
Bowie State University,USA,United States,Maryland,Nursing,BSU,Registered Nurse,18f39740-a7c2-4215-a50c-8782c326d979
Cecil College,USA,United States,Maryland,Nursing,,Registered Nurse,18f39740-a7c2-4215-a50c-8782c326d979
Chesapeake College,USA,United States,Maryland,Nursing,,Registered Nurse,18f39740-a7c2-4215-a50c-8782c326d979
College of Southern Maryland,USA,United States,Maryland,Nursing,,Registered Nurse,18f39740-a7c2-4215-a50c-8782c326d979
The Community College of Baltimore County,USA,United States,Maryland,Nursing,CCBCMD,Registered Nurse,18f39740-a7c2-4215-a50c-8782c326d979
Frederick Community College,USA,United States,Maryland,Nursing,FCC,Registered Nurse,18f39740-a7c2-4215-a50c-8782c326d979
Hagerstown Community College,USA,United States,Maryland,Nursing,,Registered Nurse,18f39740-a7c2-4215-a50c-8782c326d979
Harford Community College,USA,United States,Maryland,Nursing,,Registered Nurse,18f39740-a7c2-4215-a50c-8782c326d979
Howard Community College,USA,United States,Maryland,Nursing,,Registered Nurse,18f39740-a7c2-4215-a50c-8782c326d979
Montgomery College - Takoma Park Campus,USA,United States,Maryland,Nursing,,Registered Nurse,18f39740-a7c2-4215-a50c-8782c326d979
Notre Dame of Maryland University,USA,United States,Maryland,Nursing,NDM,Registered Nurse,18f39740-a7c2-4215-a50c-8782c326d979
Prince George's Community College,USA,United States,Maryland,Nursing,PGCC,Registered Nurse,18f39740-a7c2-4215-a50c-8782c326d979
Anna Maria College,USA,United States,Massachusetts,Nursing,,Registered Nurse,18f39740-a7c2-4215-a50c-8782c326d979
Assabet Valley Regional Technical School,USA,United States,Massachusetts,Nursing,,Registered Nurse,18f39740-a7c2-4215-a50c-8782c326d979
Bay State College,USA,United States,Massachusetts,Nursing,,Registered Nurse,18f39740-a7c2-4215-a50c-8782c326d979
Becker College,USA,United States,Massachusetts,Nursing,,Registered Nurse,18f39740-a7c2-4215-a50c-8782c326d979
Berkshire Community College,USA,United States,Massachusetts,Nursing,,Registered Nurse,18f39740-a7c2-4215-a50c-8782c326d979
Blackstone Valley Regional Vocational Technical High School,USA,United States,Massachusetts,Nursing,,Registered Nurse,18f39740-a7c2-4215-a50c-8782c326d979
Bristol Community College,USA,United States,Massachusetts,Nursing,,Registered Nurse,18f39740-a7c2-4215-a50c-8782c326d979
Bunker Hill Community College,USA,United States,Massachusetts,Nursing,BHCC,Registered Nurse,18f39740-a7c2-4215-a50c-8782c326d979
Cape Cod Community College,USA,United States,Massachusetts,Nursing,,Registered Nurse,18f39740-a7c2-4215-a50c-8782c326d979
Endicott College,USA,United States,Massachusetts,Nursing,,Registered Nurse,18f39740-a7c2-4215-a50c-8782c326d979
Greenfield Community College,USA,United States,Massachusetts,Nursing,GCC,Registered Nurse,18f39740-a7c2-4215-a50c-8782c326d979
Holyoke Community College,USA,United States,Massachusetts,Nursing,HCC,Registered Nurse,18f39740-a7c2-4215-a50c-8782c326d979
Laboure College,USA,United States,Massachusetts,Nursing,,Registered Nurse,18f39740-a7c2-4215-a50c-8782c326d979
Lawrence Memorial - Regis College Collaborative,USA,United States,Massachusetts,Nursing,,Registered Nurse,18f39740-a7c2-4215-a50c-8782c326d979
Massachusetts Bay Community College,USA,United States,Massachusetts,Nursing,,Registered Nurse,18f39740-a7c2-4215-a50c-8782c326d979
Massasoit Community College,USA,United States,Massachusetts,Nursing,,Registered Nurse,18f39740-a7c2-4215-a50c-8782c326d979
Middlesex Community College,USA,United States,Massachusetts,Nursing,MCC,Registered Nurse,18f39740-a7c2-4215-a50c-8782c326d979
Mount Wachusett Community College,USA,United States,Massachusetts,Nursing,MWC,Registered Nurse,18f39740-a7c2-4215-a50c-8782c326d979
North Shore Community College,USA,United States,Massachusetts,Nursing,,Registered Nurse,18f39740-a7c2-4215-a50c-8782c326d979
Northern Essex Community College,USA,United States,Massachusetts,Nursing,NECC,Registered Nurse,18f39740-a7c2-4215-a50c-8782c326d979
Quincy College,USA,United States,Massachusetts,Nursing,QC,Registered Nurse,18f39740-a7c2-4215-a50c-8782c326d979
Quinsigamond Community College,USA,United States,Massachusetts,Nursing,QCC,Registered Nurse,18f39740-a7c2-4215-a50c-8782c326d979
Regis College,USA,United States,Massachusetts,Nursing,,Registered Nurse,18f39740-a7c2-4215-a50c-8782c326d979
Roxbury Community College,USA,United States,Massachusetts,Nursing,RCC,Registered Nurse,18f39740-a7c2-4215-a50c-8782c326d979
Signature Healthcare - Brockton Hospital Inc.,USA,United States,Massachusetts,Nursing,,Registered Nurse,18f39740-a7c2-4215-a50c-8782c326d979
Springfield Technical Community College,USA,United States,Massachusetts,Nursing,STCC,Registered Nurse,18f39740-a7c2-4215-a50c-8782c326d979
Andrews University,USA,United States,Michigan,Nursing,,Registered Nurse,18f39740-a7c2-4215-a50c-8782c326d979
Bay de Noc Community College,USA,United States,Michigan,Nursing,Bay College,Registered Nurse,18f39740-a7c2-4215-a50c-8782c326d979
Calvin College,USA,United States,Michigan,Nursing,,Registered Nurse,18f39740-a7c2-4215-a50c-8782c326d979
Kalamazoo Valley Community College,USA,United States,Michigan,Nursing,KVCC,Registered Nurse,18f39740-a7c2-4215-a50c-8782c326d979
Davenport University,USA,United States,Michigan,Nursing,,Registered Nurse,18f39740-a7c2-4215-a50c-8782c326d979
Delta College,USA,United States,Michigan,Nursing,,Registered Nurse,18f39740-a7c2-4215-a50c-8782c326d979
Ferris State University,USA,United States,Michigan,Nursing,,Registered Nurse,18f39740-a7c2-4215-a50c-8782c326d979
Grand Rapids Community College,USA,United States,Michigan,Nursing,,Registered Nurse,18f39740-a7c2-4215-a50c-8782c326d979
Henry Ford College,USA,United States,Michigan,Nursing,HFCC,Registered Nurse,18f39740-a7c2-4215-a50c-8782c326d979
Lake Michigan College,USA,United States,Michigan,Nursing,LMC,Registered Nurse,18f39740-a7c2-4215-a50c-8782c326d979
Lansing Community College,USA,United States,Michigan,Nursing,LCC,Registered Nurse,18f39740-a7c2-4215-a50c-8782c326d979
Macomb Community College,USA,United States,Michigan,Nursing,,Registered Nurse,18f39740-a7c2-4215-a50c-8782c326d979
Monroe County Community College,USA,United States,Michigan,Nursing,,Registered Nurse,18f39740-a7c2-4215-a50c-8782c326d979
Mott Community College,USA,United States,Michigan,Nursing,MCC,Registered Nurse,18f39740-a7c2-4215-a50c-8782c326d979
Muskegon Community College,USA,United States,Michigan,Nursing,MCC,Registered Nurse,18f39740-a7c2-4215-a50c-8782c326d979
Northwestern Michigan College,USA,United States,Michigan,Nursing,NMC,Registered Nurse,18f39740-a7c2-4215-a50c-8782c326d979
Oakland Community College,USA,United States,Michigan,Nursing,OCC,Registered Nurse,18f39740-a7c2-4215-a50c-8782c326d979
Schoolcraft College,USA,United States,Michigan,Nursing,,Registered Nurse,18f39740-a7c2-4215-a50c-8782c326d979
St. Clair County Community College,USA,United States,Michigan,Nursing,,Registered Nurse,18f39740-a7c2-4215-a50c-8782c326d979
Washtenaw Community College,USA,United States,Michigan,Nursing,,Registered Nurse,18f39740-a7c2-4215-a50c-8782c326d979
Anoka-Ramsey Community College,USA,United States,Minnesota,Nursing,,Registered Nurse,18f39740-a7c2-4215-a50c-8782c326d979
Century College,USA,United States,Minnesota,Nursing,,Registered Nurse,18f39740-a7c2-4215-a50c-8782c326d979
Hibbing Community College,USA,United States,Minnesota,Nursing,,Registered Nurse,18f39740-a7c2-4215-a50c-8782c326d979
Inver Hills Community College,USA,United States,Minnesota,Nursing,,Registered Nurse,18f39740-a7c2-4215-a50c-8782c326d979
Lake Superior College,USA,United States,Minnesota,Nursing,LSC,Registered Nurse,18f39740-a7c2-4215-a50c-8782c326d979
Minneapolis Community & Technical College,USA,United States,Minnesota,Nursing,,Registered Nurse,18f39740-a7c2-4215-a50c-8782c326d979
Minnesota State College - Southeast Technical,USA,United States,Minnesota,Nursing,,Registered Nurse,18f39740-a7c2-4215-a50c-8782c326d979
Minnesota West Community & Technical College,USA,United States,Minnesota,Nursing,,Registered Nurse,18f39740-a7c2-4215-a50c-8782c326d979
Normandale Community College,USA,United States,Minnesota,Nursing,,Registered Nurse,18f39740-a7c2-4215-a50c-8782c326d979
North Hennepin Community College,USA,United States,Minnesota,Nursing,NHCC,Registered Nurse,18f39740-a7c2-4215-a50c-8782c326d979
Northland Community and Technical College,USA,United States,Minnesota,Nursing,,Registered Nurse,18f39740-a7c2-4215-a50c-8782c326d979
Ridgewater College,USA,United States,Minnesota,Nursing,,Registered Nurse,18f39740-a7c2-4215-a50c-8782c326d979
Ridgewater Community College,USA,United States,Minnesota,Nursing,,Registered Nurse,18f39740-a7c2-4215-a50c-8782c326d979
Rochester Community & Technical College,USA,United States,Minnesota,Nursing,RCTC,Registered Nurse,18f39740-a7c2-4215-a50c-8782c326d979
Saint Cloud Technical and Community College,USA,United States,Minnesota,Nursing,SCTCC,Registered Nurse,18f39740-a7c2-4215-a50c-8782c326d979
Saint Paul College,USA,United States,Minnesota,Nursing,,Registered Nurse,18f39740-a7c2-4215-a50c-8782c326d979
St. Catherine University,USA,United States,Minnesota,Nursing,St Kate,Registered Nurse,18f39740-a7c2-4215-a50c-8782c326d979
Alcorn State University,USA,United States,Mississippi,Nursing,,Registered Nurse,18f39740-a7c2-4215-a50c-8782c326d979
Coahoma Community College,USA,United States,Mississippi,Nursing,,Registered Nurse,18f39740-a7c2-4215-a50c-8782c326d979
Copiah-Lincoln Community College,USA,United States,Mississippi,Nursing,,Registered Nurse,18f39740-a7c2-4215-a50c-8782c326d979
East Central Community College,USA,United States,Mississippi,Nursing,ECCC,Registered Nurse,18f39740-a7c2-4215-a50c-8782c326d979
East Mississippi Community College,USA,United States,Mississippi,Nursing,EMCC,Registered Nurse,18f39740-a7c2-4215-a50c-8782c326d979
Hinds Community College,USA,United States,Mississippi,Nursing,,Registered Nurse,18f39740-a7c2-4215-a50c-8782c326d979
Holmes Community College,USA,United States,Mississippi,Nursing,,Registered Nurse,18f39740-a7c2-4215-a50c-8782c326d979
Itawamba Community College,USA,United States,Mississippi,Nursing,ICCMS,Registered Nurse,18f39740-a7c2-4215-a50c-8782c326d979
Jones County Junior College,USA,United States,Mississippi,Nursing,JCJC,Registered Nurse,18f39740-a7c2-4215-a50c-8782c326d979
Meridian Community College,USA,United States,Mississippi,Nursing,,Registered Nurse,18f39740-a7c2-4215-a50c-8782c326d979
Mississippi Delta Community College,USA,United States,Mississippi,Nursing,,Registered Nurse,18f39740-a7c2-4215-a50c-8782c326d979
Mississippi Gulf Coast Community College,USA,United States,Mississippi,Nursing,MGCCC,Registered Nurse,18f39740-a7c2-4215-a50c-8782c326d979
Mississippi University for Women,USA,United States,Mississippi,Nursing,MUW,Registered Nurse,18f39740-a7c2-4215-a50c-8782c326d979
Northeast Mississippi Community College,USA,United States,Mississippi,Nursing,NEMCC,Registered Nurse,18f39740-a7c2-4215-a50c-8782c326d979
Northwest Mississippi Community College,USA,United States,Mississippi,Nursing,,Registered Nurse,18f39740-a7c2-4215-a50c-8782c326d979
Pearl River Community College,USA,United States,Mississippi,Nursing,PRCC,Registered Nurse,18f39740-a7c2-4215-a50c-8782c326d979
Southwest Mississippi Community College,USA,United States,Mississippi,Nursing,,Registered Nurse,18f39740-a7c2-4215-a50c-8782c326d979
Cox College,USA,United States,Missouri,Nursing,,Registered Nurse,18f39740-a7c2-4215-a50c-8782c326d979
Crowder College,USA,United States,Missouri,Nursing,,Registered Nurse,18f39740-a7c2-4215-a50c-8782c326d979
East Central College,USA,United States,Missouri,Nursing,,Registered Nurse,18f39740-a7c2-4215-a50c-8782c326d979
Hannibal-Lagrange University,USA,United States,Missouri,Nursing,,Registered Nurse,18f39740-a7c2-4215-a50c-8782c326d979
Lincoln University of Missouri,USA,United States,Missouri,Nursing,,Registered Nurse,18f39740-a7c2-4215-a50c-8782c326d979
Metropolitan Community College - Penn Valley,USA,United States,Missouri,Nursing,MCCKC,Registered Nurse,18f39740-a7c2-4215-a50c-8782c326d979
Missouri Southern State University - Joplin,USA,United States,Missouri,Nursing,MSSU,Registered Nurse,18f39740-a7c2-4215-a50c-8782c326d979
Missouri State University - West Plains,USA,United States,Missouri,Nursing,,Registered Nurse,18f39740-a7c2-4215-a50c-8782c326d979
Mineral Area College,USA,United States,Missouri,Nursing,,Registered Nurse,18f39740-a7c2-4215-a50c-8782c326d979
Moberly Area Community College,USA,United States,Missouri,Nursing,MACC,Registered Nurse,18f39740-a7c2-4215-a50c-8782c326d979
National American University Kansas City - Zona Rosa,USA,United States,Missouri,Nursing,,Registered Nurse,18f39740-a7c2-4215-a50c-8782c326d979
Ozarks Technical Community College,USA,United States,Missouri,Nursing,OTC,Registered Nurse,18f39740-a7c2-4215-a50c-8782c326d979
Park University,USA,United States,Missouri,Nursing,,Registered Nurse,18f39740-a7c2-4215-a50c-8782c326d979
St. Charles Community College,USA,United States,Missouri,Nursing,SCC,Registered Nurse,18f39740-a7c2-4215-a50c-8782c326d979
Southeast Missouri Hospital,USA,United States,Missouri,Nursing,,Registered Nurse,18f39740-a7c2-4215-a50c-8782c326d979
Southwest Baptist University,USA,United States,Missouri,Nursing,,Registered Nurse,18f39740-a7c2-4215-a50c-8782c326d979
St. Louis Community College,USA,United States,Missouri,Nursing,,Registered Nurse,18f39740-a7c2-4215-a50c-8782c326d979
"Success Healthcare - St. Alexius Hospital, Inc.",USA,United States,Missouri,Nursing,,Registered Nurse,18f39740-a7c2-4215-a50c-8782c326d979
Three Rivers Community College,USA,United States,Missouri,Nursing,TRCC,Registered Nurse,18f39740-a7c2-4215-a50c-8782c326d979
Webster University,USA,United States,Montana,Nursing,,Registered Nurse,18f39740-a7c2-4215-a50c-8782c326d979
Helena College - University of Montana,USA,United States,Montana,Nursing,,Registered Nurse,18f39740-a7c2-4215-a50c-8782c326d979
Miles Community College,USA,United States,Montana,Nursing,,Registered Nurse,18f39740-a7c2-4215-a50c-8782c326d979
Missoula College - University of Montana,USA,United States,Montana,Nursing,,Registered Nurse,18f39740-a7c2-4215-a50c-8782c326d979
Montana State University - Northern,USA,United States,Montana,Nursing,MSU,Registered Nurse,18f39740-a7c2-4215-a50c-8782c326d979
Salish Kootenai College,USA,United States,Montana,Nursing,SKC,Registered Nurse,18f39740-a7c2-4215-a50c-8782c326d979
Bryan College of Health Sciences,USA,United States,Nebraska,Nursing,,Registered Nurse,18f39740-a7c2-4215-a50c-8782c326d979
Central Community College,USA,United States,Nebraska,Nursing,,Registered Nurse,18f39740-a7c2-4215-a50c-8782c326d979
Clarkson College,USA,United States,Nebraska,Nursing,,Registered Nurse,18f39740-a7c2-4215-a50c-8782c326d979
College of Saint Mary,USA,United States,Nebraska,Nursing,CSM,Registered Nurse,18f39740-a7c2-4215-a50c-8782c326d979
Metropolitan Community College,USA,United States,Nebraska,Nursing,,Registered Nurse,18f39740-a7c2-4215-a50c-8782c326d979
Midland University,USA,United States,Nebraska,Nursing,,Registered Nurse,18f39740-a7c2-4215-a50c-8782c326d979
Mid-Plains Community College,USA,United States,Nebraska,Nursing,,Registered Nurse,18f39740-a7c2-4215-a50c-8782c326d979
Northeast Community College,USA,United States,Nebraska,Nursing,,Registered Nurse,18f39740-a7c2-4215-a50c-8782c326d979
Southeast Community College,USA,United States,Nebraska,Nursing,,Registered Nurse,18f39740-a7c2-4215-a50c-8782c326d979
Western Nebraska Community College,USA,United States,Nebraska,Nursing,WNCC,Registered Nurse,18f39740-a7c2-4215-a50c-8782c326d979
Brightwood College,USA,United States,Nebraska,Nursing,,Registered Nurse,18f39740-a7c2-4215-a50c-8782c326d979
Carrington College - Reno,USA,United States,Nevada,Nursing,,Registered Nurse,18f39740-a7c2-4215-a50c-8782c326d979
College of Southern Nevada,USA,United States,Nevada,Nursing,,Registered Nurse,18f39740-a7c2-4215-a50c-8782c326d979
College of Southern Nevada,USA,United States,Nevada,Nursing,,Registered Nurse,18f39740-a7c2-4215-a50c-8782c326d979
Everest College - Henderson,USA,United States,Nevada,Nursing,,Registered Nurse,18f39740-a7c2-4215-a50c-8782c326d979
Great Basin College,USA,United States,Nevada,Nursing,GBCNV,Registered Nurse,18f39740-a7c2-4215-a50c-8782c326d979
Roseman University of Health Sciences - Henderson,USA,United States,Nevada,Nursing,,Registered Nurse,18f39740-a7c2-4215-a50c-8782c326d979
Truckee Meadows Community College,USA,United States,Nevada,Nursing,TMCC,Registered Nurse,18f39740-a7c2-4215-a50c-8782c326d979
Western Nevada College,USA,United States,Nevada,Nursing,WNC,Registered Nurse,18f39740-a7c2-4215-a50c-8782c326d979
Franklin Pierce University,USA,United States,New Hampshire,Nursing,,Registered Nurse,18f39740-a7c2-4215-a50c-8782c326d979
Great Bay Community College,USA,United States,New Hampshire,Nursing,GBCC,Registered Nurse,18f39740-a7c2-4215-a50c-8782c326d979
Manchester Community College,USA,United States,New Hampshire,Nursing,,Registered Nurse,18f39740-a7c2-4215-a50c-8782c326d979
Nashua Community College,USA,United States,New Hampshire,Nursing,,Registered Nurse,18f39740-a7c2-4215-a50c-8782c326d979
Nhti Concord's Community College,USA,United States,New Hampshire,Nursing,NHTI,Registered Nurse,18f39740-a7c2-4215-a50c-8782c326d979
Premier Education Group - Salter School of Nursing,USA,United States,New Hampshire,Nursing,,Registered Nurse,18f39740-a7c2-4215-a50c-8782c326d979
River Valley Community College,USA,United States,New Hampshire,Nursing,,Registered Nurse,18f39740-a7c2-4215-a50c-8782c326d979
Rivier University,USA,United States,New Hampshire,Nursing,,Registered Nurse,18f39740-a7c2-4215-a50c-8782c326d979
St. Joseph School of Nursing,USA,United States,New Hampshire,Nursing,SJSON,Registered Nurse,18f39740-a7c2-4215-a50c-8782c326d979
Atlantic Cape Community College,USA,United States,New Jersey,Nursing,,Registered Nurse,18f39740-a7c2-4215-a50c-8782c326d979
Bergen Community College,USA,United States,New Jersey,Nursing,,Registered Nurse,18f39740-a7c2-4215-a50c-8782c326d979
Brookdale Community College,USA,United States,New Jersey,Nursing,,Registered Nurse,18f39740-a7c2-4215-a50c-8782c326d979
Hudson County Community College,USA,United States,New Jersey,Nursing,HCCC,Registered Nurse,18f39740-a7c2-4215-a50c-8782c326d979
Carepoint Health School of Nursing,USA,United States,New Jersey,Nursing,,Registered Nurse,18f39740-a7c2-4215-a50c-8782c326d979
College of Saint Elizabeth,USA,United States,New Jersey,Nursing,CSE,Registered Nurse,18f39740-a7c2-4215-a50c-8782c326d979
County College of Morris,USA,United States,New Jersey,Nursing,CCM,Registered Nurse,18f39740-a7c2-4215-a50c-8782c326d979
Cumberland County College,USA,United States,New Jersey,Nursing,NSCC,Registered Nurse,18f39740-a7c2-4215-a50c-8782c326d979
Essex County College,USA,United States,New Jersey,Nursing,,Registered Nurse,18f39740-a7c2-4215-a50c-8782c326d979
Holy Name Medical Center,USA,United States,New Jersey,Nursing,,Registered Nurse,18f39740-a7c2-4215-a50c-8782c326d979
"JFK Health System, Inc.",USA,United States,New Jersey,Nursing,,Registered Nurse,18f39740-a7c2-4215-a50c-8782c326d979
Kean University,USA,United States,New Jersey,Nursing,,Registered Nurse,18f39740-a7c2-4215-a50c-8782c326d979
Mercer County Community College,USA,United States,New Jersey,Nursing,MCCC,Registered Nurse,18f39740-a7c2-4215-a50c-8782c326d979
Middlesex County College,USA,United States,New Jersey,Nursing,,Registered Nurse,18f39740-a7c2-4215-a50c-8782c326d979
New Jersey City University,USA,United States,New Jersey,Nursing,NCJU,Registered Nurse,18f39740-a7c2-4215-a50c-8782c326d979
Ocean County College,USA,United States,New Jersey,Nursing,,Registered Nurse,18f39740-a7c2-4215-a50c-8782c326d979
Our Lady of Lourdes School of Nursing - Camden County College,USA,United States,New Jersey,Nursing,,Registered Nurse,18f39740-a7c2-4215-a50c-8782c326d979
Passaic County Community College,USA,United States,New Jersey,Nursing,PCCC,Registered Nurse,18f39740-a7c2-4215-a50c-8782c326d979
Ramapo College of New Jersey,USA,United States,New Jersey,Nursing,,Registered Nurse,18f39740-a7c2-4215-a50c-8782c326d979
Raritan Valley Community College,USA,United States,New Jersey,Nursing,,Registered Nurse,18f39740-a7c2-4215-a50c-8782c326d979
Rowan College at Burlington County,USA,United States,New Jersey,Nursing,,Registered Nurse,18f39740-a7c2-4215-a50c-8782c326d979
Rowan College at Gloucester County,USA,United States,New Jersey,Nursing,RCSJ,Registered Nurse,18f39740-a7c2-4215-a50c-8782c326d979
Salem Community College,USA,United States,New Jersey,Nursing,,Registered Nurse,18f39740-a7c2-4215-a50c-8782c326d979
Thomas Edison State University,USA,United States,New Jersey,Nursing,TESU,Registered Nurse,18f39740-a7c2-4215-a50c-8782c326d979
Trinitas Regional Medical Center,USA,United States,New Jersey,Nursing,,Registered Nurse,18f39740-a7c2-4215-a50c-8782c326d979
Trinity Health - St. Francis Medical Center,USA,United States,New Jersey,Nursing,,Registered Nurse,18f39740-a7c2-4215-a50c-8782c326d979
Union County College,USA,United States,New Jersey,Nursing,UCC,Registered Nurse,18f39740-a7c2-4215-a50c-8782c326d979
Warren County Community College,USA,United States,New Jersey,Nursing,,Registered Nurse,18f39740-a7c2-4215-a50c-8782c326d979
Albuquerque Public Schools - Career Technical Education,USA,United States,New Mexico,Nursing,APS-CTE,Registered Nurse,18f39740-a7c2-4215-a50c-8782c326d979
Brookline College - Albuquerque,USA,United States,New Mexico,Nursing,,Registered Nurse,18f39740-a7c2-4215-a50c-8782c326d979
Central New Mexico Community College,USA,United States,New Mexico,Nursing,,Registered Nurse,18f39740-a7c2-4215-a50c-8782c326d979
Clovis Community College,USA,United States,New Mexico,Nursing,,Registered Nurse,18f39740-a7c2-4215-a50c-8782c326d979
Doña Ana Community College,USA,United States,New Mexico,Nursing,DACC,Registered Nurse,18f39740-a7c2-4215-a50c-8782c326d979
Eastern New Mexico University,USA,United States,New Mexico,Nursing,ENMU,Registered Nurse,18f39740-a7c2-4215-a50c-8782c326d979
Eastern New Mexico University - Roswell,USA,United States,New Mexico,Nursing,ENMU,Registered Nurse,18f39740-a7c2-4215-a50c-8782c326d979
Luna Community College,USA,United States,New Mexico,Nursing,,Registered Nurse,18f39740-a7c2-4215-a50c-8782c326d979
New Mexico Junior College,USA,United States,New Mexico,Nursing,,Registered Nurse,18f39740-a7c2-4215-a50c-8782c326d979
New Mexico State University at Carlsbad,USA,United States,New Mexico,Nursing,NMSU,Registered Nurse,18f39740-a7c2-4215-a50c-8782c326d979
San Juan College,USA,United States,New Mexico,Nursing,,Registered Nurse,18f39740-a7c2-4215-a50c-8782c326d979
Santa Fe Community College,USA,United States,New Mexico,Nursing,SSFCC,Registered Nurse,18f39740-a7c2-4215-a50c-8782c326d979
University of New Mexico - Gallup,USA,United States,New Mexico,Nursing,UNM,Registered Nurse,18f39740-a7c2-4215-a50c-8782c326d979
University of New Mexico - Taos,USA,United States,New Mexico,Nursing,,Registered Nurse,18f39740-a7c2-4215-a50c-8782c326d979
Western New Mexico University,USA,United States,New Mexico,Nursing,WNMU,Registered Nurse,18f39740-a7c2-4215-a50c-8782c326d979
Adirondack Community College,USA,United States,New York,Nursing,,Registered Nurse,18f39740-a7c2-4215-a50c-8782c326d979
"Alfred State College, SUNY College of Technology",USA,United States,New York,Nursing,,Registered Nurse,18f39740-a7c2-4215-a50c-8782c326d979
Arnot Ogden Medical Center,USA,United States,New York,Nursing,,Registered Nurse,18f39740-a7c2-4215-a50c-8782c326d979
Beth Israel Medical Center,USA,United States,New York,Nursing,,Registered Nurse,18f39740-a7c2-4215-a50c-8782c326d979
Borough of Manhattan Community College - CUNY,USA,United States,New York,Nursing,,Registered Nurse,18f39740-a7c2-4215-a50c-8782c326d979
Bronx Community College - CUNY,USA,United States,New York,Nursing,,Registered Nurse,18f39740-a7c2-4215-a50c-8782c326d979
Cayuga Community College,USA,United States,New York,Nursing,,Registered Nurse,18f39740-a7c2-4215-a50c-8782c326d979
Clinton Community College,USA,United States,New York,Nursing,,Registered Nurse,18f39740-a7c2-4215-a50c-8782c326d979
College of Staten Island - CUNY,USA,United States,New York,Nursing,,Registered Nurse,18f39740-a7c2-4215-a50c-8782c326d979
Columbia-Greene Community College,USA,United States,New York,Nursing,,Registered Nurse,18f39740-a7c2-4215-a50c-8782c326d979
Corning Community College,USA,United States,New York,Nursing,CCC,Registered Nurse,18f39740-a7c2-4215-a50c-8782c326d979
Daemen College,USA,United States,New York,Nursing,,Registered Nurse,18f39740-a7c2-4215-a50c-8782c326d979
Dutchess Community College,USA,United States,New York,Nursing,,Registered Nurse,18f39740-a7c2-4215-a50c-8782c326d979
Ellis Medicine,USA,United States,New York,Nursing,,Registered Nurse,18f39740-a7c2-4215-a50c-8782c326d979
Elmira College,USA,United States,New York,Nursing,,Registered Nurse,18f39740-a7c2-4215-a50c-8782c326d979
Erie Community College,USA,United States,New York,Nursing,ECC,Registered Nurse,18f39740-a7c2-4215-a50c-8782c326d979
Excelsior College,USA,United States,New York,Nursing,,Registered Nurse,18f39740-a7c2-4215-a50c-8782c326d979
Finger Lakes Community College,USA,United States,New York,Nursing,FLCC,Registered Nurse,18f39740-a7c2-4215-a50c-8782c326d979
Finger Lakes Health - Geneva General Hospital,USA,United States,New York,Nursing,,Registered Nurse,18f39740-a7c2-4215-a50c-8782c326d979
Finger Lakes Health College of Nursing,USA,United States,New York,Nursing,FLHCON,Registered Nurse,18f39740-a7c2-4215-a50c-8782c326d979
Fulton-Montgomery Community College,USA,United States,New York,Nursing,FMCC,Registered Nurse,18f39740-a7c2-4215-a50c-8782c326d979
Genesee Community College,USA,United States,New York,Nursing,GCC,Registered Nurse,18f39740-a7c2-4215-a50c-8782c326d979
Helene Fuld College of Nursing,USA,United States,New York,Nursing,,Registered Nurse,18f39740-a7c2-4215-a50c-8782c326d979
Hudson Valley Community College,USA,United States,New York,Nursing,HVCC,Registered Nurse,18f39740-a7c2-4215-a50c-8782c326d979
Jamestown Community College,USA,United States,New York,Nursing,JCC,Registered Nurse,18f39740-a7c2-4215-a50c-8782c326d979
Jefferson Community College,USA,United States,New York,Nursing,,Registered Nurse,18f39740-a7c2-4215-a50c-8782c326d979
Kingsborough Community College of the City University of New York,USA,United States,New York,Nursing,KBCC,Registered Nurse,18f39740-a7c2-4215-a50c-8782c326d979
LaGuardia Community College - CUNY,USA,United States,New York,Nursing,,Registered Nurse,18f39740-a7c2-4215-a50c-8782c326d979
Manhattan Area Technical College,USA,United States,New York,Nursing,,Registered Nurse,18f39740-a7c2-4215-a50c-8782c326d979
Maria College,USA,United States,New York,Nursing,,Registered Nurse,18f39740-a7c2-4215-a50c-8782c326d979
Medgar Evers College - CUNY,USA,United States,New York,Nursing,,Registered Nurse,18f39740-a7c2-4215-a50c-8782c326d979
Mohawk Valley Community College,USA,United States,New York,Nursing,MVCC,Registered Nurse,18f39740-a7c2-4215-a50c-8782c326d979
Monroe Community College,USA,United States,New York,Nursing,,Registered Nurse,18f39740-a7c2-4215-a50c-8782c326d979
Montefiore New Rochelle Hospital,USA,United States,New York,Nursing,,Registered Nurse,18f39740-a7c2-4215-a50c-8782c326d979
Nassau Community College,USA,United States,New York,Nursing,NCC,Registered Nurse,18f39740-a7c2-4215-a50c-8782c326d979
New York City College of Technology,USA,United States,New York,Nursing,,Registered Nurse,18f39740-a7c2-4215-a50c-8782c326d979
Niagara County Community College,USA,United States,New York,Nursing,,Registered Nurse,18f39740-a7c2-4215-a50c-8782c326d979
Onondaga Community College,USA,United States,New York,Nursing,,Registered Nurse,18f39740-a7c2-4215-a50c-8782c326d979
Orange County Community College,USA,United States,New York,Nursing,,Registered Nurse,18f39740-a7c2-4215-a50c-8782c326d979
Pacific College of Oriental Medicine,USA,United States,New York,Nursing,,Registered Nurse,18f39740-a7c2-4215-a50c-8782c326d979
Pomeroy College of Nursing at Crouse Hospital,USA,United States,New York,Nursing,,Registered Nurse,18f39740-a7c2-4215-a50c-8782c326d979
Queensborough Community College of CUNY,USA,United States,New York,Nursing,,Registered Nurse,18f39740-a7c2-4215-a50c-8782c326d979
Rochester Regional Health Systems,USA,United States,New York,Nursing,,Registered Nurse,18f39740-a7c2-4215-a50c-8782c326d979
Rochester Educational Opportunity Center,USA,United States,New York,Nursing,,Registered Nurse,18f39740-a7c2-4215-a50c-8782c326d979
Rockland Community College,USA,United States,New York,Nursing,,Registered Nurse,18f39740-a7c2-4215-a50c-8782c326d979
Saint Joseph's College,USA,United States,New York,Nursing,,Registered Nurse,18f39740-a7c2-4215-a50c-8782c326d979
St. Elizabeth Medical Center,USA,United States,New York,Nursing,SEMC,Registered Nurse,18f39740-a7c2-4215-a50c-8782c326d979
St. John's Riverside Hospital,USA,United States,New York,Nursing,,Registered Nurse,18f39740-a7c2-4215-a50c-8782c326d979
St. Joseph College of Nursing,USA,United States,New York,Nursing,,Registered Nurse,18f39740-a7c2-4215-a50c-8782c326d979
St. Peter's Health Partners - Albany Memorial Hospital,USA,United States,New York,Nursing,,Registered Nurse,18f39740-a7c2-4215-a50c-8782c326d979
St. Peter's Health Partners - Samaritan Hospital,USA,United States,New York,Nursing,,Registered Nurse,18f39740-a7c2-4215-a50c-8782c326d979
Suffolk County Community College,USA,United States,New York,Nursing,SCCC,Registered Nurse,18f39740-a7c2-4215-a50c-8782c326d979
SUNY Broome Community College,USA,United States,New York,Nursing,,Registered Nurse,18f39740-a7c2-4215-a50c-8782c326d979
SUNY College of Technology at Canton,USA,United States,New York,Nursing,,Registered Nurse,18f39740-a7c2-4215-a50c-8782c326d979
SUNY College of Technology at Delhi,USA,United States,New York,Nursing,,Registered Nurse,18f39740-a7c2-4215-a50c-8782c326d979
SUNY College of Agriculture & Technology at Morrisville,USA,United States,New York,Nursing,,Registered Nurse,18f39740-a7c2-4215-a50c-8782c326d979
Swedish Institute College of Health Sciences,USA,United States,New York,Nursing,,Registered Nurse,18f39740-a7c2-4215-a50c-8782c326d979
Tompkins Cortland Community College,USA,United States,New York,Nursing,,Registered Nurse,18f39740-a7c2-4215-a50c-8782c326d979
Trocaire College,USA,United States,New York,Nursing,,Registered Nurse,18f39740-a7c2-4215-a50c-8782c326d979
Ulster County Community College,USA,United States,New York,Nursing,,Registered Nurse,18f39740-a7c2-4215-a50c-8782c326d979
Wagner College,USA,United States,New York,Nursing,,Registered Nurse,18f39740-a7c2-4215-a50c-8782c326d979
York College of CUNY,USA,United States,New York,Nursing,,Registered Nurse,18f39740-a7c2-4215-a50c-8782c326d979
Bismarck State College,USA,United States,North Dakota,Nursing,,Registered Nurse,18f39740-a7c2-4215-a50c-8782c326d979
Dickinson State University,USA,United States,North Dakota,Nursing,,Registered Nurse,18f39740-a7c2-4215-a50c-8782c326d979
Lake Region State College,USA,United States,North Dakota,Nursing,LRSC,Registered Nurse,18f39740-a7c2-4215-a50c-8782c326d979
Minot State University,USA,United States,North Dakota,Nursing,,Registered Nurse,18f39740-a7c2-4215-a50c-8782c326d979
North Dakota State College of Science,USA,United States,North Dakota,Nursing,NDSCS,Registered Nurse,18f39740-a7c2-4215-a50c-8782c326d979
United Tribes Technical College,USA,United States,North Dakota,Nursing,UTTC,Registered Nurse,18f39740-a7c2-4215-a50c-8782c326d979
University of Jamestown,USA,United States,North Dakota,Nursing,UJ,Registered Nurse,18f39740-a7c2-4215-a50c-8782c326d979
Cabarrus College of Health Sciences,USA,United States,North Carolina,Nursing,,Registered Nurse,18f39740-a7c2-4215-a50c-8782c326d979
Brunswick Community College,USA,United States,North Carolina,Nursing,NBCC,Registered Nurse,18f39740-a7c2-4215-a50c-8782c326d979
Cape Fear Community College,USA,United States,North Carolina,Nursing,CFCC,Registered Nurse,18f39740-a7c2-4215-a50c-8782c326d979
Carolinas College of Health Sciences,USA,United States,North Carolina,Nursing,,Registered Nurse,18f39740-a7c2-4215-a50c-8782c326d979
Carolinas Healthcare System,USA,United States,North Carolina,Nursing,,Registered Nurse,18f39740-a7c2-4215-a50c-8782c326d979
Carteret Community College,USA,United States,North Carolina,Nursing,,Registered Nurse,18f39740-a7c2-4215-a50c-8782c326d979
Catawba Valley Community College,USA,United States,North Carolina,Nursing,CVCC,Registered Nurse,18f39740-a7c2-4215-a50c-8782c326d979
Central Piedmont Community College,USA,United States,North Carolina,Nursing,CPCC,Registered Nurse,18f39740-a7c2-4215-a50c-8782c326d979
College of the Albemarle,USA,United States,North Carolina,Nursing,,Registered Nurse,18f39740-a7c2-4215-a50c-8782c326d979
Davidson County Community College,USA,United States,North Carolina,Nursing,,Registered Nurse,18f39740-a7c2-4215-a50c-8782c326d979
Duke Regional Hospital,USA,United States,North Carolina,Nursing,,Registered Nurse,18f39740-a7c2-4215-a50c-8782c326d979
Durham Technical Community College,USA,United States,North Carolina,Nursing,,Registered Nurse,18f39740-a7c2-4215-a50c-8782c326d979
Edgecombe Community College,USA,United States,North Carolina,Nursing,,Registered Nurse,18f39740-a7c2-4215-a50c-8782c326d979
Fayetteville Technical Community College,USA,United States,North Carolina,Nursing,FTCC,Registered Nurse,18f39740-a7c2-4215-a50c-8782c326d979
Forsyth Technical Community College,USA,United States,North Carolina,Nursing,,Registered Nurse,18f39740-a7c2-4215-a50c-8782c326d979
Gardner-Webb University,USA,United States,North Carolina,Nursing,,Registered Nurse,18f39740-a7c2-4215-a50c-8782c326d979
Gaston College,USA,United States,North Carolina,Nursing,,Registered Nurse,18f39740-a7c2-4215-a50c-8782c326d979
Mitchell Community College,USA,United States,North Carolina,Nursing,,Registered Nurse,18f39740-a7c2-4215-a50c-8782c326d979
North Carolina Agricultural & Technical State University,USA,United States,North Carolina,Nursing,NCAT,Registered Nurse,18f39740-a7c2-4215-a50c-8782c326d979
North Carolina Central University,USA,United States,North Carolina,Nursing,,Registered Nurse,18f39740-a7c2-4215-a50c-8782c326d979
Pitt Community College,USA,United States,North Carolina,Nursing,,Registered Nurse,18f39740-a7c2-4215-a50c-8782c326d979
Rockingham Community College,USA,United States,North Carolina,Nursing,,Registered Nurse,18f39740-a7c2-4215-a50c-8782c326d979
Rowan-Cabarrus Community College,USA,United States,North Carolina,Nursing,RCCC,Registered Nurse,18f39740-a7c2-4215-a50c-8782c326d979
Sampson Community College,USA,United States,North Carolina,Nursing,,Registered Nurse,18f39740-a7c2-4215-a50c-8782c326d979
Wake Technical Community College,USA,United States,North Carolina,Nursing,,Registered Nurse,18f39740-a7c2-4215-a50c-8782c326d979
Wayne Community College,USA,United States,North Carolina,Nursing,,Registered Nurse,18f39740-a7c2-4215-a50c-8782c326d979
Western Piedmont Community College,USA,United States,North Carolina,Nursing,WPCC,Registered Nurse,18f39740-a7c2-4215-a50c-8782c326d979
Lenoir-Rhyne University,USA,United States,North Carolina,Nursing,LR,Registered Nurse,18f39740-a7c2-4215-a50c-8782c326d979
Wingate University,USA,United States,North Carolina,Nursing,,Registered Nurse,18f39740-a7c2-4215-a50c-8782c326d979
Aultman College of Nursing and Health Sciences,USA,United States,Ohio,Nursing,,Registered Nurse,18f39740-a7c2-4215-a50c-8782c326d979
Bryant & Stratton College - Akron,USA,United States,Ohio,Nursing,,Registered Nurse,18f39740-a7c2-4215-a50c-8782c326d979
Bryant & Stratton College - Eastlake Parma,USA,United States,Ohio,Nursing,,Registered Nurse,18f39740-a7c2-4215-a50c-8782c326d979
Belmont College,USA,United States,Ohio,Nursing,,Registered Nurse,18f39740-a7c2-4215-a50c-8782c326d979
Central Ohio Technical College,USA,United States,Ohio,Nursing,COTC,Registered Nurse,18f39740-a7c2-4215-a50c-8782c326d979
Chamberlain College of Nursing - Columbus,USA,United States,Ohio,Nursing,,Registered Nurse,18f39740-a7c2-4215-a50c-8782c326d979
Christ College of Nursing and Health Sciences,USA,United States,Ohio,Nursing,,Registered Nurse,18f39740-a7c2-4215-a50c-8782c326d979
Cincinnati State Technical and Community College,USA,United States,Ohio,Nursing,,Registered Nurse,18f39740-a7c2-4215-a50c-8782c326d979
Clark State Community College,USA,United States,Ohio,Nursing,,Registered Nurse,18f39740-a7c2-4215-a50c-8782c326d979
Columbus State Community College,USA,United States,Ohio,Nursing,CSCC,Registered Nurse,18f39740-a7c2-4215-a50c-8782c326d979
Cuyahoga Community College,USA,United States,Ohio,Nursing,,Registered Nurse,18f39740-a7c2-4215-a50c-8782c326d979
Edison State Community College,USA,United States,Ohio,Nursing,,Registered Nurse,18f39740-a7c2-4215-a50c-8782c326d979
Firelands Regional Health System,USA,United States,Ohio,Nursing,,Registered Nurse,18f39740-a7c2-4215-a50c-8782c326d979
Fortis College - Centerville,USA,United States,Ohio,Nursing,,Registered Nurse,18f39740-a7c2-4215-a50c-8782c326d979
Galen College of Nursing - Cincinnati,USA,United States,Ohio,Nursing,,Registered Nurse,18f39740-a7c2-4215-a50c-8782c326d979
Good Samaritan College of Nursing & Health Science,USA,United States,Ohio,Nursing,,Registered Nurse,18f39740-a7c2-4215-a50c-8782c326d979
Herzing University - Akron Campus,USA,United States,Ohio,Nursing,,Registered Nurse,18f39740-a7c2-4215-a50c-8782c326d979
Hocking Technical College,USA,United States,Ohio,Nursing,,Registered Nurse,18f39740-a7c2-4215-a50c-8782c326d979
James A. Rhodes State College,USA,United States,Ohio,Nursing,,Registered Nurse,18f39740-a7c2-4215-a50c-8782c326d979
Kent State University,USA,United States,Ohio,Nursing,,Registered Nurse,18f39740-a7c2-4215-a50c-8782c326d979
Kettering College,USA,United States,Ohio,Nursing,KC,Registered Nurse,18f39740-a7c2-4215-a50c-8782c326d979
Lakeland Community College,USA,United States,Ohio,Nursing,,Registered Nurse,18f39740-a7c2-4215-a50c-8782c326d979
Lorain County Community College,USA,United States,Ohio,Nursing,,Registered Nurse,18f39740-a7c2-4215-a50c-8782c326d979
Marion Technical College,USA,United States,Ohio,Nursing,MTC,Registered Nurse,18f39740-a7c2-4215-a50c-8782c326d979
Mercy College of Ohio,USA,United States,Ohio,Nursing,,Registered Nurse,18f39740-a7c2-4215-a50c-8782c326d979
North Central State College,USA,United States,Ohio,Nursing,,Registered Nurse,18f39740-a7c2-4215-a50c-8782c326d979
Northwest State Community College,USA,United States,Ohio,Nursing,,Registered Nurse,18f39740-a7c2-4215-a50c-8782c326d979
Ohio University,USA,United States,Ohio,Nursing,,Registered Nurse,18f39740-a7c2-4215-a50c-8782c326d979
Ohio Valley College of Technology,USA,United States,Ohio,Nursing,OVCT,Registered Nurse,18f39740-a7c2-4215-a50c-8782c326d979
Owens Community College,USA,United States,Ohio,Nursing,,Registered Nurse,18f39740-a7c2-4215-a50c-8782c326d979
Salem City Schools,USA,United States,Ohio,Nursing,,Registered Nurse,18f39740-a7c2-4215-a50c-8782c326d979
Shawnee State University,USA,United States,Ohio,Nursing,SSU,Registered Nurse,18f39740-a7c2-4215-a50c-8782c326d979
Sinclair Community College,USA,United States,Ohio,Nursing,,Registered Nurse,18f39740-a7c2-4215-a50c-8782c326d979
Southern State Community College,USA,United States,Ohio,Nursing,SSCC,Registered Nurse,18f39740-a7c2-4215-a50c-8782c326d979
Stark State College,USA,United States,Ohio,Nursing,,Registered Nurse,18f39740-a7c2-4215-a50c-8782c326d979
Terra State Community College,USA,United States,Ohio,Nursing,,Registered Nurse,18f39740-a7c2-4215-a50c-8782c326d979
Trinity Health System,USA,United States,Ohio,Nursing,,Registered Nurse,18f39740-a7c2-4215-a50c-8782c326d979
University of Cincinnati - Blue Ash College,USA,United States,Ohio,Nursing,,Registered Nurse,18f39740-a7c2-4215-a50c-8782c326d979
University of Rio Grande,USA,United States,Ohio,Nursing,,Registered Nurse,18f39740-a7c2-4215-a50c-8782c326d979
Wayne County Career Center,USA,United States,Ohio,Nursing,,Registered Nurse,18f39740-a7c2-4215-a50c-8782c326d979
Youngstown State University,USA,United States,Ohio,Nursing,YSU,Registered Nurse,18f39740-a7c2-4215-a50c-8782c326d979
Carl Albert State College,USA,United States,Oklahoma,Nursing,,Registered Nurse,18f39740-a7c2-4215-a50c-8782c326d979
Connors State College,USA,United States,Oklahoma,Nursing,CSC,Registered Nurse,18f39740-a7c2-4215-a50c-8782c326d979
East Central University,USA,United States,Oklahoma,Nursing,,Registered Nurse,18f39740-a7c2-4215-a50c-8782c326d979
Eastern Oklahoma State College,USA,United States,Oklahoma,Nursing,EOSC,Registered Nurse,18f39740-a7c2-4215-a50c-8782c326d979
Francis Tuttle Technology Center,USA,United States,Oklahoma,Nursing,,Registered Nurse,18f39740-a7c2-4215-a50c-8782c326d979
Great Plains Technology Center,USA,United States,Oklahoma,Nursing,,Registered Nurse,18f39740-a7c2-4215-a50c-8782c326d979
Indian Capital Technology Center,USA,United States,Oklahoma,Nursing,,Registered Nurse,18f39740-a7c2-4215-a50c-8782c326d979
Langston University,USA,United States,Oklahoma,Nursing,,Registered Nurse,18f39740-a7c2-4215-a50c-8782c326d979
Meridian Technology Center,USA,United States,Oklahoma,Nursing,,Registered Nurse,18f39740-a7c2-4215-a50c-8782c326d979
Metro Technology Centers,USA,United States,Oklahoma,Nursing,,Registered Nurse,18f39740-a7c2-4215-a50c-8782c326d979
Mid-America Technology Center,USA,United States,Oklahoma,Nursing,,Registered Nurse,18f39740-a7c2-4215-a50c-8782c326d979
Moore Norman Technology Center,USA,United States,Oklahoma,Nursing,MNTC,Registered Nurse,18f39740-a7c2-4215-a50c-8782c326d979
Murray State College,USA,United States,Oklahoma,Nursing,,Registered Nurse,18f39740-a7c2-4215-a50c-8782c326d979
Northeastern Oklahoma A&M College,USA,United States,Oklahoma,Nursing,,Registered Nurse,18f39740-a7c2-4215-a50c-8782c326d979
Northeastern State University,USA,United States,Oklahoma,Nursing,NSUOK,Registered Nurse,18f39740-a7c2-4215-a50c-8782c326d979
Northern Oklahoma College,USA,United States,Oklahoma,Nursing,MOC,Registered Nurse,18f39740-a7c2-4215-a50c-8782c326d979
Northwestern Oklahoma State University,USA,United States,Oklahoma,Nursing,,Registered Nurse,18f39740-a7c2-4215-a50c-8782c326d979
Oklahoma City Community College,USA,United States,Oklahoma,Nursing,OCCC,Registered Nurse,18f39740-a7c2-4215-a50c-8782c326d979
Oklahoma City University,USA,United States,Oklahoma,Nursing,OKCU,Registered Nurse,18f39740-a7c2-4215-a50c-8782c326d979
Oklahoma Panhandle State University,USA,United States,Oklahoma,Nursing,OPSU,Registered Nurse,18f39740-a7c2-4215-a50c-8782c326d979
Oklahoma State University Institute of Technology - Okmulgee,USA,United States,Oklahoma,Nursing,OSUIT,Registered Nurse,18f39740-a7c2-4215-a50c-8782c326d979
Oklahoma State University - Oklahoma City,USA,United States,Oklahoma,Nursing,OSUOKC,Registered Nurse,18f39740-a7c2-4215-a50c-8782c326d979
Redlands Community College,USA,United States,Oklahoma,Nursing,,Registered Nurse,18f39740-a7c2-4215-a50c-8782c326d979
Rogers State University,USA,United States,Oklahoma,Nursing,,Registered Nurse,18f39740-a7c2-4215-a50c-8782c326d979
Rose State College,USA,United States,Oklahoma,Nursing,,Registered Nurse,18f39740-a7c2-4215-a50c-8782c326d979
Seminole State College,USA,United States,Oklahoma,Nursing,,Registered Nurse,18f39740-a7c2-4215-a50c-8782c326d979
Southern Oklahoma Technology Center,USA,United States,Oklahoma,Nursing,,Registered Nurse,18f39740-a7c2-4215-a50c-8782c326d979
Southwestern Oklahoma State University,USA,United States,Oklahoma,Nursing,,Registered Nurse,18f39740-a7c2-4215-a50c-8782c326d979
Tri County Technology Center,USA,United States,Oklahoma,Nursing,,Registered Nurse,18f39740-a7c2-4215-a50c-8782c326d979
Tulsa Tech,USA,United States,Oklahoma,Nursing,,Registered Nurse,18f39740-a7c2-4215-a50c-8782c326d979
Tulsa Community College,USA,United States,Oklahoma,Nursing,TCC,Registered Nurse,18f39740-a7c2-4215-a50c-8782c326d979
University of Tulsa,USA,United States,Oklahoma,Nursing,,Registered Nurse,18f39740-a7c2-4215-a50c-8782c326d979
Western Oklahoma State College,USA,United States,Oklahoma,Nursing,WOSC,Registered Nurse,18f39740-a7c2-4215-a50c-8782c326d979
Chemeketa Community College,USA,United States,Oklahoma,Nursing,,Registered Nurse,18f39740-a7c2-4215-a50c-8782c326d979
Portland Community College,USA,United States,Oregon,Nursing,PCC,Registered Nurse,18f39740-a7c2-4215-a50c-8782c326d979
Treasure Valley Community College,USA,United States,Oregon,Nursing,TVCC,Registered Nurse,18f39740-a7c2-4215-a50c-8782c326d979
Umpqua Community College,USA,United States,Oregon,Nursing,,Registered Nurse,18f39740-a7c2-4215-a50c-8782c326d979
Clackamas Community College,USA,United States,Oregon,Nursing,,Registered Nurse,18f39740-a7c2-4215-a50c-8782c326d979
Alle-Kiski Medical Center,USA,United States,Oregon,Nursing,AHN,Registered Nurse,18f39740-a7c2-4215-a50c-8782c326d979
Aria Health System,USA,United States,Pennsylvania,Nursing,,Registered Nurse,18f39740-a7c2-4215-a50c-8782c326d979
Bucks County Community College,USA,United States,Pennsylvania,Nursing,,Registered Nurse,18f39740-a7c2-4215-a50c-8782c326d979
Butler County Community College,USA,United States,Pennsylvania,Nursing,,Registered Nurse,18f39740-a7c2-4215-a50c-8782c326d979
Career Technology Center,USA,United States,Pennsylvania,Nursing,,Registered Nurse,18f39740-a7c2-4215-a50c-8782c326d979
Cedar Crest College,USA,United States,Pennsylvania,Nursing,,Registered Nurse,18f39740-a7c2-4215-a50c-8782c326d979
Central Pennsylvania Community College,USA,United States,Pennsylvania,Nursing,HACC,Registered Nurse,18f39740-a7c2-4215-a50c-8782c326d979
Central Susquehanna Intermediate Unit,USA,United States,Pennsylvania,Nursing,CSIU,Registered Nurse,18f39740-a7c2-4215-a50c-8782c326d979
Chester County Intermediate Unit,USA,United States,Pennsylvania,Nursing,CCIU,Registered Nurse,18f39740-a7c2-4215-a50c-8782c326d979
Clarion and Edinboro University of Pennsylvania,USA,United States,Pennsylvania,Nursing,,Registered Nurse,18f39740-a7c2-4215-a50c-8782c326d979
Clarion County Career Center,USA,United States,Pennsylvania,Nursing,,Registered Nurse,18f39740-a7c2-4215-a50c-8782c326d979
Clarion University of Pennsylvania,USA,United States,Pennsylvania,Nursing,,Registered Nurse,18f39740-a7c2-4215-a50c-8782c326d979
Clearfield County Career and Technology Center,USA,United States,Pennsylvania,Nursing,CCCTC,Registered Nurse,18f39740-a7c2-4215-a50c-8782c326d979
Community College of Allegheny County,USA,United States,Pennsylvania,Nursing,CCAC,Registered Nurse,18f39740-a7c2-4215-a50c-8782c326d979
Community College of Beaver County,USA,United States,Pennsylvania,Nursing,CCBC,Registered Nurse,18f39740-a7c2-4215-a50c-8782c326d979
Community College of Philadelphia,USA,United States,Pennsylvania,Nursing,CCP,Registered Nurse,18f39740-a7c2-4215-a50c-8782c326d979
Conemaugh Memorial Medical Center,USA,United States,Pennsylvania,Nursing,,Registered Nurse,18f39740-a7c2-4215-a50c-8782c326d979
Crawford County Career & Technical Center,USA,United States,Pennsylvania,Nursing,,Registered Nurse,18f39740-a7c2-4215-a50c-8782c326d979
Delaware County Community College,USA,United States,Pennsylvania,Nursing,DCCC,Registered Nurse,18f39740-a7c2-4215-a50c-8782c326d979
Delaware County Intermediate Unit,USA,United States,Pennsylvania,Nursing,DCIU,Registered Nurse,18f39740-a7c2-4215-a50c-8782c326d979
DeSales University,USA,United States,Pennsylvania,Nursing,,Registered Nurse,18f39740-a7c2-4215-a50c-8782c326d979
East Stroudsburg University of Pennsylvania,USA,United States,Pennsylvania,Nursing,ESU,Registered Nurse,18f39740-a7c2-4215-a50c-8782c326d979
Fayette County Career and Technical Institute,USA,United States,Pennsylvania,Nursing,,Registered Nurse,18f39740-a7c2-4215-a50c-8782c326d979
Franklin County Career and Technology Center,USA,United States,Pennsylvania,Nursing,,Registered Nurse,18f39740-a7c2-4215-a50c-8782c326d979
Geisinger-Lewistown Hospital,USA,United States,Pennsylvania,Nursing,,Registered Nurse,18f39740-a7c2-4215-a50c-8782c326d979
Greene County Career & Technology Center,USA,United States,Pennsylvania,Nursing,Greene CTC,Registered Nurse,18f39740-a7c2-4215-a50c-8782c326d979
Gwynedd-Mercy University,USA,United States,Pennsylvania,Nursing,,Registered Nurse,18f39740-a7c2-4215-a50c-8782c326d979
Harcum College,USA,United States,Pennsylvania,Nursing,,Registered Nurse,18f39740-a7c2-4215-a50c-8782c326d979
Harrisburg Area Community College,USA,United States,Pennsylvania,Nursing,HACC,Registered Nurse,18f39740-a7c2-4215-a50c-8782c326d979
Huntingdon County Career and Technology Center,USA,United States,Pennsylvania,Nursing,HCCTC,Registered Nurse,18f39740-a7c2-4215-a50c-8782c326d979
Jameson Health System,USA,United States,Pennsylvania,Nursing,UPMC,Registered Nurse,18f39740-a7c2-4215-a50c-8782c326d979
Jefferson County - DuBois AVTS,USA,United States,Pennsylvania,Nursing,,Registered Nurse,18f39740-a7c2-4215-a50c-8782c326d979
Jefferson Health - Abington Hospital,USA,United States,Pennsylvania,Nursing,,Registered Nurse,18f39740-a7c2-4215-a50c-8782c326d979
La Roche College,USA,United States,Pennsylvania,Nursing,,Registered Nurse,18f39740-a7c2-4215-a50c-8782c326d979
Lebanon College CTC,USA,United States,Pennsylvania,Nursing,,Registered Nurse,18f39740-a7c2-4215-a50c-8782c326d979
Lehigh Carbon Community College,USA,United States,Pennsylvania,Nursing,LCCC,Registered Nurse,18f39740-a7c2-4215-a50c-8782c326d979
Lenape Technical School,USA,United States,Pennsylvania,Nursing,,Registered Nurse,18f39740-a7c2-4215-a50c-8782c326d979
Lock Haven University of Pennsylvania,USA,United States,Pennsylvania,Nursing,,Registered Nurse,18f39740-a7c2-4215-a50c-8782c326d979
Luzerne County Community College,USA,United States,Pennsylvania,Nursing,LCCC,Registered Nurse,18f39740-a7c2-4215-a50c-8782c326d979
Mansfield University,USA,United States,Pennsylvania,Nursing,,Registered Nurse,18f39740-a7c2-4215-a50c-8782c326d979
Marywood University,USA,United States,Pennsylvania,Nursing,,Registered Nurse,18f39740-a7c2-4215-a50c-8782c326d979
Mercyhurst University,USA,United States,Pennsylvania,Nursing,,Registered Nurse,18f39740-a7c2-4215-a50c-8782c326d979
Mifflin County Academy of Science and Technology,USA,United States,Pennsylvania,Nursing,,Registered Nurse,18f39740-a7c2-4215-a50c-8782c326d979
Millersville University,USA,United States,Pennsylvania,Nursing,,Registered Nurse,18f39740-a7c2-4215-a50c-8782c326d979
Montgomery County Community College,USA,United States,Pennsylvania,Nursing,,Registered Nurse,18f39740-a7c2-4215-a50c-8782c326d979
Mount Aloysius College,USA,United States,Pennsylvania,Nursing,,Registered Nurse,18f39740-a7c2-4215-a50c-8782c326d979
Neumann University,USA,United States,Pennsylvania,Nursing,,Registered Nurse,18f39740-a7c2-4215-a50c-8782c326d979
Northampton Community College,USA,United States,Pennsylvania,Nursing,NCC,Registered Nurse,18f39740-a7c2-4215-a50c-8782c326d979
Northern Tier Career Center,USA,United States,Pennsylvania,Nursing,NTCC,Registered Nurse,18f39740-a7c2-4215-a50c-8782c326d979
Ohio Valley General Hospital,USA,United States,Pennsylvania,Nursing,,Registered Nurse,18f39740-a7c2-4215-a50c-8782c326d979
Pennsylvania College of Health Sciences,USA,United States,Pennsylvania,Nursing,,Registered Nurse,18f39740-a7c2-4215-a50c-8782c326d979
Pennsylvania College of Technology,USA,United States,Pennsylvania,Nursing,,Registered Nurse,18f39740-a7c2-4215-a50c-8782c326d979
Pennsylvania State University,USA,United States,Pennsylvania,Nursing,,Registered Nurse,18f39740-a7c2-4215-a50c-8782c326d979
Pittsburgh Technical Institute,USA,United States,Pennsylvania,Nursing,,Registered Nurse,18f39740-a7c2-4215-a50c-8782c326d979
Reading Area Community College,USA,United States,Pennsylvania,Nursing,RACC,Registered Nurse,18f39740-a7c2-4215-a50c-8782c326d979
Reading Hospital School of Health Sciences,USA,United States,Pennsylvania,Nursing,,Registered Nurse,18f39740-a7c2-4215-a50c-8782c326d979
Roxborough Memorial Hospital,USA,United States,Pennsylvania,Nursing,,Registered Nurse,18f39740-a7c2-4215-a50c-8782c326d979
Saint Luke's Hospital of Bethlehem,USA,United States,Pennsylvania,Nursing,SLHN,Registered Nurse,18f39740-a7c2-4215-a50c-8782c326d979
Sharon Regional Health System,USA,United States,Pennsylvania,Nursing,,Registered Nurse,18f39740-a7c2-4215-a50c-8782c326d979
Slippery Rock University,USA,United States,Pennsylvania,Nursing,SRU,Registered Nurse,18f39740-a7c2-4215-a50c-8782c326d979
University of Pittsburgh at Bradford,USA,United States,Pennsylvania,Nursing,,Registered Nurse,18f39740-a7c2-4215-a50c-8782c326d979
University of Pittsburgh at Titusville,USA,United States,Pennsylvania,Nursing,,Registered Nurse,18f39740-a7c2-4215-a50c-8782c326d979
UPMC Mercy,USA,United States,Pennsylvania,Nursing,,Registered Nurse,18f39740-a7c2-4215-a50c-8782c326d979
UPMC Presbyterian Shadyside,USA,United States,Pennsylvania,Nursing,,Registered Nurse,18f39740-a7c2-4215-a50c-8782c326d979
UPMC St. Margaret,USA,United States,Pennsylvania,Nursing,,Registered Nurse,18f39740-a7c2-4215-a50c-8782c326d979
Venango County Area Vocational Technical School,USA,United States,Pennsylvania,Nursing,,Registered Nurse,18f39740-a7c2-4215-a50c-8782c326d979
Washington Health System - Washington Hospital,USA,United States,Pennsylvania,Nursing,WHS,Registered Nurse,18f39740-a7c2-4215-a50c-8782c326d979
Western Pennsylvania Hospital,USA,United States,Pennsylvania,Nursing,,Registered Nurse,18f39740-a7c2-4215-a50c-8782c326d979
Westmoreland County Community College,USA,United States,Pennsylvania,Nursing,,Registered Nurse,18f39740-a7c2-4215-a50c-8782c326d979
Wilkes-Barre Area Career and Technical Center,USA,United States,Pennsylvania,Nursing,WBACTC,Registered Nurse,18f39740-a7c2-4215-a50c-8782c326d979
York County School of Technology,USA,United States,Pennsylvania,Nursing,,Registered Nurse,18f39740-a7c2-4215-a50c-8782c326d979
Community College of Rhode Island,USA,United States,Rhode Island,Nursing,CCRI,Registered Nurse,18f39740-a7c2-4215-a50c-8782c326d979
Lincoln Technical Institute,USA,United States,Rhode Island,Nursing,,Registered Nurse,18f39740-a7c2-4215-a50c-8782c326d979
New England Institute of Technology,USA,United States,Rhode Island,Nursing,NEIT,Registered Nurse,18f39740-a7c2-4215-a50c-8782c326d979
Our Lady of Fatima Hospital - CharterCARE Health Partners,USA,United States,Rhode Island,Nursing,,Registered Nurse,18f39740-a7c2-4215-a50c-8782c326d979
The Academy for Careers and Technology,USA,United States,South Carolina,Nursing,,Registered Nurse,18f39740-a7c2-4215-a50c-8782c326d979
Aiken Technical College,USA,United States,South Carolina,Nursing,ATC,Registered Nurse,18f39740-a7c2-4215-a50c-8782c326d979
Central Carolina Technical College,USA,United States,South Carolina,Nursing,CCTech,Registered Nurse,18f39740-a7c2-4215-a50c-8782c326d979
Charleston Southern University,USA,United States,South Carolina,Nursing,,Registered Nurse,18f39740-a7c2-4215-a50c-8782c326d979
Coastal Carolina University,USA,United States,South Carolina,Nursing,,Registered Nurse,18f39740-a7c2-4215-a50c-8782c326d979
Florence-Darlington Technical College,USA,United States,South Carolina,Nursing,FDTC,Registered Nurse,18f39740-a7c2-4215-a50c-8782c326d979
Francis Marion University,USA,United States,South Carolina,Nursing,,Registered Nurse,18f39740-a7c2-4215-a50c-8782c326d979
Greenville Technical College,USA,United States,South Carolina,Nursing,,Registered Nurse,18f39740-a7c2-4215-a50c-8782c326d979
Horry-Georgetown Technical College,USA,United States,South Carolina,Nursing,HGTC,Registered Nurse,18f39740-a7c2-4215-a50c-8782c326d979
Midlands Technical College,USA,United States,South Carolina,Nursing,,Registered Nurse,18f39740-a7c2-4215-a50c-8782c326d979
Orangeburg-Calhoun Technical College,USA,United States,South Carolina,Nursing,,Registered Nurse,18f39740-a7c2-4215-a50c-8782c326d979
Piedmont Technical College,USA,United States,South Carolina,Nursing,PTC,Registered Nurse,18f39740-a7c2-4215-a50c-8782c326d979
Spartanburg Community College,USA,United States,South Carolina,Nursing,SCCSC,Registered Nurse,18f39740-a7c2-4215-a50c-8782c326d979
Technical College of the Lowcountry,USA,United States,South Carolina,Nursing,TCL,Registered Nurse,18f39740-a7c2-4215-a50c-8782c326d979
Tri-county Technical College,USA,United States,South Carolina,Nursing,TCTC,Registered Nurse,18f39740-a7c2-4215-a50c-8782c326d979
Trident Technical College,USA,United States,South Carolina,Nursing,,Registered Nurse,18f39740-a7c2-4215-a50c-8782c326d979
York Technical College - University of South Carolina Lancaster,USA,United States,South Carolina,Nursing,,Registered Nurse,18f39740-a7c2-4215-a50c-8782c326d979
Lake Area Technical Institute,USA,United States,South Dakota,Nursing,,Registered Nurse,18f39740-a7c2-4215-a50c-8782c326d979
Presentation College,USA,United States,South Dakota,Nursing,,Registered Nurse,18f39740-a7c2-4215-a50c-8782c326d979
Southeast Technical Institute,USA,United States,South Dakota,Nursing,,Registered Nurse,18f39740-a7c2-4215-a50c-8782c326d979
University of South Dakota,USA,United States,South Dakota,Nursing,USD,Registered Nurse,18f39740-a7c2-4215-a50c-8782c326d979
Aquinas College,USA,United States,Tennessee,Nursing,,Registered Nurse,18f39740-a7c2-4215-a50c-8782c326d979
Austin Peay State University,USA,United States,Tennessee,Nursing,,Registered Nurse,18f39740-a7c2-4215-a50c-8782c326d979
Chattanooga State Community College,USA,United States,Tennessee,Nursing,,Registered Nurse,18f39740-a7c2-4215-a50c-8782c326d979
Cleveland State Community College,USA,United States,Tennessee,Nursing,,Registered Nurse,18f39740-a7c2-4215-a50c-8782c326d979
Columbia State Community College,USA,United States,Tennessee,Nursing,,Registered Nurse,18f39740-a7c2-4215-a50c-8782c326d979
Dyersburg State Community College,USA,United States,Tennessee,Nursing,DSCC,Registered Nurse,18f39740-a7c2-4215-a50c-8782c326d979
Jackson State Community College,USA,United States,Tennessee,Nursing,JSCC,Registered Nurse,18f39740-a7c2-4215-a50c-8782c326d979
Lincoln Memorial University,USA,United States,Tennessee,Nursing,LMU,Registered Nurse,18f39740-a7c2-4215-a50c-8782c326d979
Lipscomb University,USA,United States,Tennessee,Nursing,,Registered Nurse,18f39740-a7c2-4215-a50c-8782c326d979
Motlow State Community College,USA,United States,Tennessee,Nursing,MSCC,Registered Nurse,18f39740-a7c2-4215-a50c-8782c326d979
Nashville State Community College,USA,United States,Tennessee,Nursing,NSCC,Registered Nurse,18f39740-a7c2-4215-a50c-8782c326d979
Northeast State Community College,USA,United States,Tennessee,Nursing,,Registered Nurse,18f39740-a7c2-4215-a50c-8782c326d979
Pellissippi State Community College,USA,United States,Tennessee,Nursing,,Registered Nurse,18f39740-a7c2-4215-a50c-8782c326d979
Roane State Community College,USA,United States,Tennessee,Nursing,,Registered Nurse,18f39740-a7c2-4215-a50c-8782c326d979
South College,USA,United States,Tennessee,Nursing,,Registered Nurse,18f39740-a7c2-4215-a50c-8782c326d979
Southern Adventist University,USA,United States,Tennessee,Nursing,,Registered Nurse,18f39740-a7c2-4215-a50c-8782c326d979
Southwest Tennessee Community College,USA,United States,Tennessee,Nursing,,Registered Nurse,18f39740-a7c2-4215-a50c-8782c326d979
Tennessee Board of Regents,USA,United States,Tennessee,Nursing,TBR,Registered Nurse,18f39740-a7c2-4215-a50c-8782c326d979
Tennessee State University,USA,United States,Tennessee,Nursing,,Registered Nurse,18f39740-a7c2-4215-a50c-8782c326d979
University of Tennessee at Martin,USA,United States,Tennessee,Nursing,UTM,Registered Nurse,18f39740-a7c2-4215-a50c-8782c326d979
Walters State Community College,USA,United States,Tennessee,Nursing,WS,Registered Nurse,18f39740-a7c2-4215-a50c-8782c326d979
Baptist College of Health Sciences,USA,United States,Tennessee,Nursing,BHCS,Registered Nurse,18f39740-a7c2-4215-a50c-8782c326d979
Alvin Community College,USA,United States,Texas,Nursing,ACC,Registered Nurse,18f39740-a7c2-4215-a50c-8782c326d979
Amarillo College,USA,United States,Texas,Nursing,,Registered Nurse,18f39740-a7c2-4215-a50c-8782c326d979
Austin Community College,USA,United States,Texas,Nursing,,Registered Nurse,18f39740-a7c2-4215-a50c-8782c326d979
Baptist Health System School of Health Professions,USA,United States,Texas,Nursing,BSHP,Registered Nurse,18f39740-a7c2-4215-a50c-8782c326d979
Blinn College,USA,United States,Texas,Nursing,,Registered Nurse,18f39740-a7c2-4215-a50c-8782c326d979
Brookhaven College,USA,United States,Texas,Nursing,,Registered Nurse,18f39740-a7c2-4215-a50c-8782c326d979
Central Texas College,USA,United States,Texas,Nursing,CTCD,Registered Nurse,18f39740-a7c2-4215-a50c-8782c326d979
College of the Mainland,USA,United States,Texas,Nursing,COM,Registered Nurse,18f39740-a7c2-4215-a50c-8782c326d979
Collin County Community College District,USA,United States,Texas,Nursing,,Registered Nurse,18f39740-a7c2-4215-a50c-8782c326d979
Covenant Health School of Nursing,USA,United States,Texas,Nursing,,Registered Nurse,18f39740-a7c2-4215-a50c-8782c326d979
Del Mar College,USA,United States,Texas,Nursing,,Registered Nurse,18f39740-a7c2-4215-a50c-8782c326d979
El Centro College,USA,United States,Texas,Nursing,,Registered Nurse,18f39740-a7c2-4215-a50c-8782c326d979
El Paso Community College,USA,United States,Texas,Nursing,EPCC,Registered Nurse,18f39740-a7c2-4215-a50c-8782c326d979
Galveston College,USA,United States,Texas,Nursing,GC,Registered Nurse,18f39740-a7c2-4215-a50c-8782c326d979
Grayson County College,USA,United States,Texas,Nursing,,Registered Nurse,18f39740-a7c2-4215-a50c-8782c326d979
Houston Baptist University,USA,United States,Texas,Nursing,HBU,Registered Nurse,18f39740-a7c2-4215-a50c-8782c326d979
Howard College,USA,United States,Texas,Nursing,,Registered Nurse,18f39740-a7c2-4215-a50c-8782c326d979
Kilgore College,USA,United States,Texas,Nursing,,Registered Nurse,18f39740-a7c2-4215-a50c-8782c326d979
Lamar University,USA,United States,Texas,Nursing,,Registered Nurse,18f39740-a7c2-4215-a50c-8782c326d979
Lamar State College Port Arthur,USA,United States,Texas,Nursing,,Registered Nurse,18f39740-a7c2-4215-a50c-8782c326d979
Laredo Community College,USA,United States,Texas,Nursing,,Registered Nurse,18f39740-a7c2-4215-a50c-8782c326d979
Lee College,USA,United States,Texas,Nursing,,Registered Nurse,18f39740-a7c2-4215-a50c-8782c326d979
Lone Star College - Cy Fair,USA,United States,Texas,Nursing,LSC-CyFair,Registered Nurse,18f39740-a7c2-4215-a50c-8782c326d979
Lone Star College - Kingwood,USA,United States,Texas,Nursing,LSC,Registered Nurse,18f39740-a7c2-4215-a50c-8782c326d979
Lone Star College - Montgomery,USA,United States,Texas,Nursing,LSC,Registered Nurse,18f39740-a7c2-4215-a50c-8782c326d979
Lone Star College - North Harris,USA,United States,Texas,Nursing,LSC,Registered Nurse,18f39740-a7c2-4215-a50c-8782c326d979
Lone Star College - Tomball,USA,United States,Texas,Nursing,LSC,Registered Nurse,18f39740-a7c2-4215-a50c-8782c326d979
Lubbock Christian University,USA,United States,Texas,Nursing,LCU,Registered Nurse,18f39740-a7c2-4215-a50c-8782c326d979
McLennan Community College,USA,United States,Texas,Nursing,,Registered Nurse,18f39740-a7c2-4215-a50c-8782c326d979
Navarro College,USA,United States,Texas,Nursing,,Registered Nurse,18f39740-a7c2-4215-a50c-8782c326d979
North Central Texas College,USA,United States,Texas,Nursing,NCTC,Registered Nurse,18f39740-a7c2-4215-a50c-8782c326d979
Northeast Texas Community College,USA,United States,Texas,Nursing,NTCC,Registered Nurse,18f39740-a7c2-4215-a50c-8782c326d979
Odessa College,USA,United States,Texas,Nursing,,Registered Nurse,18f39740-a7c2-4215-a50c-8782c326d979
Panola College,USA,United States,Texas,Nursing,,Registered Nurse,18f39740-a7c2-4215-a50c-8782c326d979
Paris Junior College,USA,United States,Texas,Nursing,,Registered Nurse,18f39740-a7c2-4215-a50c-8782c326d979
Prairie View A&M University,USA,United States,Texas,Nursing,,Registered Nurse,18f39740-a7c2-4215-a50c-8782c326d979
Sam Houston State University,USA,United States,Texas,Nursing,SHSU,Registered Nurse,18f39740-a7c2-4215-a50c-8782c326d979
San Antonio College,USA,United States,Texas,Nursing,SAC,Registered Nurse,18f39740-a7c2-4215-a50c-8782c326d979
San Jacinto College - Central Campus,USA,United States,Texas,Nursing,,Registered Nurse,18f39740-a7c2-4215-a50c-8782c326d979
San Jacinto College - South Campus,USA,United States,Texas,Nursing,,Registered Nurse,18f39740-a7c2-4215-a50c-8782c326d979
South Plains College,USA,United States,Texas,Nursing,,Registered Nurse,18f39740-a7c2-4215-a50c-8782c326d979
Stephen F. Austin State University,USA,United States,Texas,Nursing,SFASU,Registered Nurse,18f39740-a7c2-4215-a50c-8782c326d979
Tarrant County College,USA,United States,Texas,Nursing,,Registered Nurse,18f39740-a7c2-4215-a50c-8782c326d979
Temple College,USA,United States,Texas,Nursing,,Registered Nurse,18f39740-a7c2-4215-a50c-8782c326d979
Texarkana College,USA,United States,Texas,Nursing,,Registered Nurse,18f39740-a7c2-4215-a50c-8782c326d979
Texas A&M International University,USA,United States,Texas,Nursing,TAMIU,Registered Nurse,18f39740-a7c2-4215-a50c-8782c326d979
Texas Southmost College,USA,United States,Texas,Nursing,TSC,Registered Nurse,18f39740-a7c2-4215-a50c-8782c326d979
Trinity Valley Community College,USA,United States,Texas,Nursing,TVCC,Registered Nurse,18f39740-a7c2-4215-a50c-8782c326d979
Victoria College,USA,United States,Texas,Nursing,,Registered Nurse,18f39740-a7c2-4215-a50c-8782c326d979
Wayland Baptist University,USA,United States,Texas,Nursing,WBU,Registered Nurse,18f39740-a7c2-4215-a50c-8782c326d979
Weatherford College,USA,United States,Texas,Nursing,WC,Registered Nurse,18f39740-a7c2-4215-a50c-8782c326d979
Ameritech College of Healthcare,USA,United States,Utah,Nursing,,Registered Nurse,18f39740-a7c2-4215-a50c-8782c326d979
Bridgerland Applied Technology College,USA,United States,Utah,Nursing,,Registered Nurse,18f39740-a7c2-4215-a50c-8782c326d979
Davis Applied Technology College,USA,United States,Utah,Nursing,,Registered Nurse,18f39740-a7c2-4215-a50c-8782c326d979
Dixie State University,USA,United States,Utah,Nursing,,Registered Nurse,18f39740-a7c2-4215-a50c-8782c326d979
Fortis College - Salt Lake City,USA,United States,Utah,Nursing,,Registered Nurse,18f39740-a7c2-4215-a50c-8782c326d979
Mountainland Applied Technology College,USA,United States,Utah,Nursing,MTECH,Registered Nurse,18f39740-a7c2-4215-a50c-8782c326d979
Nightingale College,USA,United States,Utah,Nursing,,Registered Nurse,18f39740-a7c2-4215-a50c-8782c326d979
Ogden Weber Applied Technology College,USA,United States,Utah,Nursing,,Registered Nurse,18f39740-a7c2-4215-a50c-8782c326d979
Roseman University of Health Sciences - South Jordan,USA,United States,Utah,Nursing,,Registered Nurse,18f39740-a7c2-4215-a50c-8782c326d979
Salt Lake Community College,USA,United States,Utah,Nursing,SLCC,Registered Nurse,18f39740-a7c2-4215-a50c-8782c326d979
Snow College,USA,United States,Utah,Nursing,,Registered Nurse,18f39740-a7c2-4215-a50c-8782c326d979
Uintah Basin Applied Technology College,USA,United States,Utah,Nursing,UBTech,Registered Nurse,18f39740-a7c2-4215-a50c-8782c326d979
Utah State University - College of Eastern Utah,USA,United States,Utah,Nursing,USU,Registered Nurse,18f39740-a7c2-4215-a50c-8782c326d979
Utah Valley University,USA,United States,Utah,Nursing,UVU,Registered Nurse,18f39740-a7c2-4215-a50c-8782c326d979
Weber State University,USA,United States,Utah,Nursing,,Registered Nurse,18f39740-a7c2-4215-a50c-8782c326d979
Vermont Technical College,USA,United States,Vermont,Nursing,VTC,Registered Nurse,18f39740-a7c2-4215-a50c-8782c326d979
Blue Ridge Community College,USA,United States,Virginia,Nursing,,Registered Nurse,18f39740-a7c2-4215-a50c-8782c326d979
Bryant & Stratton College - Richmond,USA,United States,Virginia,Nursing,,Registered Nurse,18f39740-a7c2-4215-a50c-8782c326d979
"Centra Health, Inc.",USA,United States,Virginia,Nursing,,Registered Nurse,18f39740-a7c2-4215-a50c-8782c326d979
Dabney S. Lancaster Community College,USA,United States,Virginia,Nursing,DSLCC,Registered Nurse,18f39740-a7c2-4215-a50c-8782c326d979
ECPI University - Virginia Beach,USA,United States,Virginia,Nursing,,Registered Nurse,18f39740-a7c2-4215-a50c-8782c326d979
Germanna Community College - Locust Grove Campus,USA,United States,Virginia,Nursing,,Registered Nurse,18f39740-a7c2-4215-a50c-8782c326d979
Global Health College,USA,United States,Virginia,Nursing,,Registered Nurse,18f39740-a7c2-4215-a50c-8782c326d979
Henrico County - Henrico Career and Technology,USA,United States,Virginia,Nursing,Henrico CTE,Registered Nurse,18f39740-a7c2-4215-a50c-8782c326d979
J Sargeant Reynolds Community College,USA,United States,Virginia,Nursing,,Registered Nurse,18f39740-a7c2-4215-a50c-8782c326d979
John Tyler Community College,USA,United States,Virginia,Nursing,JTCC,Registered Nurse,18f39740-a7c2-4215-a50c-8782c326d979
Norfolk State University,USA,United States,Virginia,Nursing,NSU,Registered Nurse,18f39740-a7c2-4215-a50c-8782c326d979
Norfolk Technical Vocational Center,USA,United States,Virginia,Nursing,,Registered Nurse,18f39740-a7c2-4215-a50c-8782c326d979
Northern Virginia Community College,USA,United States,Virginia,Nursing,NVCC,Registered Nurse,18f39740-a7c2-4215-a50c-8782c326d979
Patrick Henry Community College,USA,United States,Virginia,Nursing,,Registered Nurse,18f39740-a7c2-4215-a50c-8782c326d979
Piedmont Virginia Community College,USA,United States,Virginia,Nursing,PVCC,Registered Nurse,18f39740-a7c2-4215-a50c-8782c326d979
Rappahannock Community College,USA,United States,Virginia,Nursing,,Registered Nurse,18f39740-a7c2-4215-a50c-8782c326d979
Riverside Health System,USA,United States,Virginia,Nursing,,Registered Nurse,18f39740-a7c2-4215-a50c-8782c326d979
Southside Regional Medical Center,USA,United States,Virginia,Nursing,,Registered Nurse,18f39740-a7c2-4215-a50c-8782c326d979
Southside Virginia Community College,USA,United States,Virginia,Nursing,,Registered Nurse,18f39740-a7c2-4215-a50c-8782c326d979
Thomas Nelson Community College,USA,United States,Virginia,Nursing,TNCC,Registered Nurse,18f39740-a7c2-4215-a50c-8782c326d979
Tidewater Community College,USA,United States,Virginia,Nursing,TCC,Registered Nurse,18f39740-a7c2-4215-a50c-8782c326d979
Tidewater Medical Training,USA,United States,Virginia,Nursing,,Registered Nurse,18f39740-a7c2-4215-a50c-8782c326d979
Virginia Appalachian Tricollege Nursing Program,USA,United States,Virginia,Nursing,VATNP,Registered Nurse,18f39740-a7c2-4215-a50c-8782c326d979
Virginia Beach City Public Schools - Career and Technology,USA,United States,Virginia,Nursing,VBCPS-CTE,Registered Nurse,18f39740-a7c2-4215-a50c-8782c326d979
Virginia Commonwealth University,USA,United States,Virginia,Nursing,,Registered Nurse,18f39740-a7c2-4215-a50c-8782c326d979
Wytheville Community College,USA,United States,Virginia,Nursing,WCC,Registered Nurse,18f39740-a7c2-4215-a50c-8782c326d979
Bellevue College,USA,United States,Washington,Nursing,,Registered Nurse,18f39740-a7c2-4215-a50c-8782c326d979
Big Bend Community College,USA,United States,Washington,Nursing,,Registered Nurse,18f39740-a7c2-4215-a50c-8782c326d979
Clark College,USA,United States,Washington,Nursing,,Registered Nurse,18f39740-a7c2-4215-a50c-8782c326d979
Columbia Basin College,USA,United States,Washington,Nursing,,Registered Nurse,18f39740-a7c2-4215-a50c-8782c326d979
Everett Community College,USA,United States,Washington,Nursing,EvCC,Registered Nurse,18f39740-a7c2-4215-a50c-8782c326d979
Grays Harbor College,USA,United States,Washington,Nursing,GHC,Registered Nurse,18f39740-a7c2-4215-a50c-8782c326d979
Highline Community College,USA,United States,Washington,Nursing,,Registered Nurse,18f39740-a7c2-4215-a50c-8782c326d979
Lake Washington Institute of Technology,USA,United States,Washington,Nursing,LWTech,Registered Nurse,18f39740-a7c2-4215-a50c-8782c326d979
Lower Columbia College,USA,United States,Washington,Nursing,,Registered Nurse,18f39740-a7c2-4215-a50c-8782c326d979
North Seattle College,USA,United States,Washington,Nursing,,Registered Nurse,18f39740-a7c2-4215-a50c-8782c326d979
Olympic College,USA,United States,Washington,Nursing,,Registered Nurse,18f39740-a7c2-4215-a50c-8782c326d979
Peninsula College,USA,United States,Washington,Nursing,,Registered Nurse,18f39740-a7c2-4215-a50c-8782c326d979
Pierce College Puyallup,USA,United States,Washington,Nursing,,Registered Nurse,18f39740-a7c2-4215-a50c-8782c326d979
Seattle Central College,USA,United States,Washington,Nursing,,Registered Nurse,18f39740-a7c2-4215-a50c-8782c326d979
Shoreline Community College,USA,United States,Washington,Nursing,,Registered Nurse,18f39740-a7c2-4215-a50c-8782c326d979
Skagit Valley College,USA,United States,Washington,Nursing,SVC,Registered Nurse,18f39740-a7c2-4215-a50c-8782c326d979
Spokane Community College,USA,United States,Washington,Nursing,SCC,Registered Nurse,18f39740-a7c2-4215-a50c-8782c326d979
Tacoma Community College,USA,United States,Washington,Nursing,,Registered Nurse,18f39740-a7c2-4215-a50c-8782c326d979
Walla Walla Community College,USA,United States,Washington,Nursing,WWCC,Registered Nurse,18f39740-a7c2-4215-a50c-8782c326d979
Wenatchee Valley College,USA,United States,Washington,Nursing,WVC,Registered Nurse,18f39740-a7c2-4215-a50c-8782c326d979
Whatcom Community College,USA,United States,Washington,Nursing,WCC,Registered Nurse,18f39740-a7c2-4215-a50c-8782c326d979
Yakima Valley Community College,USA,United States,Washington,Nursing,YVCC,Registered Nurse,18f39740-a7c2-4215-a50c-8782c326d979
Alderson Broaddus University,USA,United States,West Virginia,Nursing,AB,Registered Nurse,18f39740-a7c2-4215-a50c-8782c326d979
Blue Ridge Community and Technical College,USA,United States,West Virginia,Nursing,,Registered Nurse,18f39740-a7c2-4215-a50c-8782c326d979
Bluefield State College,USA,United States,West Virginia,Nursing,BSC,Registered Nurse,18f39740-a7c2-4215-a50c-8782c326d979
Bridgevalley Community College,USA,United States,West Virginia,Nursing,,Registered Nurse,18f39740-a7c2-4215-a50c-8782c326d979
Davis & Elkins College,USA,United States,West Virginia,Nursing,DEWV,Registered Nurse,18f39740-a7c2-4215-a50c-8782c326d979
Eastern West Virginia Community & Technical College,USA,United States,West Virginia,Nursing,,Registered Nurse,18f39740-a7c2-4215-a50c-8782c326d979
Fairmont State University,USA,United States,West Virginia,Nursing,,Registered Nurse,18f39740-a7c2-4215-a50c-8782c326d979
Marshall University,USA,United States,West Virginia,Nursing,,Registered Nurse,18f39740-a7c2-4215-a50c-8782c326d979
"Reynolds Memorial Hospital, Inc.",USA,United States,West Virginia,Nursing,WVU,Registered Nurse,18f39740-a7c2-4215-a50c-8782c326d979
Southern West Virginia Community and Technical College,USA,United States,West Virginia,Nursing,,Registered Nurse,18f39740-a7c2-4215-a50c-8782c326d979
St. Mary's Hospital and Marshall University,USA,United States,West Virginia,Nursing,,Registered Nurse,18f39740-a7c2-4215-a50c-8782c326d979
The University of Charleston,USA,United States,West Virginia,Nursing,UCWV,Registered Nurse,18f39740-a7c2-4215-a50c-8782c326d979
West Virginia Northern Community College,USA,United States,West Virginia,Nursing,WVNCC,Registered Nurse,18f39740-a7c2-4215-a50c-8782c326d979
West Virginia University at Parkersburg,USA,United States,West Virginia,Nursing,WVU,Registered Nurse,18f39740-a7c2-4215-a50c-8782c326d979
Blackhawk Technical College,USA,United States,Wisconsin,Nursing,,Registered Nurse,18f39740-a7c2-4215-a50c-8782c326d979
Bryant & Stratton College - Milwaukee West,USA,United States,Wisconsin,Nursing,,Registered Nurse,18f39740-a7c2-4215-a50c-8782c326d979
Cardinal Stritch University,USA,United States,Wisconsin,Nursing,,Registered Nurse,18f39740-a7c2-4215-a50c-8782c326d979
Chippewa Valley Technical College,USA,United States,Wisconsin,Nursing,CVTC,Registered Nurse,18f39740-a7c2-4215-a50c-8782c326d979
College of Menominee Nation,USA,United States,Wisconsin,Nursing,,Registered Nurse,18f39740-a7c2-4215-a50c-8782c326d979
Fox Valley Technical College,USA,United States,Wisconsin,Nursing,FVTC,Registered Nurse,18f39740-a7c2-4215-a50c-8782c326d979
Gateway Technical College,USA,United States,Wisconsin,Nursing,GTC,Registered Nurse,18f39740-a7c2-4215-a50c-8782c326d979
Herzing University - Madison,USA,United States,Wisconsin,Nursing,,Registered Nurse,18f39740-a7c2-4215-a50c-8782c326d979
Lakeshore Technical College,USA,United States,Wisconsin,Nursing,,Registered Nurse,18f39740-a7c2-4215-a50c-8782c326d979
Madison Area Technical College,USA,United States,Wisconsin,Nursing,,Registered Nurse,18f39740-a7c2-4215-a50c-8782c326d979
Mid-State Technical College,USA,United States,Wisconsin,Nursing,MSTC,Registered Nurse,18f39740-a7c2-4215-a50c-8782c326d979
Milwaukee Area Technical College,USA,United States,Wisconsin,Nursing,MATC,Registered Nurse,18f39740-a7c2-4215-a50c-8782c326d979
Moraine Park Technical College,USA,United States,Wisconsin,Nursing,,Registered Nurse,18f39740-a7c2-4215-a50c-8782c326d979
Nicolet Area Technical College,USA,United States,Wisconsin,Nursing,,Registered Nurse,18f39740-a7c2-4215-a50c-8782c326d979
Northcentral Technical College,USA,United States,Wisconsin,Nursing,NTC,Registered Nurse,18f39740-a7c2-4215-a50c-8782c326d979
Northeast Wisconsin Technical College,USA,United States,Wisconsin,Nursing,NWTC,Registered Nurse,18f39740-a7c2-4215-a50c-8782c326d979
Southwest Wisconsin Technical College,USA,United States,Wisconsin,Nursing,SWTC,Registered Nurse,18f39740-a7c2-4215-a50c-8782c326d979
Waukesha County Technical College,USA,United States,Wisconsin,Nursing,WCTC,Registered Nurse,18f39740-a7c2-4215-a50c-8782c326d979
Western Technical College,USA,United States,Wisconsin,Nursing,,Registered Nurse,18f39740-a7c2-4215-a50c-8782c326d979
Wisconsin Indianhead Technical College,USA,United States,Wisconsin,Nursing,,Registered Nurse,18f39740-a7c2-4215-a50c-8782c326d979
Casper College,USA,United States,Wyoming,Nursing,,Registered Nurse,18f39740-a7c2-4215-a50c-8782c326d979
Central Wyoming College,USA,United States,Wyoming,Nursing,,Registered Nurse,18f39740-a7c2-4215-a50c-8782c326d979
Laramie County Community College,USA,United States,Wyoming,Nursing,,Registered Nurse,18f39740-a7c2-4215-a50c-8782c326d979
Northern Wyoming Community College District,USA,United States,Wyoming,Nursing,NWCCD,Registered Nurse,18f39740-a7c2-4215-a50c-8782c326d979
Northwest College,USA,United States,Wyoming,Nursing,NWC,Registered Nurse,18f39740-a7c2-4215-a50c-8782c326d979
Western Wyoming Community College,USA,United States,Wyoming,Nursing,,Registered Nurse,18f39740-a7c2-4215-a50c-8782c326d979
Ashland Community & Technical College System,USA,United States,Kentucky,Nursing,,Registered Nurse,18f39740-a7c2-4215-a50c-8782c326d979
Big Sandy Community & Technical College System,USA,United States,Kentucky,Nursing,,Registered Nurse,18f39740-a7c2-4215-a50c-8782c326d979
Bluegrass Community & Technical College System,USA,United States,Kentucky,Nursing,BCTC,Registered Nurse,18f39740-a7c2-4215-a50c-8782c326d979
Elizabethtown Community & Technical College System,USA,United States,Kentucky,Nursing,,Registered Nurse,18f39740-a7c2-4215-a50c-8782c326d979
Gateway Community & Technical College System,USA,United States,Kentucky,Nursing,,Registered Nurse,18f39740-a7c2-4215-a50c-8782c326d979
Hazard Community & Technical College System,USA,United States,Kentucky,Nursing,,Registered Nurse,18f39740-a7c2-4215-a50c-8782c326d979
Henderson Community & Technical College System,USA,United States,Kentucky,Nursing,,Registered Nurse,18f39740-a7c2-4215-a50c-8782c326d979
Hopkinsville Community & Technical College System,USA,United States,Kentucky,Nursing,,Registered Nurse,18f39740-a7c2-4215-a50c-8782c326d979
Jefferson Community & Technical College System,USA,United States,Kentucky,Nursing,,Registered Nurse,18f39740-a7c2-4215-a50c-8782c326d979
Madisonville Community & Technical College System,USA,United States,Kentucky,Nursing,,Registered Nurse,18f39740-a7c2-4215-a50c-8782c326d979
Maysville Community & Technical College System,USA,United States,Kentucky,Nursing,,Registered Nurse,18f39740-a7c2-4215-a50c-8782c326d979
Owensboro Community & Technical College System,USA,United States,Kentucky,Nursing,,Registered Nurse,18f39740-a7c2-4215-a50c-8782c326d979
Somerset Community & Technical College System,USA,United States,Kentucky,Nursing,,Registered Nurse,18f39740-a7c2-4215-a50c-8782c326d979
Southcentral Kentucky Community & Technical College System,USA,United States,Kentucky,Nursing,,Registered Nurse,18f39740-a7c2-4215-a50c-8782c326d979
Southeast Kentucky Community & Technical College System,USA,United States,Kentucky,Nursing,,Registered Nurse,18f39740-a7c2-4215-a50c-8782c326d979
West Kentucky Community & Technical College System,USA,United States,Kentucky,Nursing,,Registered Nurse,18f39740-a7c2-4215-a50c-8782c326d979
Blue Ridge Community College,USA,United States,Virginia,Nursing,,Registered Nurse,18f39740-a7c2-4215-a50c-8782c326d979
Central Virginia Community College,USA,United States,Virginia,Nursing,,Registered Nurse,18f39740-a7c2-4215-a50c-8782c326d979
Dabney S. Lancaster Community College,USA,United States,Virginia,Nursing,,Registered Nurse,18f39740-a7c2-4215-a50c-8782c326d979
Danville Community College,USA,United States,Virginia,Nursing,,Registered Nurse,18f39740-a7c2-4215-a50c-8782c326d979
Eastern Shore Community College,USA,United States,Virginia,Nursing,ESCC,Registered Nurse,18f39740-a7c2-4215-a50c-8782c326d979
Germanna Community College,USA,United States,Virginia,Nursing,,Registered Nurse,18f39740-a7c2-4215-a50c-8782c326d979
J. Sargeant Reynolds Community College,USA,United States,Virginia,Nursing,,Registered Nurse,18f39740-a7c2-4215-a50c-8782c326d979
John Tyler Community College,USA,United States,Virginia,Nursing,JTCC,Registered Nurse,18f39740-a7c2-4215-a50c-8782c326d979
Lord Fairfax Community College,USA,United States,Virginia,Nursing,LFCC,Registered Nurse,18f39740-a7c2-4215-a50c-8782c326d979
Mountain Empire Community College,USA,United States,Virginia,Nursing,MECC,Registered Nurse,18f39740-a7c2-4215-a50c-8782c326d979
New River Community College,USA,United States,Virginia,Nursing,NR,Registered Nurse,18f39740-a7c2-4215-a50c-8782c326d979
Northern Virginia Community College,USA,United States,Virginia,Nursing,NVCC,Registered Nurse,18f39740-a7c2-4215-a50c-8782c326d979
Patrick Henry Community College,USA,United States,Virginia,Nursing,,Registered Nurse,18f39740-a7c2-4215-a50c-8782c326d979
Paul D. Camp Community College,USA,United States,Virginia,Nursing,PDC,Registered Nurse,18f39740-a7c2-4215-a50c-8782c326d979
Piedmont Virginia Community College,USA,United States,Virginia,Nursing,PVCC,Registered Nurse,18f39740-a7c2-4215-a50c-8782c326d979
Rappahannock Community College,USA,United States,Virginia,Nursing,RCC,Registered Nurse,18f39740-a7c2-4215-a50c-8782c326d979
Southside Virginia Community College,USA,United States,Virginia,Nursing,,Registered Nurse,18f39740-a7c2-4215-a50c-8782c326d979
Thomas Nelson Community College,USA,United States,Virginia,Nursing,TNCC,Registered Nurse,18f39740-a7c2-4215-a50c-8782c326d979
Tidewater Community College,USA,United States,Virginia,Nursing,TCC,Registered Nurse,18f39740-a7c2-4215-a50c-8782c326d979
Virginia Highlands Community College,USA,United States,Virginia,Nursing,VHCC,Registered Nurse,18f39740-a7c2-4215-a50c-8782c326d979
Virginia Western Community College,USA,United States,Virginia,Nursing,VWCC,Registered Nurse,18f39740-a7c2-4215-a50c-8782c326d979
Wytheville Community College,USA,United States,Virginia,Nursing,WCC,Registered Nurse,18f39740-a7c2-4215-a50c-8782c326d979
Arapahoe Community College,USA,United States,Colorado,Nursing,,Registered Nurse,18f39740-a7c2-4215-a50c-8782c326d979
Colorado Northwestern Community College,USA,United States,Colorado,Nursing,,Registered Nurse,18f39740-a7c2-4215-a50c-8782c326d979
Community College of Aurora,USA,United States,Colorado,Nursing,,Registered Nurse,18f39740-a7c2-4215-a50c-8782c326d979
Community College of Denver,USA,United States,Colorado,Nursing,,Registered Nurse,18f39740-a7c2-4215-a50c-8782c326d979
Front Range Community College,USA,United States,Colorado,Nursing,FRCC,Registered Nurse,18f39740-a7c2-4215-a50c-8782c326d979
Lamar Community College,USA,United States,Colorado,Nursing,,Registered Nurse,18f39740-a7c2-4215-a50c-8782c326d979
Morgan Community College,USA,United States,Colorado,Nursing,,Registered Nurse,18f39740-a7c2-4215-a50c-8782c326d979
Northeastern Junior College,USA,United States,Colorado,Nursing,NJC,Registered Nurse,18f39740-a7c2-4215-a50c-8782c326d979
Otero Junior College,USA,United States,Colorado,Nursing,OJC,Registered Nurse,18f39740-a7c2-4215-a50c-8782c326d979
Pikes Peak Community College,USA,United States,Colorado,Nursing,,Registered Nurse,18f39740-a7c2-4215-a50c-8782c326d979
Pueblo Community College,USA,United States,Colorado,Nursing,,Registered Nurse,18f39740-a7c2-4215-a50c-8782c326d979
Red Rocks Community College,USA,United States,Colorado,Nursing,RRCC,Registered Nurse,18f39740-a7c2-4215-a50c-8782c326d979
Trinidad State Junior College,USA,United States,Colorado,Nursing,,Registered Nurse,18f39740-a7c2-4215-a50c-8782c326d979
Bob Jones University,USA,United States,South Carolina,Nursing,BJU,Registered Nurse,18f39740-a7c2-4215-a50c-8782c326d979
Massachusetts College of Pharmacy and Health Sciences,USA,United States,Massachusetts,Nursing,,Registered Nurse,18f39740-a7c2-4215-a50c-8782c326d979
Vance-Granville Community College,USA,United States,North Carolina,Nursing,VGCC,Registered Nurse,18f39740-a7c2-4215-a50c-8782c326d979
Tennessee Tech University,USA,United States,Tennessee,Nursing,,Registered Nurse,18f39740-a7c2-4215-a50c-8782c326d979
Galveston College,USA,United States,Texas,Nursing,,Registered Nurse,18f39740-a7c2-4215-a50c-8782c326d979
Porter & Chester Institute,USA,United States,Connecticut,Nursing,,Registered Nurse,18f39740-a7c2-4215-a50c-8782c326d979
State Fair Community College,USA,United States,Missouri,Nursing,SFCCMO,Registered Nurse,18f39740-a7c2-4215-a50c-8782c326d979
Kellogg Community College,USA,United States,Michigan,Nursing,,Registered Nurse,18f39740-a7c2-4215-a50c-8782c326d979
Morrisville State College,USA,United States,New York,Nursing,,Registered Nurse,18f39740-a7c2-4215-a50c-8782c326d979
University of Missouri,USA,United States,Missouri,Nursing,Mizzou,Registered Nurse,18f39740-a7c2-4215-a50c-8782c326d979
Odessa College,USA,United States,Texas,Nursing,,Registered Nurse,18f39740-a7c2-4215-a50c-8782c326d979
The University of Texas at Austin,USA,United States,Texas,Nursing,,Registered Nurse,18f39740-a7c2-4215-a50c-8782c326d979
Albany Technical College,USA,United States,Georgia,Nursing,,Registered Nurse,18f39740-a7c2-4215-a50c-8782c326d979
Schoolcraft Community College,USA,United States,Michigan,Nursing,,Registered Nurse,18f39740-a7c2-4215-a50c-8782c326d979
Texas A&M - Commerce,USA,United States,Texas,Nursing,,Registered Nurse,18f39740-a7c2-4215-a50c-8782c326d979
New Hampshire Technical Institute,USA,United States,New Hampshire,Nursing,NHTI,Registered Nurse,18f39740-a7c2-4215-a50c-8782c326d979
Harrisburg Area Community College,USA,United States,Pennsylvania,Nursing,HACC,Registered Nurse,18f39740-a7c2-4215-a50c-8782c326d979
Pittsburgh Technical College,USA,United States,Pennsylvania,Nursing,,Registered Nurse,18f39740-a7c2-4215-a50c-8782c326d979
College of San Mateo,USA,United States,California,Nursing,,Registered Nurse,18f39740-a7c2-4215-a50c-8782c326d979
Taylor College,USA,United States,Florida,Nursing,,Registered Nurse,18f39740-a7c2-4215-a50c-8782c326d979
T.C. Harran University,TUR,Turkey,,EMT/ Paramedic,,Other HCP - Paramedic,91e92696-e13d-414d-98b2-fd8e63f746a9
Auckland University of Technology,NZL,New Zealand,,Podiatry,,Other HCP - Podiatrist,b05eaa16-fa2a-42e8-9958-21ea5e78517f
National University of Ireland Galway,IRL,Ireland,,Podiatry,NUIG,Other HCP - Podiatrist,b05eaa16-fa2a-42e8-9958-21ea5e78517f
Birmingham Metropolitan College,GBR,United Kingdom,,Podiatry,,Other HCP - Podiatrist,b05eaa16-fa2a-42e8-9958-21ea5e78517f
Cardiff Metropolitan University,GBR,United Kingdom,,Podiatry,,Other HCP - Podiatrist,b05eaa16-fa2a-42e8-9958-21ea5e78517f
Glasgow Caledonian University,GBR,United Kingdom,,Podiatry,,Other HCP - Podiatrist,b05eaa16-fa2a-42e8-9958-21ea5e78517f
New College Durham,GBR,United Kingdom,,Podiatry,,Other HCP - Podiatrist,b05eaa16-fa2a-42e8-9958-21ea5e78517f
Queen Margaret University,GBR,United Kingdom,,Podiatry,,Other HCP - Podiatrist,b05eaa16-fa2a-42e8-9958-21ea5e78517f
The University of Northampton,GBR,United Kingdom,,Podiatry,,Other HCP - Podiatrist,b05eaa16-fa2a-42e8-9958-21ea5e78517f
University of Brighton,GBR,United Kingdom,,Podiatry,,Other HCP - Podiatrist,b05eaa16-fa2a-42e8-9958-21ea5e78517f
University of East London,GBR,United Kingdom,,Podiatry,,Other HCP - Podiatrist,b05eaa16-fa2a-42e8-9958-21ea5e78517f
University of Huddersfield,GBR,United Kingdom,,Podiatry,,Other HCP - Podiatrist,b05eaa16-fa2a-42e8-9958-21ea5e78517f
University of Plymouth,GBR,United Kingdom,,Podiatry,,Other HCP - Podiatrist,b05eaa16-fa2a-42e8-9958-21ea5e78517f
University of Salford,GBR,United Kingdom,,Podiatry,,Other HCP - Podiatrist,b05eaa16-fa2a-42e8-9958-21ea5e78517f
University of Southampton,GBR,United Kingdom,,Podiatry,,Other HCP - Podiatrist,b05eaa16-fa2a-42e8-9958-21ea5e78517f
University of Ulster,GBR,United Kingdom,,Podiatry,,Other HCP - Podiatrist,b05eaa16-fa2a-42e8-9958-21ea5e78517f
University of Alberta Faculty of Medicine and Dentistry,CAN,Canada,Alberta,Physician,,Physician,7275dbe6-7416-4352-b2d9-ebf3d580cc0d
University of Calgary Cumming School of Medicine,CAN,Canada,Alberta,Physician,,Physician,7275dbe6-7416-4352-b2d9-ebf3d580cc0d
University of British Columbia Faculty of Medicine,CAN,Canada,British Columbia,Physician,,Physician,7275dbe6-7416-4352-b2d9-ebf3d580cc0d
University of Manitoba College of Medicine,CAN,Canada,Manitoba,Physician,,Physician,7275dbe6-7416-4352-b2d9-ebf3d580cc0d
Memorial University of Newfoundland Faculty of Medicine,CAN,Canada,Newfoundland and Labrador,Physician,,Physician,7275dbe6-7416-4352-b2d9-ebf3d580cc0d
Dalhousie University Faculty of Medicine,CAN,Canada,Nova Scotia,Physician,,Physician,7275dbe6-7416-4352-b2d9-ebf3d580cc0d
McMaster University Medical School,CAN,Canada,Ontario,Physician,,Physician,7275dbe6-7416-4352-b2d9-ebf3d580cc0d
Northern Ontario School of Medicine,CAN,Canada,Ontario,Physician,,Physician,7275dbe6-7416-4352-b2d9-ebf3d580cc0d
Queen's School of Medicine,CAN,Canada,Ontario,Physician,,Physician,7275dbe6-7416-4352-b2d9-ebf3d580cc0d
"Schulich School of Medicine & Dentistry, Univeristy of Western Ontario",CAN,Canada,Ontario,Physician,,Physician,7275dbe6-7416-4352-b2d9-ebf3d580cc0d
University of Ottawa Faculty of Medicine,CAN,Canada,Ontario,Physician,,Physician,7275dbe6-7416-4352-b2d9-ebf3d580cc0d
University of Toronto Faculty of Medicine,CAN,Canada,Ontario,Physician,,Physician,7275dbe6-7416-4352-b2d9-ebf3d580cc0d
Université Laval Faculté de Médecine,CAN,Canada,Quebec,Physician,,Physician,7275dbe6-7416-4352-b2d9-ebf3d580cc0d
McGill University Faculty of Medicine,CAN,Canada,Quebec,Physician,,Physician,7275dbe6-7416-4352-b2d9-ebf3d580cc0d
Université de Montreal Faculté de Medecine,CAN,Canada,Quebec,Physician,,Physician,7275dbe6-7416-4352-b2d9-ebf3d580cc0d
Université de Sherbrooke Faculté de Médecine et des Sciences de la Santé,CAN,Canada,Quebec,Physician,,Physician,7275dbe6-7416-4352-b2d9-ebf3d580cc0d
University of Saskatchewan College of Medicine,CAN,Canada,Saskatchewan,Physician,,Physician,7275dbe6-7416-4352-b2d9-ebf3d580cc0d
McMaster University,CAN,Canada,Ontario,PA,Mac,Physician Assistant,6604270b-fe8f-4bf0-b5c2-7e7100d4e7a4
The Consortium of PA Education ,CAN,Canada,Ontario,PA,,Physician Assistant,6604270b-fe8f-4bf0-b5c2-7e7100d4e7a4
Canadian Forces Health Services Training Centre Program,CAN,Canada,Ontario,PA,,Physician Assistant,6604270b-fe8f-4bf0-b5c2-7e7100d4e7a4
University of Manitoba,CAN,Canada,Manitoba,PA,,Physician Assistant,6604270b-fe8f-4bf0-b5c2-7e7100d4e7a4
Canadian Forces Health Services Training Program,CAN,Canada,Ontario,PA,,Physician Assistant,6604270b-fe8f-4bf0-b5c2-7e7100d4e7a4
University of Saskatchewan,CAN,Canada,Saskatchewan,Dentistry,,Dentist,b8b3027e-5386-4345-b997-28af33308226
University of Alberta,CAN,Canada,Alberta,Dentistry,,Dentist,b8b3027e-5386-4345-b997-28af33308226
University of British Columbia,CAN,Canada,British Columbia,Dentistry,,Dentist,b8b3027e-5386-4345-b997-28af33308226
University of Manitoba,CAN,Canada,Manitoba,Dentistry,,Dentist,b8b3027e-5386-4345-b997-28af33308226
University of Toronto,CAN,Canada,Ontario,Dentistry,UofT,Dentist,b8b3027e-5386-4345-b997-28af33308226
Western University,CAN,Canada,Ontario,Dentistry,UWO,Dentist,b8b3027e-5386-4345-b997-28af33308226
McGill University,CAN,Canada,Quebec,Dentistry,,Dentist,b8b3027e-5386-4345-b997-28af33308226
Université de Montréal,CAN,Canada,Quebec,Dentistry,,Dentist,b8b3027e-5386-4345-b997-28af33308226
Université Laval,CAN,Canada,Quebec,Dentistry,,Dentist,b8b3027e-5386-4345-b997-28af33308226
Dalhousie University,CAN,Canada,Nova Scotia,Dentistry,,Dentist,b8b3027e-5386-4345-b997-28af33308226
Concordia University,CAN,Canada,Quebec,Psychology,,Other HCP - Psychologist,e97c41fb-de10-4f72-8a14-8a4b110c2293
Dalhousie University,CAN,Canada,Nova Scotia,Psychology,,Other HCP - Psychologist,e97c41fb-de10-4f72-8a14-8a4b110c2293
Lakehead University,CAN,Canada,Ontario,Psychology,,Other HCP - Psychologist,e97c41fb-de10-4f72-8a14-8a4b110c2293
McGill University,CAN,Canada,Quebec,Psychology,,Other HCP - Psychologist,e97c41fb-de10-4f72-8a14-8a4b110c2293
Ontario Institute for Studies in Education (OISE) - University of Toronto,CAN,Canada,Ontario,Psychology,,Other HCP - Psychologist,e97c41fb-de10-4f72-8a14-8a4b110c2293
Queen's University,CAN,Canada,Ontario,Psychology,,Other HCP - Psychologist,e97c41fb-de10-4f72-8a14-8a4b110c2293
Ryerson University,CAN,Canada,Ontario,Psychology,,Other HCP - Psychologist,e97c41fb-de10-4f72-8a14-8a4b110c2293
Simon Fraser University,CAN,Canada,British Columbia,Psychology,,Other HCP - Psychologist,e97c41fb-de10-4f72-8a14-8a4b110c2293
Université Laval,CAN,Canada,Quebec,Psychology,,Other HCP - Psychologist,e97c41fb-de10-4f72-8a14-8a4b110c2293
Université de Montréal,CAN,Canada,Quebec,Psychology,,Other HCP - Psychologist,e97c41fb-de10-4f72-8a14-8a4b110c2293
University of Alberta,CAN,Canada,Alberta,Psychology,,Other HCP - Psychologist,e97c41fb-de10-4f72-8a14-8a4b110c2293
University of British Columbia,CAN,Canada,British Columbia,Psychology,UBC,Other HCP - Psychologist,e97c41fb-de10-4f72-8a14-8a4b110c2293
University of Calgary,CAN,Canada,Alberta,Psychology,UG,Other HCP - Psychologist,e97c41fb-de10-4f72-8a14-8a4b110c2293
University of Guelph,CAN,Canada,Ontario,Psychology,UofG,Other HCP - Psychologist,e97c41fb-de10-4f72-8a14-8a4b110c2293
University of Manitoba,CAN,Canada,Manitoba,Psychology,,Other HCP - Psychologist,e97c41fb-de10-4f72-8a14-8a4b110c2293
University of New Brunswick,CAN,Canada,New Brunswick,Psychology,,Other HCP - Psychologist,e97c41fb-de10-4f72-8a14-8a4b110c2293
University of Ottawa,CAN,Canada,Ontario,Psychology,,Other HCP - Psychologist,e97c41fb-de10-4f72-8a14-8a4b110c2293
University of Regina,CAN,Canada,Saskatchewan,Psychology,,Other HCP - Psychologist,e97c41fb-de10-4f72-8a14-8a4b110c2293
University of Saskatchewan,CAN,Canada,Saskatchewan,Psychology,USask,Other HCP - Psychologist,e97c41fb-de10-4f72-8a14-8a4b110c2293
University of Victoria,CAN,Canada,British Columbia,Psychology,UVIc,Other HCP - Psychologist,e97c41fb-de10-4f72-8a14-8a4b110c2293
University of Waterloo,CAN,Canada,Ontario,Psychology,,Other HCP - Psychologist,e97c41fb-de10-4f72-8a14-8a4b110c2293
Western University,CAN,Canada,Ontario,Psychology,UWO,Other HCP - Psychologist,e97c41fb-de10-4f72-8a14-8a4b110c2293
University of Windsor,CAN,Canada,Ontario,Psychology,,Other HCP - Psychologist,e97c41fb-de10-4f72-8a14-8a4b110c2293
York University,CAN,Canada,Ontario,Psychology,York U,Other HCP - Psychologist,e97c41fb-de10-4f72-8a14-8a4b110c2293
University of Alberta,CAN,Canada,Alberta,Pharmacy,,Other HCP - Pharmacist,5b181394-a865-4d2a-b4ad-d3a3af39e81a
University of British Columbia,CAN,Canada,British Columbia,Pharmacy,UBC,Other HCP - Pharmacist,5b181394-a865-4d2a-b4ad-d3a3af39e81a
Dalhousie University,CAN,Canada,Nova Scotia,Pharmacy,,Other HCP - Pharmacist,5b181394-a865-4d2a-b4ad-d3a3af39e81a
Université Laval,CAN,Canada,Quebec,Pharmacy,,Other HCP - Pharmacist,5b181394-a865-4d2a-b4ad-d3a3af39e81a
University of Manitoba,CAN,Canada,Manitoba,Pharmacy,,Other HCP - Pharmacist,5b181394-a865-4d2a-b4ad-d3a3af39e81a
Memorial University of Newfoundland,CAN,Canada,Newfoundland and Labrador,Pharmacy,,Other HCP - Pharmacist,5b181394-a865-4d2a-b4ad-d3a3af39e81a
Université de Montréal,CAN,Canada,Quebec,Pharmacy,,Other HCP - Pharmacist,5b181394-a865-4d2a-b4ad-d3a3af39e81a
University of Saskatchewan,CAN,Canada,Saskatchewan,Pharmacy,,Other HCP - Pharmacist,5b181394-a865-4d2a-b4ad-d3a3af39e81a
University of Toronto,CAN,Canada,Ontario,Pharmacy,,Other HCP - Pharmacist,5b181394-a865-4d2a-b4ad-d3a3af39e81a
University of Waterloo,CAN,Canada,Ontario,Pharmacy,,Other HCP - Pharmacist,5b181394-a865-4d2a-b4ad-d3a3af39e81a
University of Waterloo,CAN,Canada,Ontario,Optometry,,Other HCP - Optometrist,837c946c-9404-4c4e-9fab-93e361a331c1
Université De Montréal,CAN,Canada,Quebec,Optometry,,Other HCP - Optometrist,837c946c-9404-4c4e-9fab-93e361a331c1
Emergency Services Academy,CAN,Canada,Ontario,EMT/ Paramedic,,Other HCP - Paramedic,91e92696-e13d-414d-98b2-fd8e63f746a9
Keyano College,CAN,Canada,Alberta,EMT/ Paramedic,,Other HCP - Paramedic,91e92696-e13d-414d-98b2-fd8e63f746a9
Medicine Hat College,CAN,Canada,Alberta,EMT/ Paramedic,,Other HCP - Paramedic,91e92696-e13d-414d-98b2-fd8e63f746a9
Northern Alberta Institute of Technology,CAN,Canada,Alberta,EMT/ Paramedic,,Other HCP - Paramedic,91e92696-e13d-414d-98b2-fd8e63f746a9
Northern Lakes College,CAN,Canada,Alberta,EMT/ Paramedic,,Other HCP - Paramedic,91e92696-e13d-414d-98b2-fd8e63f746a9
Portage College,CAN,Canada,Alberta,EMT/ Paramedic,,Other HCP - Paramedic,91e92696-e13d-414d-98b2-fd8e63f746a9
Professional Medical Associates,CAN,Canada,,EMT/ Paramedic,,Other HCP - Paramedic,91e92696-e13d-414d-98b2-fd8e63f746a9
Southern Alberta Institute of Technology,CAN,Canada,Alberta,EMT/ Paramedic,SAIT,Other HCP - Paramedic,91e92696-e13d-414d-98b2-fd8e63f746a9
British Columbia Emergency Health Services,CAN,Canada,British Columbia,EMT/ Paramedic,,Other HCP - Paramedic,91e92696-e13d-414d-98b2-fd8e63f746a9
Heartsafe Emergency Medical Solutions,CAN,Canada,Ontario,EMT/ Paramedic,,Other HCP - Paramedic,91e92696-e13d-414d-98b2-fd8e63f746a9
Justice Institute of British Columbia,CAN,Canada,British Columbia,EMT/ Paramedic,,Other HCP - Paramedic,91e92696-e13d-414d-98b2-fd8e63f746a9
Criti Care EMS,CAN,Canada,Manitoba,EMT/ Paramedic,,Other HCP - Paramedic,91e92696-e13d-414d-98b2-fd8e63f746a9
Manitoba Emergency Services College,CAN,Canada,Manitoba,EMT/ Paramedic,,Other HCP - Paramedic,91e92696-e13d-414d-98b2-fd8e63f746a9
Red River College,CAN,Canada,Manitoba,EMT/ Paramedic,,Other HCP - Paramedic,91e92696-e13d-414d-98b2-fd8e63f746a9
Winnipeg Fire Paramedic Service,CAN,Canada,Manitoba,EMT/ Paramedic,,Other HCP - Paramedic,91e92696-e13d-414d-98b2-fd8e63f746a9
Medavie Healthed,CAN,Canada,Manitoba,EMT/ Paramedic,,Other HCP - Paramedic,91e92696-e13d-414d-98b2-fd8e63f746a9
Oulton College,CAN,Canada,New Brunswick,EMT/ Paramedic,,Other HCP - Paramedic,91e92696-e13d-414d-98b2-fd8e63f746a9
College of the North Atlantic,CAN,Canada,Newfoundland and Labrador,EMT/ Paramedic,,Other HCP - Paramedic,91e92696-e13d-414d-98b2-fd8e63f746a9
Medavie Healthed,CAN,Canada,New Brunswick,EMT/ Paramedic,,Other HCP - Paramedic,91e92696-e13d-414d-98b2-fd8e63f746a9
Algonquin College of Applied Arts and Technology,CAN,Canada,Ontario,EMT/ Paramedic,,Other HCP - Paramedic,91e92696-e13d-414d-98b2-fd8e63f746a9
Cambrian College of Applied Arts and Technology,CAN,Canada,Ontario,EMT/ Paramedic,,Other HCP - Paramedic,91e92696-e13d-414d-98b2-fd8e63f746a9
CTS Canadian Career College,CAN,Canada,Ontario,EMT/ Paramedic,,Other HCP - Paramedic,91e92696-e13d-414d-98b2-fd8e63f746a9
Durham College,CAN,Canada,Ontario,EMT/ Paramedic,,Other HCP - Paramedic,91e92696-e13d-414d-98b2-fd8e63f746a9
Fanshawe College of Applied Arts and Technology,CAN,Canada,Ontario,EMT/ Paramedic,,Other HCP - Paramedic,91e92696-e13d-414d-98b2-fd8e63f746a9
Georgian College of Applied Arts and Technology,CAN,Canada,Ontario,EMT/ Paramedic,,Other HCP - Paramedic,91e92696-e13d-414d-98b2-fd8e63f746a9
Humber Institute of Technology and Advanced Learning,CAN,Canada,Ontario,EMT/ Paramedic,,Other HCP - Paramedic,91e92696-e13d-414d-98b2-fd8e63f746a9
La Cité Collégiale,CAN,Canada,Ontario,EMT/ Paramedic,,Other HCP - Paramedic,91e92696-e13d-414d-98b2-fd8e63f746a9
Lambton College of Applied Arts and Technology,CAN,Canada,Ontario,EMT/ Paramedic,,Other HCP - Paramedic,91e92696-e13d-414d-98b2-fd8e63f746a9
Niagara College of Applied Arts and Technology,CAN,Canada,Ontario,EMT/ Paramedic,,Other HCP - Paramedic,91e92696-e13d-414d-98b2-fd8e63f746a9
Ornge,CAN,Canada,Ontario,EMT/ Paramedic,,Other HCP - Paramedic,91e92696-e13d-414d-98b2-fd8e63f746a9
Toronto Paramedic Services,CAN,Canada,Ontario,EMT/ Paramedic,,Other HCP - Paramedic,91e92696-e13d-414d-98b2-fd8e63f746a9
Holland College,CAN,Canada,Prince Edward Island,EMT/ Paramedic,,Other HCP - Paramedic,91e92696-e13d-414d-98b2-fd8e63f746a9
Collège Ahuntsic,CAN,Canada,Quebec,EMT/ Paramedic,,Other HCP - Paramedic,91e92696-e13d-414d-98b2-fd8e63f746a9
Saskatchewan Polytechnic,CAN,Canada,Saskatchewan,EMT/ Paramedic,,Other HCP - Paramedic,91e92696-e13d-414d-98b2-fd8e63f746a9
Fleming College,CAN,Canada,Ontario,EMT/ Paramedic,,Other HCP - Paramedic,91e92696-e13d-414d-98b2-fd8e63f746a9
St. Lawrence College,CAN,Canada,Ontario,EMT/ Paramedic,,Other HCP - Paramedic,91e92696-e13d-414d-98b2-fd8e63f746a9
L'Université du Québec à Trois-Rivières,CAN,Canada,Quebec,Podiatry,,Other HCP - Podiatrist,b05eaa16-fa2a-42e8-9958-21ea5e78517f
George Brown College,CAN,Canada,Ontario,Podiatry,,Other HCP - Podiatrist,b05eaa16-fa2a-42e8-9958-21ea5e78517f
The Michener Institute of Applied Health Sciences,CAN,Canada,Ontario,Podiatry,,Other HCP - Podiatrist,b05eaa16-fa2a-42e8-9958-21ea5e78517f
University of British Columbia,CAN,Canada,British Columbia,Physiotherapy,UBC,Other HCP - Physiotherapist,440c63e6-9b91-4359-a911-e562a36e03b7
University of Alberta,CAN,Canada,Alberta,Physiotherapy,,Other HCP - Physiotherapist,440c63e6-9b91-4359-a911-e562a36e03b7
University of Saskatchewan,CAN,Canada,Saskatchewan,Physiotherapy,,Other HCP - Physiotherapist,440c63e6-9b91-4359-a911-e562a36e03b7
University of Manitoba,CAN,Canada,Manitoba,Physiotherapy,USask,Other HCP - Physiotherapist,440c63e6-9b91-4359-a911-e562a36e03b7
Western University,CAN,Canada,Ontario,Physiotherapy,UWO,Other HCP - Physiotherapist,440c63e6-9b91-4359-a911-e562a36e03b7
McMaster University,CAN,Canada,Ontario,Physiotherapy,Mac,Other HCP - Physiotherapist,440c63e6-9b91-4359-a911-e562a36e03b7
University of Toronto,CAN,Canada,Ontario,Physiotherapy,U of T,Other HCP - Physiotherapist,440c63e6-9b91-4359-a911-e562a36e03b7
Queen's University,CAN,Canada,Ontario,Physiotherapy,,Other HCP - Physiotherapist,440c63e6-9b91-4359-a911-e562a36e03b7
Ottawa University / Université D'ottawa ,CAN,Canada,Ontario,Physiotherapy,Ottawa U,Other HCP - Physiotherapist,440c63e6-9b91-4359-a911-e562a36e03b7
McGill University,CAN,Canada,Quebec,Physiotherapy,,Other HCP - Physiotherapist,440c63e6-9b91-4359-a911-e562a36e03b7
Université De Montréal,CAN,Canada,Quebec,Physiotherapy,,Other HCP - Physiotherapist,440c63e6-9b91-4359-a911-e562a36e03b7
Université De Sherbrooke,CAN,Canada,Quebec,Physiotherapy,,Other HCP - Physiotherapist,440c63e6-9b91-4359-a911-e562a36e03b7
Université Laval,CAN,Canada,Quebec,Physiotherapy,,Other HCP - Physiotherapist,440c63e6-9b91-4359-a911-e562a36e03b7
Université du Québec a Chicoutimi,CAN,Canada,Quebec,Physiotherapy,,Other HCP - Physiotherapist,440c63e6-9b91-4359-a911-e562a36e03b7
Dalhousie University,CAN,Canada,Nova Scotia,Physiotherapy,,Other HCP - Physiotherapist,440c63e6-9b91-4359-a911-e562a36e03b7
McMaster University,CAN,Canada,Ontario,Occupation Therapy,,Other HCP - Occupational Therapist,151672ce-6176-45e5-aea4-2c8e16c730fc
McGill University,CAN,Canada,Quebec,Occupation Therapy,,Other HCP - Occupational Therapist,151672ce-6176-45e5-aea4-2c8e16c730fc
University of Toronto,CAN,Canada,Ontario,Occupation Therapy,,Other HCP - Occupational Therapist,151672ce-6176-45e5-aea4-2c8e16c730fc
Western University,CAN,Canada,Ontario,Occupation Therapy,,Other HCP - Occupational Therapist,151672ce-6176-45e5-aea4-2c8e16c730fc
University of Sherbrooke,CAN,Canada,Quebec,Occupation Therapy,,Other HCP - Occupational Therapist,151672ce-6176-45e5-aea4-2c8e16c730fc
Université de Montréal,CAN,Canada,Quebec,Occupation Therapy,,Other HCP - Occupational Therapist,151672ce-6176-45e5-aea4-2c8e16c730fc
Queen's University,CAN,Canada,Ontario,Occupation Therapy,,Other HCP - Occupational Therapist,151672ce-6176-45e5-aea4-2c8e16c730fc
University of Manitoba,CAN,Canada,Manitoba,Occupation Therapy,,Other HCP - Occupational Therapist,151672ce-6176-45e5-aea4-2c8e16c730fc
University of Quebec - Trois-Rivières,CAN,Canada,Quebec,Occupation Therapy,,Other HCP - Occupational Therapist,151672ce-6176-45e5-aea4-2c8e16c730fc
Université Laval,CAN,Canada,Quebec,Occupation Therapy,,Other HCP - Occupational Therapist,151672ce-6176-45e5-aea4-2c8e16c730fc
University of British Columbia,CAN,Canada,British Columbia,Occupation Therapy,,Other HCP - Occupational Therapist,151672ce-6176-45e5-aea4-2c8e16c730fc
Dalhousie University,CAN,Canada,Nova Scotia,Occupation Therapy,,Other HCP - Occupational Therapist,151672ce-6176-45e5-aea4-2c8e16c730fc
University of Alberta,CAN,Canada,Alberta,Occupation Therapy,,Other HCP - Occupational Therapist,151672ce-6176-45e5-aea4-2c8e16c730fc
University of Ottawa,CAN,Canada,Ontario,Occupation Therapy,,Other HCP - Occupational Therapist,151672ce-6176-45e5-aea4-2c8e16c730fc
Brandon University Bachelor of Nursing Program,CAN,Canada,Manitoba,Nursing,,Registered Nurse,18f39740-a7c2-4215-a50c-8782c326d979
Université De Saint-boniface Baccalaureate Program,CAN,Canada,Manitoba,Nursing,,Registered Nurse,18f39740-a7c2-4215-a50c-8782c326d979
Red River College Bachelor of Nursing Program,CAN,Canada,Manitoba,Nursing,,Registered Nurse,18f39740-a7c2-4215-a50c-8782c326d979
University of Manitoba,CAN,Canada,Manitoba,Nursing,,Registered Nurse,18f39740-a7c2-4215-a50c-8782c326d979
Assiniboine Community College,CAN,Canada,Manitoba,Nursing,,Registered Nurse,18f39740-a7c2-4215-a50c-8782c326d979
Université De Saint-boniface,CAN,Canada,Manitoba,Nursing,,Registered Nurse,18f39740-a7c2-4215-a50c-8782c326d979
University College of the North,CAN,Canada,Manitoba,Nursing,UCN,Registered Nurse,18f39740-a7c2-4215-a50c-8782c326d979
Algonquin College,CAN,Canada,Ontario,Nursing,,Registered Nurse,18f39740-a7c2-4215-a50c-8782c326d979
Cambrian College,CAN,Canada,Ontario,Nursing,,Registered Nurse,18f39740-a7c2-4215-a50c-8782c326d979
Canadore College,CAN,Canada,Ontario,Nursing,,Registered Nurse,18f39740-a7c2-4215-a50c-8782c326d979
Collège Boréal,CAN,Canada,Ontario,Nursing,,Registered Nurse,18f39740-a7c2-4215-a50c-8782c326d979
Confederation College,CAN,Canada,Ontario,Nursing,,Registered Nurse,18f39740-a7c2-4215-a50c-8782c326d979
Conestoga College,CAN,Canada,Ontario,Nursing,,Registered Nurse,18f39740-a7c2-4215-a50c-8782c326d979
Durham College,CAN,Canada,Ontario,Nursing,,Registered Nurse,18f39740-a7c2-4215-a50c-8782c326d979
Fanshawe College,CAN,Canada,Ontario,Nursing,,Registered Nurse,18f39740-a7c2-4215-a50c-8782c326d979
Fleming College,CAN,Canada,Ontario,Nursing,,Registered Nurse,18f39740-a7c2-4215-a50c-8782c326d979
George Brown College,CAN,Canada,Ontario,Nursing,,Registered Nurse,18f39740-a7c2-4215-a50c-8782c326d979
Georgian College,CAN,Canada,Ontario,Nursing,,Registered Nurse,18f39740-a7c2-4215-a50c-8782c326d979
Humber College,CAN,Canada,Ontario,Nursing,,Registered Nurse,18f39740-a7c2-4215-a50c-8782c326d979
La Cité Collégiale,CAN,Canada,Ontario,Nursing,,Registered Nurse,18f39740-a7c2-4215-a50c-8782c326d979
Lambton College,CAN,Canada,Ontario,Nursing,,Registered Nurse,18f39740-a7c2-4215-a50c-8782c326d979
Loyalist College,CAN,Canada,Ontario,Nursing,,Registered Nurse,18f39740-a7c2-4215-a50c-8782c326d979
Mohawk College,CAN,Canada,Ontario,Nursing,,Registered Nurse,18f39740-a7c2-4215-a50c-8782c326d979
Niagara College,CAN,Canada,Ontario,Nursing,,Registered Nurse,18f39740-a7c2-4215-a50c-8782c326d979
Northern College,CAN,Canada,Ontario,Nursing,,Registered Nurse,18f39740-a7c2-4215-a50c-8782c326d979
Sault College,CAN,Canada,Ontario,Nursing,,Registered Nurse,18f39740-a7c2-4215-a50c-8782c326d979
Seneca College,CAN,Canada,Ontario,Nursing,,Registered Nurse,18f39740-a7c2-4215-a50c-8782c326d979
Sheridan College,CAN,Canada,Ontario,Nursing,,Registered Nurse,18f39740-a7c2-4215-a50c-8782c326d979
St. Clair College,CAN,Canada,Ontario,Nursing,,Registered Nurse,18f39740-a7c2-4215-a50c-8782c326d979
St. Lawrence College,CAN,Canada,Ontario,Nursing,,Registered Nurse,18f39740-a7c2-4215-a50c-8782c326d979
Western University,CAN,Canada,Ontario,Nursing,UWO,Registered Nurse,18f39740-a7c2-4215-a50c-8782c326d979
Brock University,CAN,Canada,Ontario,Nursing,,Registered Nurse,18f39740-a7c2-4215-a50c-8782c326d979
Lakehead University,CAN,Canada,Ontario,Nursing,,Registered Nurse,18f39740-a7c2-4215-a50c-8782c326d979
Laurentian University,CAN,Canada,Ontario,Nursing,,Registered Nurse,18f39740-a7c2-4215-a50c-8782c326d979
McMaster University,CAN,Canada,Ontario,Nursing,,Registered Nurse,18f39740-a7c2-4215-a50c-8782c326d979
Nipissing University,CAN,Canada,Ontario,Nursing,,Registered Nurse,18f39740-a7c2-4215-a50c-8782c326d979
Queens University,CAN,Canada,Ontario,Nursing,,Registered Nurse,18f39740-a7c2-4215-a50c-8782c326d979
Ryerson University,CAN,Canada,Ontario,Nursing,,Registered Nurse,18f39740-a7c2-4215-a50c-8782c326d979
Trent University,CAN,Canada,Ontario,Nursing,,Registered Nurse,18f39740-a7c2-4215-a50c-8782c326d979
University of Ontario Institute of Technology,CAN,Canada,Ontario,Nursing,UOIT,Registered Nurse,18f39740-a7c2-4215-a50c-8782c326d979
University of Ottawa,CAN,Canada,Ontario,Nursing,,Registered Nurse,18f39740-a7c2-4215-a50c-8782c326d979
University of Toronto,CAN,Canada,Ontario,Nursing,,Registered Nurse,18f39740-a7c2-4215-a50c-8782c326d979
University of Western Ontario,CAN,Canada,Ontario,Nursing,UWO,Registered Nurse,18f39740-a7c2-4215-a50c-8782c326d979
University of Windsor,CAN,Canada,Ontario,Nursing,,Registered Nurse,18f39740-a7c2-4215-a50c-8782c326d979
York University,CAN,Canada,Ontario,Nursing,,Registered Nurse,18f39740-a7c2-4215-a50c-8782c326d979
Centennial College,CAN,Canada,Ontario,Nursing,,Registered Nurse,18f39740-a7c2-4215-a50c-8782c326d979
George Brown College,CAN,Canada,Ontario,Nursing,,Registered Nurse,18f39740-a7c2-4215-a50c-8782c326d979
Georgian College,CAN,Canada,Ontario,Nursing,,Registered Nurse,18f39740-a7c2-4215-a50c-8782c326d979
Humber College,CAN,Canada,Ontario,Nursing,,Registered Nurse,18f39740-a7c2-4215-a50c-8782c326d979
Seneca College,CAN,Canada,Ontario,Nursing,,Registered Nurse,18f39740-a7c2-4215-a50c-8782c326d979
Cambrian College,CAN,Canada,Ontario,Nursing,,Registered Nurse,18f39740-a7c2-4215-a50c-8782c326d979
Canadore College,CAN,Canada,Ontario,Nursing,,Registered Nurse,18f39740-a7c2-4215-a50c-8782c326d979
Collège Boréal,CAN,Canada,Ontario,Nursing,,Registered Nurse,18f39740-a7c2-4215-a50c-8782c326d979
Confederation College,CAN,Canada,Ontario,Nursing,,Registered Nurse,18f39740-a7c2-4215-a50c-8782c326d979
Northern College,CAN,Canada,Ontario,Nursing,,Registered Nurse,18f39740-a7c2-4215-a50c-8782c326d979
Sault College,CAN,Canada,Ontario,Nursing,,Registered Nurse,18f39740-a7c2-4215-a50c-8782c326d979
Algonquin College,CAN,Canada,Ontario,Nursing,,Registered Nurse,18f39740-a7c2-4215-a50c-8782c326d979
Durham College (University of Ontario Institute of Technology),CAN,Canada,Ontario,Nursing,UOIT,Registered Nurse,18f39740-a7c2-4215-a50c-8782c326d979
Fleming College,CAN,Canada,Ontario,Nursing,,Registered Nurse,18f39740-a7c2-4215-a50c-8782c326d979
La Cité Collégiale,CAN,Canada,Ontario,Nursing,,Registered Nurse,18f39740-a7c2-4215-a50c-8782c326d979
Loyalist College,CAN,Canada,Ontario,Nursing,,Registered Nurse,18f39740-a7c2-4215-a50c-8782c326d979
St. Lawrence College,CAN,Canada,Ontario,Nursing,,Registered Nurse,18f39740-a7c2-4215-a50c-8782c326d979
Conestoga College,CAN,Canada,Ontario,Nursing,,Registered Nurse,18f39740-a7c2-4215-a50c-8782c326d979
Fanshawe College,CAN,Canada,Ontario,Nursing,,Registered Nurse,18f39740-a7c2-4215-a50c-8782c326d979
Lambton College,CAN,Canada,Ontario,Nursing,,Registered Nurse,18f39740-a7c2-4215-a50c-8782c326d979
Mohawk College,CAN,Canada,Ontario,Nursing,,Registered Nurse,18f39740-a7c2-4215-a50c-8782c326d979
St. Clair College ,CAN,Canada,Ontario,Nursing,,Registered Nurse,18f39740-a7c2-4215-a50c-8782c326d979
University of Prince Edward Island,CAN,Canada,Prince Edward Island,Nursing,,Registered Nurse,18f39740-a7c2-4215-a50c-8782c326d979
Campus Notre-dame-de-foy,CAN,Canada,Quebec,Nursing,,Registered Nurse,18f39740-a7c2-4215-a50c-8782c326d979
Cégep André-laurendeau,CAN,Canada,Quebec,Nursing,,Registered Nurse,18f39740-a7c2-4215-a50c-8782c326d979
Cégep Beauce-appalaches,CAN,Canada,Quebec,Nursing,,Registered Nurse,18f39740-a7c2-4215-a50c-8782c326d979
Cégep de Baie-comeau,CAN,Canada,Quebec,Nursing,,Registered Nurse,18f39740-a7c2-4215-a50c-8782c326d979
Cégep de Chicoutimi,CAN,Canada,Quebec,Nursing,,Registered Nurse,18f39740-a7c2-4215-a50c-8782c326d979
Cégep de Drummondville,CAN,Canada,Quebec,Nursing,,Registered Nurse,18f39740-a7c2-4215-a50c-8782c326d979
Cégep de Granby Haute-Yamaska,CAN,Canada,Quebec,Nursing,,Registered Nurse,18f39740-a7c2-4215-a50c-8782c326d979
Cégep de Jonquière,CAN,Canada,Quebec,Nursing,,Registered Nurse,18f39740-a7c2-4215-a50c-8782c326d979
Cégep de l'Abitibi-Témiscamingue,CAN,Canada,Quebec,Nursing,,Registered Nurse,18f39740-a7c2-4215-a50c-8782c326d979
Cégep de l'Outaouais,CAN,Canada,Quebec,Nursing,,Registered Nurse,18f39740-a7c2-4215-a50c-8782c326d979
Cégep de la Gaspésie et des Îles,CAN,Canada,Quebec,Nursing,,Registered Nurse,18f39740-a7c2-4215-a50c-8782c326d979
Cégep de la Pocatière,CAN,Canada,Quebec,Nursing,,Registered Nurse,18f39740-a7c2-4215-a50c-8782c326d979
Cégep de Lévis-Lauzon,CAN,Canada,Quebec,Nursing,,Registered Nurse,18f39740-a7c2-4215-a50c-8782c326d979
Cégep de Limoilou,CAN,Canada,Quebec,Nursing,,Registered Nurse,18f39740-a7c2-4215-a50c-8782c326d979
Cégep de Matane,CAN,Canada,Quebec,Nursing,,Registered Nurse,18f39740-a7c2-4215-a50c-8782c326d979
Cégep de Rimouski,CAN,Canada,Quebec,Nursing,,Registered Nurse,18f39740-a7c2-4215-a50c-8782c326d979
Cégep de Rivière-du-Loup,CAN,Canada,Quebec,Nursing,,Registered Nurse,18f39740-a7c2-4215-a50c-8782c326d979
Cégep de Saint-Félicien,CAN,Canada,Quebec,Nursing,,Registered Nurse,18f39740-a7c2-4215-a50c-8782c326d979
Cégep de Saint-hyacinthe,CAN,Canada,Quebec,Nursing,,Registered Nurse,18f39740-a7c2-4215-a50c-8782c326d979
Cégep de Saint-Jérôme,CAN,Canada,Quebec,Nursing,,Registered Nurse,18f39740-a7c2-4215-a50c-8782c326d979
Cégep de Saint-Laurent,CAN,Canada,Quebec,Nursing,,Registered Nurse,18f39740-a7c2-4215-a50c-8782c326d979
Cégep de Sainte-Foy,CAN,Canada,Quebec,Nursing,,Registered Nurse,18f39740-a7c2-4215-a50c-8782c326d979
Cégep de Sept-Îles,CAN,Canada,Quebec,Nursing,,Registered Nurse,18f39740-a7c2-4215-a50c-8782c326d979
Cégep de Sherbrooke,CAN,Canada,Quebec,Nursing,,Registered Nurse,18f39740-a7c2-4215-a50c-8782c326d979
Cégep de Sorel-Tracy,CAN,Canada,Quebec,Nursing,,Registered Nurse,18f39740-a7c2-4215-a50c-8782c326d979
Cégep de Trois-Rivières,CAN,Canada,Quebec,Nursing,,Registered Nurse,18f39740-a7c2-4215-a50c-8782c326d979
Cégep de Victoriaville,CAN,Canada,Quebec,Nursing,,Registered Nurse,18f39740-a7c2-4215-a50c-8782c326d979
Cégep du Vieux Montréal,CAN,Canada,Quebec,Nursing,,Registered Nurse,18f39740-a7c2-4215-a50c-8782c326d979
Cégep Gérald-Godin,CAN,Canada,Quebec,Nursing,,Registered Nurse,18f39740-a7c2-4215-a50c-8782c326d979
Cégep John Abbott,CAN,Canada,Quebec,Nursing,,Registered Nurse,18f39740-a7c2-4215-a50c-8782c326d979
Cégep Régional De Lanaudière,CAN,Canada,Quebec,Nursing,,Registered Nurse,18f39740-a7c2-4215-a50c-8782c326d979
Cégep Saint-ean-sur-Richelieu,CAN,Canada,Quebec,Nursing,,Registered Nurse,18f39740-a7c2-4215-a50c-8782c326d979
Champlain College - Campus Lennoxville,CAN,Canada,Quebec,Nursing,,Registered Nurse,18f39740-a7c2-4215-a50c-8782c326d979
Champlain College Saint-Lambert,CAN,Canada,Quebec,Nursing,,Registered Nurse,18f39740-a7c2-4215-a50c-8782c326d979
Collège d'Alma,CAN,Canada,Quebec,Nursing,,Registered Nurse,18f39740-a7c2-4215-a50c-8782c326d979
Collège Dawson,CAN,Canada,Quebec,Nursing,,Registered Nurse,18f39740-a7c2-4215-a50c-8782c326d979
Collège de Bois-de-Boulogne,CAN,Canada,Quebec,Nursing,,Registered Nurse,18f39740-a7c2-4215-a50c-8782c326d979
Collège de Maisonneuve,CAN,Canada,Quebec,Nursing,,Registered Nurse,18f39740-a7c2-4215-a50c-8782c326d979
Collège de Valleyfield,CAN,Canada,Quebec,Nursing,,Registered Nurse,18f39740-a7c2-4215-a50c-8782c326d979
Cégep Edouard Montpetit,CAN,Canada,Quebec,Nursing,,Registered Nurse,18f39740-a7c2-4215-a50c-8782c326d979
Cégep Garneau,CAN,Canada,Quebec,Nursing,,Registered Nurse,18f39740-a7c2-4215-a50c-8782c326d979
Collège Héritage,CAN,Canada,Quebec,Nursing,,Registered Nurse,18f39740-a7c2-4215-a50c-8782c326d979
Collège Lionel-Groulx,CAN,Canada,Quebec,Nursing,,Registered Nurse,18f39740-a7c2-4215-a50c-8782c326d979
Collège Montmorency,CAN,Canada,Quebec,Nursing,,Registered Nurse,18f39740-a7c2-4215-a50c-8782c326d979
Collège de Rosemont,CAN,Canada,Quebec,Nursing,,Registered Nurse,18f39740-a7c2-4215-a50c-8782c326d979
Collège Shawinigan,CAN,Canada,Quebec,Nursing,,Registered Nurse,18f39740-a7c2-4215-a50c-8782c326d979
Vanier College,CAN,Canada,Quebec,Nursing,,Registered Nurse,18f39740-a7c2-4215-a50c-8782c326d979
Laval University,CAN,Canada,Quebec,Nursing,,Registered Nurse,18f39740-a7c2-4215-a50c-8782c326d979
Montreal University,CAN,Canada,Quebec,Nursing,,Registered Nurse,18f39740-a7c2-4215-a50c-8782c326d979
McGill University,CAN,Canada,Quebec,Nursing,,Registered Nurse,18f39740-a7c2-4215-a50c-8782c326d979
Université du Québec à Chicoutimi ,CAN,Canada,Quebec,Nursing,,Registered Nurse,18f39740-a7c2-4215-a50c-8782c326d979
Université du Québec à Rimouski ,CAN,Canada,Quebec,Nursing,,Registered Nurse,18f39740-a7c2-4215-a50c-8782c326d979
Université du Québec à Trois-Rivières,CAN,Canada,Quebec,Nursing,,Registered Nurse,18f39740-a7c2-4215-a50c-8782c326d979
Université du Québec en Abitibi-Témiscamingue,CAN,Canada,Quebec,Nursing,,Registered Nurse,18f39740-a7c2-4215-a50c-8782c326d979
Université du Québec en Outaouais,CAN,Canada,Quebec,Nursing,,Registered Nurse,18f39740-a7c2-4215-a50c-8782c326d979
University of Sherbrooke,CAN,Canada,Quebec,Nursing,,Registered Nurse,18f39740-a7c2-4215-a50c-8782c326d979
Cape Breton University,CAN,Canada,Nova Scotia,Nursing,,Registered Nurse,18f39740-a7c2-4215-a50c-8782c326d979
Dalhousie University,CAN,Canada,Nova Scotia,Nursing,,Registered Nurse,18f39740-a7c2-4215-a50c-8782c326d979
St. Francis Xavier University,CAN,Canada,Nova Scotia,Nursing,,Registered Nurse,18f39740-a7c2-4215-a50c-8782c326d979
Nova Scotia Community College,CAN,Canada,Nova Scotia,Nursing,NSCC,Registered Nurse,18f39740-a7c2-4215-a50c-8782c326d979
Université de Moncton,CAN,Canada,New Brunswick,Nursing,,Registered Nurse,18f39740-a7c2-4215-a50c-8782c326d979
University of New Brunswick,CAN,Canada,New Brunswick,Nursing,,Registered Nurse,18f39740-a7c2-4215-a50c-8782c326d979
New Brunswick Community College,CAN,Canada,New Brunswick,Nursing,NBCC,Registered Nurse,18f39740-a7c2-4215-a50c-8782c326d979
Oulton College,CAN,Canada,New Brunswick,Nursing,,Registered Nurse,18f39740-a7c2-4215-a50c-8782c326d979
Le Collège communautaire du Nouveau-Brunswick (CCNB),CAN,Canada,New Brunswick,Nursing,CCNB,Registered Nurse,18f39740-a7c2-4215-a50c-8782c326d979
University of Regina,CAN,Canada,Saskatchewan,Nursing,,Registered Nurse,18f39740-a7c2-4215-a50c-8782c326d979
Saskatchewan Polytechnic,CAN,Canada,Saskatchewan,Nursing,,Registered Nurse,18f39740-a7c2-4215-a50c-8782c326d979
University of Saskatchewan,CAN,Canada,Saskatchewan,Nursing,USask,Registered Nurse,18f39740-a7c2-4215-a50c-8782c326d979
University of Saskatchewan & SIAST,CAN,Canada,Saskatchewan,Nursing,,Registered Nurse,18f39740-a7c2-4215-a50c-8782c326d979
British Columbia Institute of Technology Baccalaureate Registered Nurse Program,CAN,Canada,Saskatchewan,Nursing,BCIT,Registered Nurse,18f39740-a7c2-4215-a50c-8782c326d979
Camosun College With University of Victoria,CAN,Canada,British Columbia,Nursing,,Registered Nurse,18f39740-a7c2-4215-a50c-8782c326d979
College of New Caledonia With University of Northern British Columbia,CAN,Canada,British Columbia,Nursing,,Registered Nurse,18f39740-a7c2-4215-a50c-8782c326d979
College of the Rockies With University of Victoria,CAN,Canada,British Columbia,Nursing,,Registered Nurse,18f39740-a7c2-4215-a50c-8782c326d979
Aurora College,CAN,Canada,Northwest Territories,Nursing,,Registered Nurse,18f39740-a7c2-4215-a50c-8782c326d979
Douglas College,CAN,Canada,British Columbia,Nursing,,Registered Nurse,18f39740-a7c2-4215-a50c-8782c326d979
Kwantlen Polytechnic University ,CAN,Canada,British Columbia,Nursing,KPU,Registered Nurse,18f39740-a7c2-4215-a50c-8782c326d979
Langara College Baccalaureate Registered Nurse Program,CAN,Canada,British Columbia,Nursing,,Registered Nurse,18f39740-a7c2-4215-a50c-8782c326d979
North Island College With Vancouver Island University,CAN,Canada,British Columbia,Nursing,,Registered Nurse,18f39740-a7c2-4215-a50c-8782c326d979
Northwest Community College With University of Northern British Columbia,CAN,Canada,British Columbia,Nursing,,Registered Nurse,18f39740-a7c2-4215-a50c-8782c326d979
Okanagan College With University of British Columbia,CAN,Canada,British Columbia,Nursing,,Registered Nurse,18f39740-a7c2-4215-a50c-8782c326d979
Selkirk College With University of Victoria,CAN,Canada,British Columbia,Nursing,,Registered Nurse,18f39740-a7c2-4215-a50c-8782c326d979
Thompson Rivers University,CAN,Canada,British Columbia,Nursing,,Registered Nurse,18f39740-a7c2-4215-a50c-8782c326d979
Thompson Rivers University - Open Learning,CAN,Canada,British Columbia,Nursing,,Registered Nurse,18f39740-a7c2-4215-a50c-8782c326d979
Trinity Western University,CAN,Canada,Ontario,Nursing,,Registered Nurse,18f39740-a7c2-4215-a50c-8782c326d979
University of British Columbia,CAN,Canada,British Columbia,Nursing,UBC,Registered Nurse,18f39740-a7c2-4215-a50c-8782c326d979
University of British Columbia - Okanagan Baccalaureate Registered Nurse Program,CAN,Canada,British Columbia,Nursing,,Registered Nurse,18f39740-a7c2-4215-a50c-8782c326d979
University of Northern British Columbia with College of New Caledonia,CAN,Canada,British Columbia,Nursing,,Registered Nurse,18f39740-a7c2-4215-a50c-8782c326d979
University of Northern British Columbia with Northwest Community College,CAN,Canada,British Columbia,Nursing,,Registered Nurse,18f39740-a7c2-4215-a50c-8782c326d979
University of the Fraser Valley,CAN,Canada,British Columbia,Nursing,UFV,Registered Nurse,18f39740-a7c2-4215-a50c-8782c326d979
University of Victoria With Camosun College,CAN,Canada,British Columbia,Nursing,,Registered Nurse,18f39740-a7c2-4215-a50c-8782c326d979
University of Victoria With College of the Rockies,CAN,Canada,British Columbia,Nursing,,Registered Nurse,18f39740-a7c2-4215-a50c-8782c326d979
University of Victoria With Selkirk College,CAN,Canada,British Columbia,Nursing,,Registered Nurse,18f39740-a7c2-4215-a50c-8782c326d979
Vancouver Community College,CAN,Canada,British Columbia,Nursing,,Registered Nurse,18f39740-a7c2-4215-a50c-8782c326d979
Vancouver Island University,CAN,Canada,British Columbia,Nursing,,Registered Nurse,18f39740-a7c2-4215-a50c-8782c326d979
Vancouver Island University with North Island College,CAN,Canada,British Columbia,Nursing,,Registered Nurse,18f39740-a7c2-4215-a50c-8782c326d979
Canadian Health Care Academy,CAN,Canada,British Columbia,Nursing,,Registered Nurse,18f39740-a7c2-4215-a50c-8782c326d979
College of the Rockies,CAN,Canada,British Columbia,Nursing,,Registered Nurse,18f39740-a7c2-4215-a50c-8782c326d979
Discovery Community College,CAN,Canada,British Columbia,Nursing,,Registered Nurse,18f39740-a7c2-4215-a50c-8782c326d979
Sprott Shaw College,CAN,Canada,British Columbia,Nursing,SSCL,Registered Nurse,18f39740-a7c2-4215-a50c-8782c326d979
Vancouver Career College,CAN,Canada,British Columbia,Nursing,,Registered Nurse,18f39740-a7c2-4215-a50c-8782c326d979
Vancouver Community College,CAN,Canada,British Columbia,Nursing,,Registered Nurse,18f39740-a7c2-4215-a50c-8782c326d979
Camosun College,CAN,Canada,British Columbia,Nursing,,Registered Nurse,18f39740-a7c2-4215-a50c-8782c326d979
CDI College,CAN,Canada,Ontario,Nursing,,Registered Nurse,18f39740-a7c2-4215-a50c-8782c326d979
College of New Caledonia,CAN,Canada,British Columbia,Nursing,CNC,Registered Nurse,18f39740-a7c2-4215-a50c-8782c326d979
North Island College,CAN,Canada,British Columbia,Nursing,,Registered Nurse,18f39740-a7c2-4215-a50c-8782c326d979
Northern Lights College,CAN,Canada,British Columbia,Nursing,,Registered Nurse,18f39740-a7c2-4215-a50c-8782c326d979
Okanagan College,CAN,Canada,British Columbia,Nursing,,Registered Nurse,18f39740-a7c2-4215-a50c-8782c326d979
Stenberg College,CAN,Canada,British Columbia,Nursing,,Registered Nurse,18f39740-a7c2-4215-a50c-8782c326d979
Thompson Rivers University,CAN,Canada,British Columbia,Nursing,,Registered Nurse,18f39740-a7c2-4215-a50c-8782c326d979
University of the Fraser Valley,CAN,Canada,British Columbia,Nursing,,Registered Nurse,18f39740-a7c2-4215-a50c-8782c326d979
Vancouver Career College,CAN,Canada,British Columbia,Nursing,,Registered Nurse,18f39740-a7c2-4215-a50c-8782c326d979
Vancouver Island University,CAN,Canada,British Columbia,Nursing,,Registered Nurse,18f39740-a7c2-4215-a50c-8782c326d979
Nicola Valley Institute of Technology,CAN,Canada,British Columbia,Nursing,,Registered Nurse,18f39740-a7c2-4215-a50c-8782c326d979
Athabasca University,CAN,Canada,Alberta,Nursing,,Registered Nurse,18f39740-a7c2-4215-a50c-8782c326d979
Grande Prairie Regional College,CAN,Canada,Alberta,Nursing,GPRC,Registered Nurse,18f39740-a7c2-4215-a50c-8782c326d979
Keyano College,CAN,Canada,Alberta,Nursing,,Registered Nurse,18f39740-a7c2-4215-a50c-8782c326d979
Lethbridge College,CAN,Canada,Alberta,Nursing,,Registered Nurse,18f39740-a7c2-4215-a50c-8782c326d979
MacEwan University - Re-entry Rn,CAN,Canada,Alberta,Nursing,,Registered Nurse,18f39740-a7c2-4215-a50c-8782c326d979
Medicine Hat College,CAN,Canada,Alberta,Nursing,,Registered Nurse,18f39740-a7c2-4215-a50c-8782c326d979
Mount Royal University,CAN,Canada,Alberta,Nursing,,Registered Nurse,18f39740-a7c2-4215-a50c-8782c326d979
Red Deer College,CAN,Canada,Alberta,Nursing,,Registered Nurse,18f39740-a7c2-4215-a50c-8782c326d979
University of Alberta,CAN,Canada,Alberta,Nursing,,Registered Nurse,18f39740-a7c2-4215-a50c-8782c326d979
University of Calgary,CAN,Canada,Alberta,Nursing,,Registered Nurse,18f39740-a7c2-4215-a50c-8782c326d979
University of Lethbridge,CAN,Canada,Alberta,Nursing,,Registered Nurse,18f39740-a7c2-4215-a50c-8782c326d979
Keyano College,CAN,Canada,Alberta,Nursing,,Registered Nurse,18f39740-a7c2-4215-a50c-8782c326d979
Northern Lakes College,CAN,Canada,Alberta,Nursing,,Registered Nurse,18f39740-a7c2-4215-a50c-8782c326d979
Portage College,CAN,Canada,Alberta,Nursing,,Registered Nurse,18f39740-a7c2-4215-a50c-8782c326d979
Norquest College,CAN,Canada,Alberta,Nursing,,Registered Nurse,18f39740-a7c2-4215-a50c-8782c326d979
Prairie College of Applied Arts and Technology,CAN,Canada,Alberta,Nursing,,Registered Nurse,18f39740-a7c2-4215-a50c-8782c326d979
Bow Valley College,CAN,Canada,Alberta,Nursing,,Registered Nurse,18f39740-a7c2-4215-a50c-8782c326d979
Columbia College,CAN,Canada,Ontario,Nursing,,Registered Nurse,18f39740-a7c2-4215-a50c-8782c326d979
Lethbridge College,CAN,Canada,Alberta,Nursing,,Registered Nurse,18f39740-a7c2-4215-a50c-8782c326d979
Memorial University of Newfoundland School of Nursing,CAN,Canada,Newfoundland and Labrador,Nursing,,Registered Nurse,18f39740-a7c2-4215-a50c-8782c326d979
Western Regional School of Nursing,CAN,Canada,Newfoundland and Labrador,Nursing,,Registered Nurse,18f39740-a7c2-4215-a50c-8782c326d979
Centre for Nursing Studies,CAN,Canada,Newfoundland and Labrador,Nursing,CNS,Registered Nurse,18f39740-a7c2-4215-a50c-8782c326d979
College of the North Atlantic,CAN,Canada,Newfoundland and Labrador,Nursing,,Registered Nurse,18f39740-a7c2-4215-a50c-8782c326d979
Univeristy of Alabama School of Denistry ,USA,United States,Alabama,Dentistry,,Dentist,b8b3027e-5386-4345-b997-28af33308226
Arizona School of Dentistry and Oral Health,USA,United States,Arizona,Dentistry,,Dentist,b8b3027e-5386-4345-b997-28af33308227
Midwestern University College of Dental Medicine (Arizona),USA,United States,Arizona,Dentistry,,Dentist,b8b3027e-5386-4345-b997-28af33308228
"California Northstate University, College of Dental Medicine",USA,United States,California,Dentistry,,Dentist,b8b3027e-5386-4345-b997-28af33308229
Herman Ostrow School of Dentristry of USC,USA,United States,California,Dentistry,,Dentist,b8b3027e-5386-4345-b997-28af33308230
Loma Linda University School of Dentistry,USA,United States,California,Dentistry,,Dentist,b8b3027e-5386-4345-b997-28af33308231
"University of California, Los Angeles School of Dentistry",USA,United States,California,Dentistry,,Dentist,b8b3027e-5386-4345-b997-28af33308232
"University of California, San Francisco School of Dentistry",USA,United States,California,Dentistry,,Dentist,b8b3027e-5386-4345-b997-28af33308233
University of the Pacific Arthur A. Dugoni School of Dentistry,USA,United States,California,Dentistry,,Dentist,b8b3027e-5386-4345-b997-28af33308234
Western University of Health Sciences College of Dental Medicine,USA,United States,California,Dentistry,,Dentist,b8b3027e-5386-4345-b997-28af33308235
University of Colorado School of Dental Medicine,USA,United States,Colorado,Dentistry,,Dentist,b8b3027e-5386-4345-b997-28af33308236
University of Connecticut School of Dental Medicine,USA,United States,Connecticut,Dentistry,,Dentist,b8b3027e-5386-4345-b997-28af33308237
Howard University College of Dentistry,USA,United States,District of Columbia,Dentistry,,Dentist,b8b3027e-5386-4345-b997-28af33308238
LECOM School of Dental Medicine,USA,United States,Florida,Dentistry,,Dentist,b8b3027e-5386-4345-b997-28af33308239
Nova Southeastern University College of Dental Medicine,USA,United States,Florida,Dentistry,,Dentist,b8b3027e-5386-4345-b997-28af33308240
University of Florida College of Dentistry,USA,United States,Florida,Dentistry,,Dentist,b8b3027e-5386-4345-b997-28af33308241
The Dental College of Georgia at Augusta University,USA,United States,Georgia,Dentistry,,Dentist,b8b3027e-5386-4345-b997-28af33308242
University of Illinois at Chicago College of Dentistry,USA,United States,Illinois,Dentistry,,Dentist,b8b3027e-5386-4345-b997-28af33308243
Midwestern University College of Dental Medicine (Illinois),USA,United States,Illinois,Dentistry,,Dentist,b8b3027e-5386-4345-b997-28af33308244
Southern Illinois University School of Dental Medicine,USA,United States,Illinois,Dentistry,,Dentist,b8b3027e-5386-4345-b997-28af33308245
Indiana University School of Dentistry,USA,United States,Indiana ,Dentistry,,Dentist,b8b3027e-5386-4345-b997-28af33308246
The University of Iowa College of Dentistry and Dental Clinics,USA,United States,Iowa,Dentistry,,Dentist,b8b3027e-5386-4345-b997-28af33308247
University of Kentucky College of Dentistry,USA,United States,Kentucky,Dentistry,,Dentist,b8b3027e-5386-4345-b997-28af33308248
University of Louisville School of Dentistry,USA,United States,Kentucky,Dentistry,,Dentist,b8b3027e-5386-4345-b997-28af33308249
University of New England College of Dental Medicine,USA,United States,Maine,Dentistry,,Dentist,b8b3027e-5386-4345-b997-28af33308250
University of Maryland School of Dentistry,USA,United States,Maryland,Dentistry,,Dentist,b8b3027e-5386-4345-b997-28af33308251
Boston University Henry M. Goldman School of Dental Medicine,USA,United States,Massachusetts,Dentistry,,Dentist,b8b3027e-5386-4345-b997-28af33308252
Harvard University School of Dental Medicine,USA,United States,Massachusetts,Dentistry,,Dentist,b8b3027e-5386-4345-b997-28af33308253
Tufts University School of Dental Medicine,USA,United States,Massachusetts,Dentistry,,Dentist,b8b3027e-5386-4345-b997-28af33308254
University of Detroit Mercy School of Dentistry,USA,United States,Michigan,Dentistry,,Dentist,b8b3027e-5386-4345-b997-28af33308255
University of Michigan School of Dentistry,USA,United States,Michigan,Dentistry,,Dentist,b8b3027e-5386-4345-b997-28af33308256
University of Minnesota School of Dentistry,USA,United States,Minnesota,Dentistry,,Dentist,b8b3027e-5386-4345-b997-28af33308257
University of Mississippi Medical Centre School of Dentistry,USA,United States,Mississippi,Dentistry,,Dentist,b8b3027e-5386-4345-b997-28af33308258
Missouri School os Denistry and Oral Health at ATSU,USA,United States,Missouri,Dentistry,,Dentist,b8b3027e-5386-4345-b997-28af33308259
University of Missouri-Kansas City School of Denistry,USA,United States,Missouri,Dentistry,,Dentist,b8b3027e-5386-4345-b997-28af33308260
Creighton University School of Dentistry,USA,United States,Nebraksa,Dentistry,,Dentist,b8b3027e-5386-4345-b997-28af33308261
University of Nebraska Medical Centre College of Dentistry,USA,United States,Nebraksa,Dentistry,,Dentist,b8b3027e-5386-4345-b997-28af33308262
"University of Nevada, Las Vegas School of Dental Medicine",USA,United States,Nevada,Dentistry,,Dentist,b8b3027e-5386-4345-b997-28af33308263
Rutgers School os Dental Medicine,USA,United States,New Jersey,Dentistry,,Dentist,b8b3027e-5386-4345-b997-28af33308264
Columbia University College of Dental Medicine,USA,United States,New York,Dentistry,,Dentist,b8b3027e-5386-4345-b997-28af33308265
New York University College of Dentistry,USA,United States,New York,Dentistry,,Dentist,b8b3027e-5386-4345-b997-28af33308266
Stony Brook University School of Dental Medicine,USA,United States,New York,Dentistry,,Dentist,b8b3027e-5386-4345-b997-28af33308267
Touru College of Dental Medicine at New York Medical College,USA,United States,New York,Dentistry,,Dentist,b8b3027e-5386-4345-b997-28af33308268
University of Buffalo School of Dental Medicine,USA,United States,New York,Dentistry,,Dentist,b8b3027e-5386-4345-b997-28af33308269
East Carolina University School of Dental Medicine,USA,United States,North Carolina,Dentistry,,Dentist,b8b3027e-5386-4345-b997-28af33308270
University of North Carolina Chapel Hill School of Dentistry ,USA,United States,North Carolina,Dentistry,,Dentist,b8b3027e-5386-4345-b997-28af33308271
Case Western Reserve University School of Dental Medicine,USA,United States,Ohio,Dentistry,,Dentist,b8b3027e-5386-4345-b997-28af33308272
Ohio State University College of Dentistry,USA,United States,Ohio,Dentistry,,Dentist,b8b3027e-5386-4345-b997-28af33308273
University of Oklahoma College of Dentistry,USA,United States,Oklahoma,Dentistry,,Dentist,b8b3027e-5386-4345-b997-28af33308274
Oregon Health Sciences University School of Dentistry,USA,United States,Oregon,Dentistry,,Dentist,b8b3027e-5386-4345-b997-28af33308275
University of Pennsylvania School of Dental Medicine ,USA,United States,Pennsylvania,Dentistry,,Dentist,b8b3027e-5386-4345-b997-28af33308276
University Pittsburgh School of Dental Medicine,USA,United States,Pennsylvania,Dentistry,,Dentist,b8b3027e-5386-4345-b997-28af33308277
Temple of University of Kornberg of Dentistry,USA,United States,Pennsylvania,Dentistry,,Dentist,b8b3027e-5386-4345-b997-28af33308278
"University of Pueto Rico, School of Dental Medicine",USA,United States,Puerto Rico,Dentistry,,Dentist,b8b3027e-5386-4345-b997-28af33308279
Medical University of South Carolina College of Dental Medicine,USA,United States,South Carolina,Dentistry,,Dentist,b8b3027e-5386-4345-b997-28af33308280
Meharry Medical College School of Dentistry,USA,United States,Tennessee,Dentistry,,Dentist,b8b3027e-5386-4345-b997-28af33308281
University of Tennessee Health Science Centre College of Dentistry,USA,United States,Tennessee,Dentistry,,Dentist,b8b3027e-5386-4345-b997-28af33308282
Texas A&M University Colege of Dentistry,USA,United States,Texas,Dentistry,,Dentist,b8b3027e-5386-4345-b997-28af33308283
Texas Tech University Health Sciences Centre El Paso-Hunt School of Dentistry,USA,United States,Texas,Dentistry,,Dentist,b8b3027e-5386-4345-b997-28af33308284
University of Texas Health Science Centre at Houston School of Dentistry,USA,United States,Texas,Dentistry,,Dentist,b8b3027e-5386-4345-b997-28af33308285
University of Texas Health Science Centre at San Antonio School of Dentistry,USA,United States,Texas,Dentistry,,Dentist,b8b3027e-5386-4345-b997-28af33308286
Roseman University of Health Sciences College of Dental Medicine,USA,United States,Utah,Dentistry,,Dentist,b8b3027e-5386-4345-b997-28af33308287
University of Utah School of Dentistry,USA,United States,Utah,Dentistry,,Dentist,b8b3027e-5386-4345-b997-28af33308288
Virginia Commonwealth University School of Dentistry,USA,United States,Virginia,Dentistry,,Dentist,b8b3027e-5386-4345-b997-28af33308289
University of Washington School of Dentistry,USA,United States,Washington,Dentistry,,Dentist,b8b3027e-5386-4345-b997-28af33308290
West Virginia University School of Dentistry,USA,United States,West Virginia,Dentistry,,Dentist,b8b3027e-5386-4345-b997-28af33308291
Marquette University School of Dentistry,USA,United States,Wisconsin,Dentistry,,Dentist,b8b3027e-5386-4345-b997-28af33308292
