Alabama College of Osteopathic Medicine,USA,United States,Alabama,Physician,ACOM
Edward Via College of Osteopathic Medicine,USA,United States,Virginia ,Physician,VCOM
University of Alabama School of Medicine,USA,United States,Alabama,Physician,UAB
University of South Alabama College of Medicine,USA,United States,Alabama,Physician,
A.t. Still University School of Osteopathic Medicine in Arizona,USA,United States,Arizona,Physician,
Midwestern University Arizona College of Osteopathic Medicine,USA,United States,Arizona,Physician,
University of Arizona College of Medicine,USA,United States,Arizona,Physician,
University of Arkansas for Medical Sciences College of Medicine,USA,United States,Arkansas,Physician,UAMS
Arkansas College of Osteopathic Medicine,USA,United States,Arkansas,Physician,
California Northstate University College of Medicine,USA,United States,California,Physician,
Charles R. Drew University of Medicine and Science,USA,United States,California,Physician,
David Geffen School of Medicine at Ucla,USA,United States,California,Physician,UCLA
Keck School of Medicine of University of Southern California,USA,United States,California,Physician,
Loma Linda University School of Medicine,USA,United States,California,Physician,
Stanford University School of Medicine,USA,United States,California,Physician,
Touro University California College of Osteopathic Medicine,USA,United States,California,Physician,
"University of California, Davis School of Medicine",USA,United States,California,Physician,UC
"University of California, Riverside School of Medicine",USA,United States,California,Physician,UC
"University of California, Irvine School of Medicine",USA,United States,California,Physician,UC
"University of California, San Diego School of Medicine",USA,United States,California,Physician,UC
"University of California, San Francisco School of Medicine",USA,United States,California,Physician,UC
Western University of Health Sciences / College of Osteopathic Medicine of the Pacific,USA,United States,California,Physician,
California University of Science and Medicine School of Medicine,USA,United States,California,Physician,
Rocky Vista University College of Osteopathic Medicine,USA,United States,Colorado,Physician,
University of Colorado School of Medicine,USA,United States,Colorado,Physician,
Frank H. Netter M.D. School of Medicine at Quinnipiac University,USA,United States,Connecticut,Physician,
University of Connecticut School of Medicine,USA,United States,Connecticut,Physician,
Yale School of Medicine,USA,United States,Connecticut,Physician,
George Washington University Medical School,USA,United States,Washington,Physician,
Georgetown University School of Medicine,USA,United States,Washington,Physician,
Howard University College of Medicine,USA,United States,Washington,Physician,
Florida Atlantic University Charles E. Schmidt College of Medicine,USA,United States,Florida,Physician,
Florida International University Herbert Wertheim College of Medicine,USA,United States,Florida,Physician,
Florida State University College of Medicine,USA,United States,Florida,Physician,
Lake Erie College of Osteopathic Medicine,USA,United States,Pennsylvania,Physician,LECOM
Nova Southeastern University College of Osteopathic Medicine,USA,United States,Florida,Physician,NSU
University of Central Florida College of Medicine,USA,United States,Florida,Physician,
University of Florida College of Medicine,USA,United States,Florida,Physician,
University of Miami Leonard M. Miller School of Medicine,USA,United States,Florida,Physician,
University of South Florida College of Medicine,USA,United States,Florida,Physician,
Emory University School of Medicine,USA,United States,Georgia,Physician,
Georgia Regents University Medical College of Georgia (augustana University),USA,United States,Georgia,Physician,
Mercer University School of Medicine,USA,United States,Georgia,Physician,
Morehouse School of Medicine,USA,United States,Georgia,Physician,MSM
Philadelphia College of Osteopathic Medicine - Georgia Campus,USA,United States,Georgia,Physician,
University of Hawaii at Manoa John A. Burns School of Medicine,USA,United States,Hawaii,Physician,JABSOM
Idaho College of Osteopathic Medicine,USA,United States,Idaho,Physician,
Loyola University Chicago Stritch School of Medicine,USA,United States,Illinois,Physician,
Midwestern University / Chicago College of Osteopathic Medicine,USA,United States,Illinois,Physician,
Northwestern University Feinberg School of Medicine,USA,United States,Illinois,Physician,
Rosalind Franklin University - Chicago Medical School,USA,United States,Illinois,Physician,
Rush Medical College,USA,United States,Illinois,Physician,
Southern Illinois University School of Medicine,USA,United States,Illinois,Physician,
University of Chicago Pritzker School of Medicine,USA,United States,Illinois,Physician,
University of Illinois College of Medicine,USA,United States,Illinois,Physician,
Indiana University School of Medicine,USA,United States,Indiana,Physician,
Marian University College of Osteopathic Medicine,USA,United States,Indiana,Physician,
Des Moines University College of Osteopathic Medicine,USA,United States,Iowa,Physician,DMU
University of Iowa Roy J. and Lucille A. Carver College of Medicine,USA,United States,Iowa,Physician,
University of Kansas School of Medicine,USA,United States,Kansas,Physician,
University of Kentucky College of Medicine,USA,United States,Kentucky,Physician,
University of Louisville School of Medicine,USA,United States,Kentucky,Physician,
University of Pikeville Kentucky College of Osteopathic Medicine,USA,United States,Kentucky,Physician,
Louisiana State University School of Medicine in New Orleans,USA,United States,Louisiana,Physician,
Louisiana State University School of Medicine in Shreveport,USA,United States,Louisiana,Physician,
Tulane University School of Medicine,USA,United States,Louisiana,Physician,
University of New England College of Osteopathic Medicine,USA,United States,Maine,Physician,
Eastern Maine Community College,USA,United States,Maine,Physician,
Johns Hopkins University School of Medicine,USA,United States,Maryland,Physician,
Uniformed Services University of the Health Sciences F. Edward Hebert School of Medicine,USA,United States,Maryland,Physician,
University of Maryland School of Medicine,USA,United States,Maryland,Physician,
Boston University School of Medicine,USA,United States,Massachusetts,Physician,
Harvard Medical School,USA,United States,Massachusetts,Physician,
Tufts University School of Medicine,USA,United States,Massachusetts,Physician,
University of Massachusetts Medical School,USA,United States,Massachusetts,Physician,
Central Michigan University College of Medicine,USA,United States,Michigan,Physician,
Michigan State University College of Human Medicine,USA,United States,Michigan,Physician,
Michigan State University College of Osteopathic Medicine,USA,United States,Michigan,Physician,
Oakland University William Beaumont School of Medicine,USA,United States,Michigan,Physician,
University of Michigan Medical School,USA,United States,Michigan,Physician,
Wayne State University School of Medicine,USA,United States,Michigan,Physician,
Western Michigan University Homer Stryker M.d. School of Medicine,USA,United States,Michigan,Physician,
Mayo Clinic College of Medicine,USA,United States,Minnesota,Physician,
University of Minnesota Medical School,USA,United States,Minnesota,Physician,
University of Mississippi School of Medicine,USA,United States,Mississippi,Physician,
William Carey University College of Osteopathic Medicine,USA,United States,Mississippi,Physician,
Kirksville College of Osteopathic Medicine,USA,United States,Mississippi,Physician,
Kansas City University of Medicine and Biosciences College of Osteopathic Medicine,USA,United States,Missouri,Physician,
Saint Louis University School of Medicine,USA,United States,Missouri,Physician,
University of Missouri School of Medicine,USA,United States,Missouri,Physician,MU
University of Missouri-Kansas City School of Medicine,USA,United States,Missouri,Physician,UMKC
Washington University School of Medicine,USA,United States,Missouri,Physician,
Missouri State University,USA,United States,Missouri,Physician,
Creighton University School of Medicine,USA,United States,Nebraska,Physician,
University of Nebraska College of Medicine,USA,United States,Nebraska,Physician,
Touro University Nevada College of Osteopathic Medicine,USA,United States,Nevada,Physician,
University of Nevada School of Medicine,USA,United States,Nevada,Physician,
Geisel School of Medicine at Dartmouth,USA,United States,New Hampshire,Physician,
Cooper Medical School of Rowan University,USA,United States,New Jersey,Physician,
Hackensack Meridian School of Medicine at Seton Hall University,USA,United States,New Jersey,Physician,
Rowan University School of Osteopathic Medicine,USA,United States,New Jersey,Physician,
Rutgers New Jersey Medical School,USA,United States,New Jersey,Physician,
Rutgers Robert Wood Johnson Medical School,USA,United States,New Jersey,Physician,
New Mexico State University Burrell College of Osteopathic Medicine,USA,United States,New Mexico,Physician,
University of New Mexico School of Medicine,USA,United States,New Mexico,Physician,
Albany Medical College,USA,United States,New York,Physician,
Albert Einstein College of Medicine at Yeshiva University,USA,United States,New York,Physician,
Columbia University College of Physicians and Surgeons,USA,United States,New York,Physician,
Hofstra Northwell School of Medicine,USA,United States,New York,Physician,
Icahn School of Medicine at Mount Sinai,USA,United States,New York,Physician,
New York Institute of Technology College of Osteopathic Medicine,USA,United States,New York,Physician,
New York Medical College,USA,United States,New York,Physician,
University of Nevada Las Vegas School of Medicine,USA,United States,Nevada,Physician,
New York University School of Medicine,USA,United States,New York,Physician,NYU
State University of New York Downstate Medical Center College of Medicine,USA,United States,New York,Physician,SUNY
State University of New York Upstate Medical University,USA,United States,New York,Physician,SUNY
Stony Brook University School of Medicine,USA,United States,New York,Physician,
Touro College of Osteopathic Medicine,USA,United States,New York,Physician,
Touro College of Osteopathic Medicine,USA,United States,New York,Physician,
University at Buffalo School of Medicine and Biomedical Sciences,USA,United States,New York,Physician,
University of Rochester School of Medicine and Dentistry,USA,United States,New York,Physician,
Weill Cornell Medical College,USA,United States,New York,Physician,
Campbell University School of Osteopathic Medicine,USA,United States,North Carolina,Physician,
Duke University School of Medicine,USA,United States,North Carolina,Physician,
The Brody School of Medicine at East Carolina University,USA,United States,North Carolina,Physician,
University of North Carolina School of Medicine,USA,United States,North Carolina,Physician,UNC
Wake Forest School of Medicine,USA,United States,North Carolina,Physician,
University of North Dakota School of Medicine and Health Sciences,USA,United States,North Dakota,Physician,UND
Boonshoft School of Medicine at Wright State University,USA,United States,Ohio,Physician,
Case Western Reserve University,USA,United States,Ohio,Physician,
Cleveland Clinic Lerner College of Medicine,USA,United States,Ohio,Physician,
Northeast Ohio Medical University,USA,United States,Ohio,Physician,NEOMED
Ohio University Heritage College of Osteopathic Medicine,USA,United States,Ohio,Physician,OU-HCOM
The Ohio State University College of Medicine,USA,United States,Ohio,Physician,OSU
University of Cincinnati College of Medicine,USA,United States,Ohio,Physician,
University of Toledo College of Medicine,USA,United States,Ohio,Physician,
Oklahoma State University Center for Health Sciences College of Osteopathic Medicine,USA,United States,Oklahoma,Physician,OSU-CHS
University of Oklahoma College of Medicine,USA,United States,Oklahoma,Physician,OU
"College of Osteopathic Medicine of the Pacific, Northwest",USA,United States,Oregon,Physician,COMP-Northwest
Oregon Health & Science University School of Medicine,USA,United States,Oregon,Physician,OHSU
Geisinger Commonwealth School of Medicine,USA,United States,Pennsylvania,Physician,GCSOM
Drexel University College of Medicine,USA,United States,Pennsylvania,Physician,
Lake Erie College of Osteopathic Medicine,USA,United States,Pennsylvania,Physician,LECOM
Pennsylvania State University College of Medicine,USA,United States,Pennsylvania,Physician,
Perelman School of Medicine at the University of Pennsylvania,USA,United States,Pennsylvania,Physician,
Philadelphia College of Osteopathic Medicine,USA,United States,Pennsylvania,Physician,PECOM
Sidney Kimmel Medical College at Thomas Jefferson University,USA,United States,Pennsylvania,Physician,
Temple University School of Medicine,USA,United States,Pennsylvania,Physician,
University of Pittsburgh School of Medicine,USA,United States,Pennsylvania,Physician,
Ponce School of Medicine / Ponce Health Sciences University,USA,United States,Pennsylvania,Physician,PHSU
San Juan Bautista School of Medicine,USA,United States,Puerto Rico,Physician,
Universidad Central Del Caribe School of Medicine,USA,United States,Puerto Rico,Physician,
University of Puerto Rico School of Medicine,USA,United States,Puerto Rico,Physician,UPR
Warren Alpert Medical School of Brown University,USA,United States,Rhode Island,Physician,
Edward Via College of Osteopathic Medicine- Carolinas Campus,USA,United States,South Carolina,Physician,VCOM
Medical University of South Carolina College of Medicine,USA,United States,South Carolina,Physician,MUSC
University of South Carolina School of Medicine,USA,United States,South Carolina,Physician,USC
Sanford School of Medicine of the University of South Dakota,USA,United States,South Dakota,Physician,
East Tennessee State University James H. Quillen College of Medicine,USA,United States,Tennessee,Physician,
Lincoln Memorial University Debusk College of Osteopathic Medicine,USA,United States,Tennessee,Physician,
Meharry Medical College School of Medicine,USA,United States,Tennessee,Physician,
The University of Tennessee Health Science Center,USA,United States,Tennessee,Physician,
Vanderbilt University School of Medicine,USA,United States,Tennessee,Physician,
Baylor College of Medicine,USA,United States,Texas,Physician,
Dell Medical School at the University of Texas at Austin,USA,United States,Texas,Physician,
Texas A&M Health Science Center College of Medicine,USA,United States,Texas,Physician,
Texas Tech University Health Sciences Center Paul L. Foster School of Medicine,USA,United States,Texas,Physician,TTU
Texas Tech University Health Sciences Center School of Medicine,USA,United States,Texas,Physician,TTU
University of North Texas Health Science Center Texas College of Osteopathic Medicine,USA,United States,Texas,Physician,UNT
University of Texas Medical Branch School of Medicine,USA,United States,Texas,Physician,UTMB
University of Texas Medical School at Houston,USA,United States,Texas,Physician,
University of Texas Rio Grande Valley School of Medicine,USA,United States,Texas,Physician,
University of Texas School of Medicine at San Antonio,USA,United States,Texas,Physician,
University of Texas Southwestern Medical School at Dallas,USA,United States,Texas,Physician,UT
University of Utah School of Medicine,USA,United States,Utah,Physician,
University of Vermont College of Medicine,USA,United States,Vermont,Physician,
Eastern Virginia Medical School,USA,United States,Virginia ,Physician,EVMS
Edward Via College of Osteopathic Medicine,USA,United States,Virginia ,Physician,VCOM
Liberty University College of Osteopathic Medicine,USA,United States,Virginia ,Physician,LUCOM
University of Virginia School of Medicine,USA,United States,Virginia ,Physician,
"Virginia Commonwealth University (VCU) School of Medicine, Medical College of Virginia Health Sciences Division",USA,United States,Virginia ,Physician,VCU
Virginia Tech Carilion School of Medicine,USA,United States,Virginia ,Physician,VT
"Elson S. Floyd College of Medicine, Washington State University",USA,United States,Washington,Physician,WSU
Pacific Northwest University of Health Sciences,USA,United States,Washington,Physician,PNWU
University of Washington School of Medicine,USA,United States,Washington,Physician,UW
Joan C. Edwards School of Medicine at Marshall University,USA,United States,West Virginia,Physician,
West Virginia School of Osteopathic Medicine,USA,United States,West Virginia,Physician,
West Virginia University School of Medicine,USA,United States,West Virginia,Physician,
Medical College of Wisconsin,USA,United States,Wisconsin,Physician,
University of Wisconsin School of Medicine and Public Health,USA,United States,Wisconsin,Physician,WSMPH
American University of the Caribbean School of Medicine,USA,United States,Florida,Physician,AUC
The Commonwealth Medical College,USA,United States,Pennsylvania,Physician,
Sophie Davis School of Biomedical Education,USA,United States,New York,Physician,
Medical College of Georgia,USA,United States,Georgia,Physician,MCG
Suny Downstate Medical Center College of Medicine,USA,United States,New York,Physician,
Washington University School of Medicine in St. Louis,USA,United States,Missouri,Physician,
John P. and Kathrine G. Mcgovern Medical School,USA,United States,Texas,Physician,
Northwestern State University,USA,United States,Louisiana,Physician,NWSU
University of the Incarnate World,USA,United States,Texas,Physician,UIW
Saint James School of Medicine,USA,United States,Illinois,Physician,
"University of Science, Arts & Technology Faculty of Medicine",USA,United States,Colorado,Physician,USAT
Adventist University of Health Sciences - Orlando  ,USA,United States,Florida,PA,
Albany Medical College,USA,United States,New York,PA,AMC
Alderson Broaddus University,USA,United States,West Virginia,PA,
Anne Arundel Community College,USA,United States,Maryland,PA,AACC
Arcadia University,USA,United States,Pennsylvania,PA,
Arizona School of Health Sciences,USA,United States,Arizona,PA,ATSU
Augsburg College,USA,United States,Minnesota,PA,
Augusta University,USA,United States,Georgia,PA,
Baldwin Wallace University  ,USA,United States,Ohio,PA,
Barry University  ,USA,United States,Florida,PA,
Bay Path University,USA,United States,Massachusetts,PA,
Baylor College of Medicine,USA,United States,Texas,PA,
Bethel University  ,USA,United States,Minnesota,PA,
Bethel University ,USA,United States,Tennessee,PA,
Boston University School of Medicinepa Program.  ,USA,United States,Massachusetts,PA,
Bryant University  ,USA,United States,Rhode Island,PA,
Butler University,USA,United States,Indiana,PA,
California Baptist University  ,USA,United States,California,PA,
Campbell University,USA,United States,Michigan,PA,
Carroll University,USA,United States,Wisconsin,PA,
Case Western Reserve University  ,USA,United States,Ohio,PA,
CCNY Sophie Davis School of Biomedical Education,USA,United States,New York,PA,
Central Michigan University,USA,United States,Michigan,PA,
Chapman University  ,USA,United States,California,PA,
Charles R. Drew University  ,USA,United States,California,PA,
Chatham University,USA,United States,Pennsylvania,PA,
Christian Brothers University  ,USA,United States,Tennessee,PA,CBU
Clarkson University,USA,United States,New York,PA,
College of Saint Mary  ,USA,United States,Nebraska,PA,CSM
Concordia University  ,USA,United States,Illinois,PA,
Cornell University,USA,United States,New York,PA,
Cuny York College,USA,United States,New York,PA,
Cuyahoga Community College / Cleveland State University,USA,United States,Ohio,PA,
D'Youville College,USA,United States,New York,PA,
Daemen College,USA,United States,New York,PA,
Des Moines University  ,USA,United States,Iowa,PA,
Desales University,USA,United States,Pennsylvania,PA,
Drexel University,USA,United States,Pennsylvania,PA,
Duke University Medical Center,USA,United States,North Carolina,PA,
Duquesne University,USA,United States,Pennsylvania,PA,
East Carolina University,USA,United States,North Carolina,PA,ECU
Eastern Michigan University  ,USA,United States,Michigan,PA,
Eastern Virginia Medical School,USA,United States,Virginia ,PA,EVSM
Elon University  ,USA,United States,North Carolina,PA,
Emory University,USA,United States,Georgia,PA,
Florida International University Herbert Wertheim College of Medicine  ,USA,United States,Florida,PA,FIU
Francis Marion University  ,USA,United States,South Carolina,PA,
Franklin Pierce University,USA,United States,New Hampshire,PA,
Gannon University,USA,United States,Pennsylvania,PA,
Gardner Webb University  ,USA,United States,North Carolina,PA,
George Washington University,USA,United States,Washington,PA,GW
Grand Valley State University  ,USA,United States,Michigan,PA,GVSU
Guayaquil,USA,,,PA,
Hardin-simmons University  ,USA,United States,Texas,PA,
Harding University,USA,United States,Arkansas,PA,
Heritage University ,USA,United States,Washington,PA,
High Point University  ,USA,United States,North Carolina,PA,
Hofstra University,USA,United States,New York,PA,
Howard University,USA,United States,Washington,PA,
Idaho State University  ,USA,United States,Idaho,PA,ISU
Indiana State University  ,USA,United States,Indiana,PA,ISU
Indiana University School of Health and Rehabilitation Sciences  ,USA,United States,Indiana,PA,
Interservice,USA,United States,,PA,
James Madison University,USA,United States,Virginia,PA,JMU
Jefferson College of Health Sciences,USA,United States,Virginia,PA,
Johnson & Wales University  ,USA,United States,Rhode Island,PA,JWU
Kean University,USA,United States,New Jersey,PA,
Keiser University,USA,United States,Florida,PA,
Kettering College,USA,United States,Ohio,PA,
King's College,USA,United States,Pennsylvania,PA,
Lake Erie College  ,USA,United States,Ohio,PA,
Le Moyne College,USA,United States,New York,PA,
Lenoir-Rhyne University ,USA,United States,North Carolina,PA,LRU
Lincoln Memorial University,USA,United States,Tennessee,PA,
Lock Haven University  ,USA,United States,Pennsylvania,PA,
Loma Linda University,USA,United States,California,PA,
Long Island University,USA,United States,New York,PA,
Louisiana State University - New Orleans  ,USA,United States,Louisiana,PA,LSU
Louisiana State University - Shreveport,USA,United States,Louisiana,PA,LSU
Lynchburg College  ,USA,United States,Virginia,PA,
Marietta College,USA,United States,Ohio,PA,
Marist College  ,USA,United States,New York,PA,
Marquette University,USA,United States,Wisconsin,PA,
Marshall B. Ketchum University  ,USA,United States,California,PA,
Mary Baldwin College  ,USA,United States,Virginia,PA,
Marywood University,USA,United States,Pennsylvania,PA,
Jefferson College of Health Sciences,USA,United States,Virginia,PA,
Massachusetts College of Pharmacy and Health Sciences,USA,United States,Massachusetts,PA,MCPHS
Medical University of South Carolina,USA,United States,South Carolina,PA,MUSC
University of South Carolina School of Medicine ,USA,United States,South Carolina,PA,
Mercer University,USA,United States,Georgia,PA,
Mercy College,USA,United States,New York,PA,
Mercyhurst University  ,USA,United States,Pennsylvania,PA,
Methodist University,USA,United States,North Carolina,PA,
MGH Institute of Health Professions  ,USA,United States,Massachusetts,PA,
Miami Dade College,USA,United States,Florida,PA,
Midwestern University,USA,United States,Illinois,PA,
Midwestern University,USA,United States,Illinois,PA,
Misericordia University  ,USA,United States,Pennsylvania,PA,
Mississippi College,USA,United States,Mississippi,PA,
Missouri State University,USA,United States,Missouri,PA,
Monmouth University  ,USA,United States,New Jersey,PA,
Moreno Valley College ,USA,United States,California,PA,MVC
Mount Saint Joseph University  ,USA,United States,Ohio,PA,
New York Institute of Technology,USA,United States,New York,PA,
Northeastern University,USA,United States,Massachusetts,PA,NU or NEU
Northern Arizona University,USA,United States,Arizona,PA,NAU
Northwestern University,USA,United States,Illinois,PA,NU
"Nova Southeastern University, Fort Myers",USA,United States,Florida,PA,
"Nova Southeastern University, Ft. Lauderdale",USA,United States,Florida,PA,
"Nova Southeastern University, Jacksonville",USA,United States,Florida,PA,
"Nova Southeastern University, Orlando",USA,United States,Florida,PA,
Ohio Dominican University,USA,United States,Ohio,PA,
Ohio University  ,USA,United States,Ohio,PA,
Oklahoma City University  ,USA,United States,Oklahoma,PA,
Oregon Health & Science University,USA,United States,Oregon,PA,OHSU
Our Lady of the Lake University,USA,United States,Texas,PA,OLLU
Pace University,USA,United States,New York,PA,
Pacific University,USA,United States,Oregon,PA,
Penn State University  ,USA,United States,Pennsylvania,PA,Penn State or PSU
Pennsylvania College of Technology,USA,United States,Pennsylvania,PA,
Philadelphia College of Osteopathic Medicine  ,USA,United States,Pennsylvania,PA,
Philadelphia University,USA,United States,Pennsylvania,PA,
Quinnipiac University,USA,United States,Connecticut,PA,
Red Rocks Community College,USA,United States,Colorado,PA,
Rochester Institute of Technology,USA,United States,New York,PA,RIT
Rocky Mountain College,USA,United States,Montana,PA,
Rocky Mountain University of Health Professions  ,USA,United States,Utah,PA,
Rosalind Franklin Univ of Medicine ,USA,United States,Illinois,PA,
Rutgers University,USA,United States,New Jersey,PA,
Sacred Heart University  ,USA,United States,Connecticut,PA,
Saint Catherine University,USA,United States,Minnesota,PA,
Saint Francis University,USA,United States,Pennsylvania,PA,
Saint Louis University,USA,United States,Missouri,PA,SLU
Salus University,USA,United States,Pennsylvania,PA,
Samuel Merritt University,USA,United States,California,PA,
Seton Hall University,USA,United States,New Jersey,PA,
Seton Hill University,USA,United States,New Jersey,PA,
Shenandoah University  ,USA,United States,Virginia,PA,
Slippery Rock University  ,USA,United States,Pennsylvania,PA,SRU
South College,USA,United States,Tennessee,PA,
South University,USA,United States,Georgia,PA,
"South University, Tampa",USA,United States,Florida,PA,
Southern California University of Health Sciences  ,USA,United States,California,PA,
Southern Illinois University,USA,United States,Illinois,PA,
Springfield College,USA,United States,Massachusetts,PA,
St. Ambrose University  ,USA,United States,Iowa,PA,
St. John's University,USA,United States,New York,PA,
Stanford University,USA,United States,California,PA,
Stephens College  ,USA,United States,Missouri,PA,
Stony Brook University,USA,United States,New York,PA,
Sullivan University  ,USA,United States,Kentucky,PA,
Suny Downstate Medical Center,USA,United States,New York,PA,
Suny Upstate Medical Center,USA,United States,New York,PA,
Temple University Lewis Katz School of Medicine  ,USA,United States,Pennsylvania,PA,
Texas Tech University Health Sciences Center,USA,United States,Texas,PA,TTUHSC
The University of Findlay,USA,United States,Ohio,PA,
Thomas Jefferson University  ,USA,United States,Pennsylvania,PA,
Colorado Mesa University  ,USA,United States,Colorado,PA,
Touro College,USA,United States,New York,PA,
Touro College,USA,United States,New York,PA,
Touro University,USA,United States,California,PA,
Touro University Nevada,USA,United States,Nevada,PA,
Towson University/ Community College of Baltimore County- (CCBC) Essex,USA,United States,Maryland,PA,
Trevecca Nazarene University,USA,United States,Tennessee,PA,
Tufts University,USA,United States,Massachusetts,PA,
Union College,USA,United States,New York,PA,
University of Alabama at Birmingham,USA,United States,Alabama,PA,UAB
University of Arkansas  ,USA,United States,Arkansas,PA,U of A
University of Bridgeport,USA,United States,Connecticut,PA,UB
"University of California, Davis",USA,United States,California,PA,UC-Davis
University of Charleston  ,USA,United States,West Virginia,PA,
University of Colorado,USA,United States,Colorado,PA,
University of Dayton  ,USA,United States,Ohio,PA,UD
University of Detroit Mercy,USA,United States,Michigan,PA,UDM
University of Dubuque  ,USA,United States,Iowa,PA,
University of Florida,USA,United States,Florida,PA,UF
University of Iowa,USA,United States,Iowa,PA,UI
University of Kentucky  ,USA,United States,Kentucky,PA,UK
University of Missouri - Kansas City  ,USA,United States,Missouri,PA,UMKC
University of Mount Union,USA,United States,Ohio,PA,
University of Nebraska  ,USA,United States,Nebraska,PA,
University of New England,USA,United States,Maine,PA,UNE
University of New Mexico,USA,United States,New Mexico,PA,UNM
University of North Carolina - Chapel Hill  ,USA,United States,North Carolina,PA,UNC
University of North Dakota,USA,United States,North Dakota,PA,UND
University of North Texas HS Center Ft Worth,USA,United States,Texas,PA,UNT
"University of Oklahoma, Oklahoma City  ",USA,United States,Oklahoma,PA,
"University of Oklahoma, Tulsa",USA,United States,Oklahoma,PA,
University of Pittsburgh,USA,United States,Pennsylvania,PA,
University of Saint Francis,USA,United States,Indiana,PA,USF
University of South Alabama,USA,United States,Alabama,PA,USA
University of South Dakota,USA,United States,South Dakota,PA,USD
University of Southern California,USA,United States,California,PA,USC
University of St. Francis,USA,United States,Illinois,PA,
University of Tennessee Health Science Center,USA,United States,Tennessee,PA,
University of Texas - Hs Center at San Antonio,USA,United States,Texas,PA,
University of Texas - Medical Branch at Galveston,USA,United States,Texas,PA,
University of Texas - Pan American,USA,United States,Texas,PA,
University of Texas Rio Grande Valley,USA,United States,Texas,PA,
University of the Cumberlands  ,USA,United States,Kentucky,PA,
University of the Pacific,USA,United States,California,PA,UOP
University of the Sciences of Philadelphia  ,USA,United States,Pennsylvania,PA,
University of Toledo,USA,United States,Ohio,PA,UT
University of Utah,USA,United States,Utah,PA,
University of Washington  ,USA,United States,Washington,PA,
University of Wisconsin - La Crosse,USA,United States,Wisconsin,PA,
University of Wisconsin - Madison,USA,United States,Wisconsin,PA,
Ut Southwestern - School of Health Professions,USA,United States,Texas,PA,UT Southwestern
Wagner College,USA,United States,New York,PA,
Wake Forest University,USA,United States,North Carolina,PA,
Wayne State University,USA,United States,Michigan,PA,
West Liberty University,USA,United States,West Virginia,PA,
Western Michigan University,USA,United States,Michigan,PA,WMU
Western University of Health Sciences,USA,United States,California,PA,
Wichita State University,USA,United States,Kansas,PA,WSU
Wingate University  ,USA,United States,North Carolina,PA,
Yale University School of Medicine,USA,United States,Connecticut,PA,
Saint Francis University,USA,United States,Pennsylvania,PA,
University of Evansville,USA,United States,Indiana,PA,
College of St. Scholastica  ,USA,United States,Minnesota,PA,
North Greenville University  ,USA,United States,South Carolina,PA,
University of South Florida  ,USA,United States,Florida,PA,USF
University of Alaska Fairbanks- Anchorage,USA,United States,Alaska,Psychology,UAF
University of South Alabama,USA,United States,Alabama,Psychology,USA
University of Alabama at Tuscaloosa,USA,United States,Alabama,Psychology,UA
Auburn University,USA,United States,Alabama,Psychology,
Auburn University,USA,United States,Alabama,Psychology,
University of Alabama at Birmingham,USA,United States,Alabama,Psychology,
University of Arkansas,USA,United States,Arkansas,Psychology,
University of Central Arkansas,USA,United States,Arkansas,Psychology,
Griffith University,,Australia,,Psychology,
Midwestern University,USA,United States,Arizona,Psychology,
Arizona State University,USA,United States,Arizona,Psychology,ASU
Arizona State University,USA,United States,Arizona,Psychology,ASU
Arizona State University,USA,United States,Arizona,Psychology,ASU
University of Arizona,USA,United States,Arizona,Psychology,UA
University of Arizona,USA,United States,Arizona,Psychology,UA
"Arizona School of Professional Psychology at Argosy University, Phoenix",USA,United States,Arizona,Psychology,
Fuller Theological Seminary,USA,United States,California,Psychology,
John F. Kennedy University,USA,United States,California,Psychology,
Biola University,USA,United States,California,Psychology,
Azusa Pacific University,USA,United States,California,Psychology,
Loma Linda University,USA,United States,California,Psychology,LLU
Loma Linda University,USA,United States,California,Psychology,LLU
Palo Alto University,USA,United States,California,Psychology,
"Alliant International University, San Francisco Bay",USA,United States,California,Psychology,
"Alliant International University, Fresno",USA,United States,California,Psychology,
"Alliant International University, Los Angeles",USA,United States,California,Psychology,
"Alliant International University, San Diego",USA,United States,California,Psychology,
"University of California, Berkeley",USA,United States,California,Psychology,UCB
"University of California, Berkeley",USA,United States,California,Psychology,UCB
"University of California, Los Angeles",USA,United States,California,Psychology,UCLA
Fuller Theological Seminary,USA,United States,California,Psychology,
Biola University,USA,United States,California,Psychology,
University of Southern California,USA,United States,California,Psychology,
San Diego State University - Uc San Diego,USA,United States,California,Psychology,
The Wright Institute,USA,United States,California,Psychology,WI
Fielding Graduate University,USA,United States,California,Psychology,
Pepperdine University,USA,United States,California,Psychology,
"Alliant International University, Los Angeles",USA,United States,California,Psychology,
"University of California, Santa Barbara",USA,United States,California,Psychology,
"Alliant International University, Fresno",USA,United States,California,Psychology,
"Alliant International University, San Diego",USA,United States,California,Psychology,
"Alliant International University, San Francisco Bay",USA,United States,California,Psychology,
Palo Alto University,USA,United States,California,Psychology,
"American School of Professional Psychology - Southern California at Argosy University, Orange County",USA,United States,California,Psychology,
"University of California, Riverside",USA,United States,California,Psychology,
University of La Verne,USA,United States,California,Psychology,
"American School of Professional Psychology at Argosy University, San Francisco Bay Area",USA,United States,California,Psychology,
California Lutheran University,USA,United States,California,Psychology,
"Alliant International University, Sacramento",USA,United States,California,Psychology,
University of Colorado Denver,USA,United States,Colorado,Psychology,
University of Colorado at Colorado Springs,USA,United States,Colorado,Psychology,
University of Northern Colorado,USA,United States,Colorado,Psychology,
Colorado State University,USA,United States,Colorado,Psychology,CSU
University of Colorado Boulder,USA,United States,Colorado,Psychology,CU Boulder
University of Denver,USA,United States,Colorado,Psychology,
University of Denver,USA,United States,Colorado,Psychology,
University of Denver,USA,United States,Colorado,Psychology,
University of Northern Colorado,USA,United States,Colorado,Psychology,UNC
University of Connecticut,USA,United States,Connecticut,Psychology,UConn
Yale University,USA,United States,Connecticut,Psychology,
University of Hartford,USA,United States,Connecticut,Psychology,UHart
University of Connecticut,USA,United States,Connecticut,Psychology,
Gallaudet University,USA,United States,Washington,Psychology,
Howard University,USA,United States,Washington,Psychology,
George Washington University,USA,United States,Washington,Psychology,GW
Howard University,USA,United States,Washington,Psychology,
American University,USA,United States,Washington,Psychology,
Catholic University of America,USA,United States,Washington,Psychology,CUA
George Washington University,USA,United States,Washington,Psychology,
"The Chicago School of Professional Psychology - Washington, D.c. Campus",USA,United States,Illinois,Psychology,
University of Delaware,USA,United States,Delaware,Psychology,
Florida Institute of Technology,USA,United States,Florida,Psychology,Florida Tech
Florida State University,USA,United States,Florida,Psychology,FSU
University of Florida,USA,United States,Florida,Psychology,UF
University of Florida,USA,United States,Florida,Psychology,UF
University of Miami,USA,United States,Florida,Psychology,
University of Miami,USA,United States,Florida,Psychology,
Nova Southeastern University,USA,United States,Florida,Psychology,NSU
University of South Florida,USA,United States,Florida,Psychology,USF
Nova Southeastern University,USA,United States,Florida,Psychology,
"Carlos Albizu University, Miami Campus",USA,United States,Florida,Psychology,
Florida School of Professional Psychology at Argosy University,USA,United States,Florida,Psychology,
University of South Florida,USA,United States,Florida,Psychology,
Florida State University,USA,United States,Florida,Psychology,
University of Florida,USA,United States,Florida,Psychology,
Florida International University,USA,United States,Florida,Psychology,FIU
Nova Southeastern University,USA,United States,Florida,Psychology,
University of Central Florida,USA,United States,Florida,Psychology,
Georgia Southern University,USA,United States,Georgia,Psychology,
"Georgia School of Professional Psychology at Argosy University, Atlanta",USA,United States,Georgia,Psychology,
University of Georgia,USA,United States,Georgia,Psychology,UGA
Emory University,USA,United States,Georgia,Psychology,
Georgia State University,USA,United States,Georgia,Psychology,
Georgia State University,USA,United States,Georgia,Psychology,
Georgia State University,USA,United States,Georgia,Psychology,
University of Georgia,USA,United States,Georgia,Psychology,UGA
University of Georgia,USA,United States,Georgia,Psychology,UGA
University of Hawaii at Manoa,USA,United States,Hawaii,Psychology,
"Hawaii School of Professional Psychology at Argosy University, Hawaii",USA,United States,Hawaii,Psychology,
University of Iowa,USA,United States,Iowa,Psychology,
Iowa State University,USA,United States,Iowa,Psychology,
University of Iowa,USA,United States,Iowa,Psychology,
University of Iowa,USA,United States,Iowa,Psychology,
Idaho State University,USA,United States,Idaho,Psychology,
"Illinois School of Professional Psychology at Argosy University, Schaumburg",USA,United States,Illinois,Psychology,
Roosevelt University,USA,United States,Illinois,Psychology,
Adler University - Chicago,USA,United States,Illinois,Psychology,
Illinois State University,USA,United States,Illinois,Psychology,
Wheaton College,USA,United States,Illinois,Psychology,
"Illinois School of Professional Psychology at Argosy University, Chicago",USA,United States,Illinois,Psychology,
Northwestern University,USA,United States,Illinois,Psychology,
Chicago School of Professional Psychology - Chicago Campus,USA,United States,Illinois,Psychology,
Depaul University,USA,United States,Illinois,Psychology,
Rosalind Franklin University of Medicine and Science,USA,United States,Illinois,Psychology,
University of Illinois at Chicago,USA,United States,Illinois,Psychology,
Illinois Institute of Technology,USA,United States,Illinois,Psychology,
University of Illinois at Urbana-champaign,USA,United States,Illinois,Psychology,
University of Illinois at Urbana-champaign,USA,United States,Illinois,Psychology,
Loyola University Chicago,USA,United States,Illinois,Psychology,
Loyola University Chicago,USA,United States,Illinois,Psychology,
Northern Illinois University,USA,United States,Illinois,Psychology,
Northwestern University Feinberg School of Medicine,USA,United States,Illinois,Psychology,
Southern Illinois University Carbondale,USA,United States,Illinois,Psychology,
Southern Illinois University Carbondale,USA,United States,Illinois,Psychology,
Midwestern University,USA,United States,Illinois,Psychology,
Loyola University Chicago,USA,United States,Illinois,Psychology,
Northern Illinois University,USA,United States,Illinois,Psychology,
Purdue University,USA,United States,Indiana,Psychology,
University of Notre Dame,USA,United States,Indiana,Psychology,ND
Ball State University,USA,United States,Indiana,Psychology,
Ball State University,USA,United States,Indiana,Psychology,
Indiana University - Bloomington,USA,United States,Indiana,Psychology,
Indiana University - Bloomington,USA,United States,Indiana,Psychology,
Indiana University - Bloomington,USA,United States,Indiana,Psychology,
Purdue University,USA,United States,Indiana,Psychology,
Indiana State University,USA,United States,Indiana,Psychology,
Indiana State University,USA,United States,Indiana,Psychology,
Indiana State University,USA,United States,Indiana,Psychology,
Indiana University - Purdue University Indianapolis,USA,United States,Indiana,Psychology,
University of Indianapolis,USA,United States,Indiana,Psychology,UIndy
University of Kansas,USA,United States,Kansas,Psychology,
University of Kansas,USA,United States,Kansas,Psychology,
University of Kansas,USA,United States,Kansas,Psychology,
University of Kansas,USA,United States,Kansas,Psychology,
Wichita State University,USA,United States,Kansas,Psychology,WSU
University of Kentucky,USA,United States,Kentucky,Psychology,UK
University of Kentucky,USA,United States,Kentucky,Psychology,UK
University of Louisville,USA,United States,Kentucky,Psychology,
University of Louisville,USA,United States,Kentucky,Psychology,
University of Kentucky,USA,United States,Kentucky,Psychology,
Spalding University,USA,United States,Kentucky,Psychology,
Tulane University,USA,United States,Louisiana,Psychology,
Louisiana State University,USA,United States,Louisiana,Psychology,LSU
Louisiana State University,USA,United States,Louisiana,Psychology,LSU
Louisiana Tech University,USA,United States,Louisiana,Psychology,
Harvard University,USA,United States,Massachusetts,Psychology,
Northeastern University,USA,United States,Massachusetts,Psychology,
Northeastern University,USA,United States,Massachusetts,Psychology,
William James College,USA,United States,Massachusetts,Psychology,
Springfield College,USA,United States,Massachusetts,Psychology,
"University of Massachusetts, Boston",USA,United States,Massachusetts,Psychology,UMB
"University of Massachusetts, Boston",USA,United States,Massachusetts,Psychology,UMB
Boston College,USA,United States,Massachusetts,Psychology,BC
Boston University,USA,United States,Massachusetts,Psychology,BU
Clark University,USA,United States,Massachusetts,Psychology,
University of Massachusetts Amherst,USA,United States,Massachusetts,Psychology,UMA
Suffolk University,USA,United States,Massachusetts,Psychology,
Northeastern University,USA,United States,Massachusetts,Psychology,
University of Massachusetts Amherst,USA,United States,Massachusetts,Psychology,UMA
"University of Massachusetts, Boston",USA,United States,Massachusetts,Psychology,UMB
William James College,USA,United States,Massachusetts,Psychology,
"University of Maryland, Baltimore County",USA,United States,Maryland,Psychology,UMBC
Uniformed Services University of the Health Sciences,USA,United States,Maryland,Psychology,
Loyola University Maryland,USA,United States,Maryland,Psychology,
University of Maryland-college Park,USA,United States,Maryland,Psychology,
University of Maryland-college Park,USA,United States,Maryland,Psychology,
University of Maryland-college Park,USA,United States,Maryland,Psychology,
University of Maine,USA,United States,Maine,Psychology,UMaine
University of Michigan,USA,United States,Michigan,Psychology,UMich
Wayne State University,USA,United States,Michigan,Psychology,
Michigan State University,USA,United States,Michigan,Psychology,MSU
Michigan State University,USA,United States,Michigan,Psychology,MSU
Western Michigan University,USA,United States,Michigan,Psychology,
Western Michigan University,USA,United States,Michigan,Psychology,
University of Detroit Mercy,USA,United States,Michigan,Psychology,
Central Michigan University,USA,United States,Michigan,Psychology,
Michigan School of Professional Psychology,USA,United States,Michigan,Psychology,
Central Michigan University,USA,United States,Michigan,Psychology,
Eastern Michigan University,USA,United States,Michigan,Psychology,
Saint Mary's University of Minnesota,USA,United States,Minnesota,Psychology,
Minnesota School of Professional Psychology at Argosy University,USA,United States,Minnesota,Psychology,
University of St. Thomas,USA,United States,Minnesota,Psychology,
University of Minnesota,USA,United States,Minnesota,Psychology,
University of Minnesota,USA,United States,Minnesota,Psychology,
University of Minnesota,USA,United States,Minnesota,Psychology,
University of Minnesota,USA,United States,Minnesota,Psychology,
"University of Missouri, Columbia",USA,United States,Minnesota,Psychology,
"University of Missouri, Columbia",USA,United States,Minnesota,Psychology,
"University of Missouri, St. Louis",USA,United States,Minnesota,Psychology,
Washington University in St. Louis,USA,United States,Missouri,Psychology,WUSTL
"University of Missouri, Columbia",USA,United States,Missouri,Psychology,
Saint Louis University,USA,United States,Missouri,Psychology,SLU
University of Missouri Kansas City,USA,United States,Missouri,Psychology,
University of Missouri Kansas City,USA,United States,Missouri,Psychology,
University of Southern Mississippi,USA,United States,Mississippi,Psychology,USM
University of Southern Mississippi,USA,United States,Mississippi,Psychology,USM
Mississippi State University,USA,United States,Mississippi,Psychology,
Jackson State University,USA,United States,Mississippi,Psychology,
University of Mississippi,USA,United States,Mississippi,Psychology,
University of Southern Mississippi,USA,United States,Mississippi,Psychology,
The University of Montana,USA,United States,Montana,Psychology,
The University of Montana,USA,United States,Montana,Psychology,
East Carolina University,USA,United States,North Carolina,Psychology,ECU
East Carolina University,USA,United States,North Carolina,Psychology,ECU
University of North Carolina at Charlotte,USA,United States,North Carolina,Psychology,
North Carolina State University,USA,United States,North Carolina,Psychology,NC State
"University of North Carolina, Chapel Hill",USA,United States,North Carolina,Psychology,UNC
"University of North Carolina, Greensboro",USA,United States,North Carolina,Psychology,UNC
Duke University,USA,United States,North Carolina,Psychology,Duke
"University of North Carolina, Chapel Hill",USA,United States,North Carolina,Psychology,
University of North Dakota,USA,United States,North Dakota,Psychology,
University of North Dakota,USA,United States,North Dakota,Psychology,
"University of Nebraska, Lincoln",USA,United States,Nebraska,Psychology,
Antioch University New England,USA,United States,New Hampshire,Psychology,
Fairleigh Dickinson University,USA,United States,New Jersey,Psychology,
Seton Hall University,USA,United States,New Jersey,Psychology,
Rutgers-the State University of New Jersey,USA,United States,New Jersey,Psychology,
Rutgers-the State University of New Jersey,USA,United States,New Jersey,Psychology,
Rutgers-the State University of New Jersey,USA,United States,New Jersey,Psychology,
Kean University,USA,United States,New Jersey,Psychology,
University of New Mexico,USA,United States,New Mexico,Psychology,
New Mexico State University,USA,United States,New Mexico,Psychology,NMSU
"University of Nevada, Reno",USA,United States,Nevada,Psychology,UNR
University of Nevada Las Vegas,USA,United States,Nevada,Psychology,UNLV
Yeshiva University,USA,United States,New York,Psychology,YU
Hofstra University,USA,United States,New York,Psychology,
St. John's University,USA,United States,New York,Psychology,
"John Jay College of Criminal Justice & the Graduate Center, Cuny",USA,United States,New York,Psychology,
"Queens College and the Graduate Center, City University of New York",USA,United States,New York,Psychology,
St. John's University,USA,United States,New York,Psychology,
Pace University,USA,United States,New York,Psychology,
University at Albany,USA,United States,New York,Psychology,
Fordham University,USA,United States,New York,Psychology,
"Long Island University, C.w. Post Campus",USA,United States,New York,Psychology,
Alfred University,USA,United States,New York,Psychology,
Yeshiva University,USA,United States,New York,Psychology,
"City University of New York, Graduate Center",USA,United States,New York,Psychology,
Adelphi University,USA,United States,New York,Psychology,
"The City College of New York, the Graduate Center, Cuny",USA,United States,New York,Psychology,CUNY
Fordham University,USA,United States,New York,Psychology,
Fordham University,USA,United States,New York,Psychology,
Hofstra University,USA,United States,New York,Psychology,
Long Island University,USA,United States,New York,Psychology,
The New School,USA,United States,New York,Psychology,
University at Albany,USA,United States,New York,Psychology,
University at Albany,USA,United States,New York,Psychology,
"Binghamton University, State University of New York",USA,United States,New York,Psychology,
"University at Buffalo, State University of New York",USA,United States,New York,Psychology,
"University at Buffalo, State University of New York",USA,United States,New York,Psychology,
"Stony Brook University, State University of New York",USA,United States,New York,Psychology,
New York University,USA,United States,New York,Psychology,NYU
University of Rochester,USA,United States,New York,Psychology,
Syracuse University,USA,United States,New York,Psychology,
Syracuse University,USA,United States,New York,Psychology,
"Teachers College, Columbia University",USA,United States,New York,Psychology,
"Teachers College, Columbia University",USA,United States,New York,Psychology,
"Teachers College, Columbia University",USA,United States,New York,Psychology,
Yeshiva University,USA,United States,New York,Psychology,
Bowling Green State University,USA,United States,Ohio,Psychology,
Case Western Reserve University,USA,United States,Ohio,Psychology,
Kent State University,USA,United States,Ohio,Psychology,
Kent State University,USA,United States,Ohio,Psychology,
Miami University,USA,United States,Florida,Psychology,
The Ohio State University,USA,United States,Ohio,Psychology,
Ohio University,USA,United States,Ohio,Psychology,
University of Toledo,USA,United States,Ohio,Psychology,
Wright State University,USA,United States,Ohio,Psychology,
Xavier University,USA,United States,Ohio,Psychology,
The University of Akron,USA,United States,Ohio,Psychology,
University of Cincinnati,USA,United States,Ohio,Psychology,
Cleveland State University,USA,United States,Ohio,Psychology,
University of Tulsa,USA,United States,Oklahoma,Psychology,TU
Oklahoma State University,USA,United States,Oklahoma,Psychology,
University of Oklahoma,USA,United States,Oklahoma,Psychology,
Oklahoma State University,USA,United States,Oklahoma,Psychology,
Oklahoma State University,USA,United States,Oklahoma,Psychology,
George Fox University,USA,United States,Oregon,Psychology,
University of Oregon,USA,United States,Oregon,Psychology,
University of Oregon,USA,United States,Oregon,Psychology,
University of Oregon,USA,United States,Oregon,Psychology,
"Pacific University, Oregon",USA,United States,Oregon,Psychology,
Lehigh University,USA,United States,Pennsylvania,Psychology,
Lehigh University,USA,United States,Pennsylvania,Psychology,
Drexel University,USA,United States,Pennsylvania,Psychology,
Immaculata University,USA,United States,Pennsylvania,Psychology,
Indiana University of Pennsylvania,USA,United States,Pennsylvania,Psychology,IUP
Duquesne University,USA,United States,Pennsylvania,Psychology,
Philadelphia College of Osteopathic Medicine,USA,United States,Pennsylvania,Psychology,
Widener University,USA,United States,Pennsylvania,Psychology,
Pennsylvania State University,USA,United States,Pennsylvania,Psychology,
Pennsylvania State University,USA,United States,Pennsylvania,Psychology,
Pennsylvania State University,USA,United States,Pennsylvania,Psychology,
University of Pennsylvania,USA,United States,Pennsylvania,Psychology,
University of Pittsburgh,USA,United States,Pennsylvania,Psychology,
Temple University,USA,United States,Pennsylvania,Psychology,
Temple University,USA,United States,Pennsylvania,Psychology,
Carlow University,USA,United States,Pennsylvania,Psychology,
Duquesne University,USA,United States,Pennsylvania,Psychology,
La Salle University,USA,United States,Pennsylvania,Psychology,
Chestnut Hill College,USA,United States,Pennsylvania,Psychology,
Marywood University,USA,United States,Pennsylvania,Psychology,
Duquesne University,USA,United States,Pennsylvania,Psychology,
Chatham University,USA,United States,Pennsylvania,Psychology,
Ponce Health Sciences University,USA,United States,Puerto Rico,Psychology,
Ponce Health Sciences University,USA,United States,Puerto Rico,Psychology,
"Carlos Albizu University, San Juan Campus",USA,United States,Puerto Rico,Psychology,
"Carlos Albizu University, San Juan Campus",USA,United States,Puerto Rico,Psychology,
University of Rhode Island,USA,United States,Rhode Island,Psychology,
University of Rhode Island,USA,United States,Rhode Island,Psychology,
University of South Carolina,USA,United States,South Carolina,Psychology,
University of South Carolina,USA,United States,South Carolina,Psychology,
The University of South Dakota,USA,United States,South Dakota,Psychology,
The University of Memphis,USA,United States,Tennessee,Psychology,U of M
Vanderbilt University,USA,United States,Tennessee,Psychology,
The University of Memphis,USA,United States,Tennessee,Psychology,
Tennessee State University,USA,United States,Tennessee,Psychology,
University of Tennessee - Knoxville,USA,United States,Tennessee,Psychology,
University of Tennessee - Knoxville,USA,United States,Tennessee,Psychology,
University of Tennessee - Knoxville,USA,United States,Tennessee,Psychology,
The University of Memphis,USA,United States,Tennessee,Psychology,
East Tennessee State University,USA,United States,Tennessee,Psychology,
Texas Woman's University,USA,United States,Texas,Psychology,
University of Houston,USA,United States,Texas,Psychology,UH
Southern Methodist University,USA,United States,Texas,Psychology,SMU
Sam Houston State University,USA,United States,Texas,Psychology,
University of North Texas,USA,United States,Texas,Psychology,UNT
Texas Tech University,USA,United States,Texas,Psychology,TTU
University of North Texas,USA,United States,Texas,Psychology,
Texas Woman's University,USA,United States,Texas,Psychology,
Our Lady of the Lake University,USA,United States,Texas,Psychology,OLLU
University of Texas Southwestern Medical Center,USA,United States,Texas,Psychology,UT Southwestern
Baylor University,USA,United States,Texas,Psychology,
University of Houston,USA,United States,Texas,Psychology,
University of Houston,USA,United States,Texas,Psychology,
University of North Texas,USA,United States,Texas,Psychology,
Texas A&M University,USA,United States,Texas,Psychology,
Texas A&m University,USA,United States,Texas,Psychology,
Texas A&m University,USA,United States,Texas,Psychology,
University of Texas at Austin,USA,United States,Texas,Psychology,
Texas Tech University,USA,United States,Texas,Psychology,TTU
Brigham Young University,USA,United States,Utah,Psychology,BYU
Utah State University,USA,United States,Utah,Psychology,
University of Utah,USA,United States,Utah,Psychology,
University of Utah,USA,United States,Utah,Psychology,
University of Utah,USA,United States,Utah,Psychology,
Brigham Young University,USA,United States,Utah,Psychology,BYU
"American School of Professional Psychology at Argosy University, Washington, Dc",USA,United States,Virginia,Psychology,
James Madison University,USA,United States,Virginia,Psychology,JMU
Regent University,USA,United States,Virginia,Psychology,
George Mason University,USA,United States,Virginia,Psychology,GMU
Virginia Consortium Program in Clinical Psychology,USA,United States,Virginia,Psychology,
Virginia Commonwealth University,USA,United States,Virginia,Psychology,VCU
Virginia Commonwealth University,USA,United States,Virginia,Psychology,VCU
Virginia Polytechnic Institute and State University,USA,United States,Virginia,Psychology,VT
University of Virginia,USA,United States,Virginia,Psychology,UVA
University of Virginia,USA,United States,Virginia,Psychology,UVA
Radford University,USA,United States,Virginia,Psychology,
Divine Mercy University,USA,United States,Virginia,Psychology,DMU
Virginia Consortium Program in Clinical Psychology,USA,United States,Virginia,Psychology,
University of Vermont,USA,United States,Vermont,Psychology,UVM
University of Washington,USA,United States,Washington,Psychology,UW
Washington State University,USA,United States,Washington,Psychology,WSU
Washington State University,USA,United States,Washington,Psychology,WSU
University of Washington,USA,United States,Washington,Psychology,UW
Seattle Pacific University,USA,United States,Washington,Psychology,
Marquette University,USA,United States,Wisconsin,Psychology,
Marquette University,USA,United States,Wisconsin,Psychology,
Wisconsin School of Professional Psychology,USA,United States,Wisconsin,Psychology,
"Univeristy of Wisconsin, Green-bay",USA,United States,Wisconsin,Psychology,UWGB
"University of Wisconsin, Milwaukee",USA,United States,Wisconsin,Psychology,UWM
"University of Wisconsin, Milwaukee",USA,United States,Wisconsin,Psychology,UWM
"University of Wisconsin, Madison",USA,United States,Wisconsin,Psychology,
"University of Wisconsin, Madison",USA,United States,Wisconsin,Psychology,
"University of Wisconsin, Madison",USA,United States,Wisconsin,Psychology,
"University of Wisconsin, Milwaukee",USA,United States,Wisconsin,Psychology,UWM
West Virginia University,USA,United States,West Virginia,Psychology,WVU
West Virginia University,USA,United States,West Virginia,Psychology,WVU
Marshall University,USA,United States,West Virginia,Psychology,
University of Wyoming,USA,United States,Wyoming,Psychology,
"Ferris State University, Michigan College of Optometry",USA,United States,Michigan,Optometry,
Illinois College of Optometry,USA,United States,Illinois,Optometry,
"Indiana University, School of Optometry",USA,United States,Indiana,Optometry,
"Inter American University of Puerto Rico, School of Optometry",USA,United States,Puerto Rico,Optometry,
MCPHS University School of Optometry,USA,United States,Massachusetts,Optometry,
"Midwestern University, Arizona College of Optometry",USA,United States,Arizona,Optometry,
New England College of Optometry,USA,United States,Massachusetts,Optometry,
"Northeastern State University, Oklahoma College of Optometry",USA,United States,Oklahoma,Optometry,NSUOCO
"Nova Southestern Univeristy, College of Optometry",USA,United States,Florida,Optometry,NSU
"Pacific University, College of Optometry",USA,United States,Oregon,Optometry,
Pennsylvania College of Optometry at Salus Univeristy,USA,United States,Pennsylvania,Optometry,
Southern California College of Optometry at Marshall B. Ketchum University,USA,United States,California,Optometry,
Southern College of Optometry,USA,United States,Tennessee,Optometry,
"State University of New York, State College of Optometry",USA,United States,New York,Optometry,
"The Ohio State University, College of Optometry",USA,United States,Ohio,Optometry,OSU
"University of Alabama at Birmingham, School of Optometry",USA,United States,Alabama,Optometry,
"University of California, Berkeley, School of Optometry",USA,United States,California,Optometry,UCB
"University of Houston, College of Optometry",USA,United States,Texas,Optometry,
"University of Missouri-st. Louis, College of Optometry",USA,United States,Missouri,Optometry,
University of Incarnate Word Rosenberg School of Optometry,USA,United States,Texas,Optometry,
Western University of Health Sciences College of Optometry,USA,United States,California,Optometry,
University of Cape Coast,GHA,Ghana,Cape Coast,Optometry,
University of Alaska Fairbanks Community & Technical College,USA,United States,Alaska,EMT/ Paramedic,
University of Alaska - Anchorage Matanuska Susitna College,USA,United States,Alaska,EMT/ Paramedic,
Alabama Fire College,USA,United States,Alabama,EMT/ Paramedic,
Bevill State Community College,USA,United States,Alabama,EMT/ Paramedic,BSCC
Calhoun Community College,USA,United States,Alabama,EMT/ Paramedic,
Faulkner State Community College,USA,United States,Alabama,EMT/ Paramedic,
Gadsden State Community College,USA,United States,Alabama,EMT/ Paramedic,
H. Councill Trenholm State Community College,USA,United States,Alabama,EMT/ Paramedic,
Herzing University-birmingham,USA,United States,Alabama,EMT/ Paramedic,
Jefferson State Community College,USA,United States,Alabama,EMT/ Paramedic,
Lurleen B Wallace Community College,USA,United States,Alabama,EMT/ Paramedic,
Northeast Alabama Community College,USA,United States,Alabama,EMT/ Paramedic,
Northwest-Shoals Community College,USA,United States,Alabama,EMT/ Paramedic,
Southern Union State Community College,USA,United States,Alabama,EMT/ Paramedic,SUSCC
University of South Alabama,USA,United States,Alabama,EMT/ Paramedic,USA
Wallace Community College,USA,United States,Alabama,EMT/ Paramedic,WCC
Wallace State Community College,USA,United States,Alabama,EMT/ Paramedic,
Arkansas Northeastern College,USA,United States,Arkansas,EMT/ Paramedic,
Arkansas State University-beebe,USA,United States,Arkansas,EMT/ Paramedic,
Arkansas State University-mountain Home,USA,United States,Arkansas,EMT/ Paramedic,
Arkansas Tech University,USA,United States,Arkansas,EMT/ Paramedic,ATU
Black River Technical College,USA,United States,Arkansas,EMT/ Paramedic,BRTC
East Arkansas Community College,USA,United States,Arkansas,EMT/ Paramedic,
National Park College,USA,United States,Arkansas,EMT/ Paramedic,
North Arkansas College,USA,United States,Arkansas,EMT/ Paramedic,
Northwest Arkansas Community College,USA,United States,Arkansas,EMT/ Paramedic,
South Arkansas Community College,USA,United States,Arkansas,EMT/ Paramedic,
Southeast Arkansas College,USA,United States,Arkansas,EMT/ Paramedic,
University of Arkansas at Monticello,USA,United States,Arkansas,EMT/ Paramedic,
University of Arkansas Community College at Hope,USA,United States,Arkansas,EMT/ Paramedic,
University of Arkansas Community College Batesville,USA,United States,Arkansas,EMT/ Paramedic,
University of Arkansas for Medical Sciences-Little Rock,USA,United States,Arkansas,EMT/ Paramedic,UAMS
Central Arizona College,USA,United States,Arizona,EMT/ Paramedic,
Cochise College,USA,United States,Arizona,EMT/ Paramedic,
Flagstaff Medical Center,USA,United States,Arizona,EMT/ Paramedic,
Glendale Community College,USA,United States,California,EMT/ Paramedic,
Maricopa Community Colleges,USA,United States,Arizona,EMT/ Paramedic,
Mohave Community College,USA,United States,Arizona,EMT/ Paramedic,
Northland Pioneer College,USA,United States,Arizona,EMT/ Paramedic,
Paradise Valley Community College,USA,United States,Arizona,EMT/ Paramedic,
Phoenix Fire Department,USA,United States,Arizona,EMT/ Paramedic,
Pima Community College-community Campus,USA,United States,Arizona,EMT/ Paramedic,
Yavapai College,USA,United States,Arizona,EMT/ Paramedic,
Absolute Safety Training Inc,USA,United States,California,EMT/ Paramedic,
American River College,USA,United States,California,EMT/ Paramedic,
Bakersfield College,USA,United States,California,EMT/ Paramedic,
Butte Community College,USA,United States,California,EMT/ Paramedic,
California State University-csus Prehospital Education Program,USA,United States,California,EMT/ Paramedic,
City College of San Francisco,USA,United States,California,EMT/ Paramedic,
College of the Redwoods,USA,United States,California,EMT/ Paramedic,
Crafton Hills College,USA,United States,California,EMT/ Paramedic,
Cuesta College,USA,United States,California,EMT/ Paramedic,
Foothill College,USA,United States,California,EMT/ Paramedic,
Fresno County Department of Public Health,USA,United States,California,EMT/ Paramedic,
Imperial Community College District,USA,United States,California,EMT/ Paramedic,
Los Angeles County Emergency Medical Services Agency,USA,United States,California,EMT/ Paramedic,
Moreno Valley College-riverside Community College,USA,United States,California,EMT/ Paramedic,MVC
Mt. San Antonio College,USA,United States,California,EMT/ Paramedic,
Napa Valley College,USA,United States,California,EMT/ Paramedic,
National College of Technical Instruction - Riverside,USA,United States,California,EMT/ Paramedic,NCTI
National College of Technical Instruction - Bay Area,USA,United States,California,EMT/ Paramedic,NCTI
National College of Technical Instruction - Roseville,USA,United States,California,EMT/ Paramedic,NCTI
National College of Technical Instruction - Santa Barbara,USA,United States,California,EMT/ Paramedic,NCTI
National College of Technical Instruction - Siskiyous County,USA,United States,California,EMT/ Paramedic,NCTI
Palomar College,USA,United States,California,EMT/ Paramedic,
Point Loma Nazarene University/Emsta College for EMS,USA,United States,California,EMT/ Paramedic,
Saddleback College,USA,United States,California,EMT/ Paramedic,
Santa Rosa Junior College,USA,United States,California,EMT/ Paramedic,
Southwestern College - San Diego,USA,United States,California,EMT/ Paramedic,SWCCD
UCLA Paramedic Education Program,USA,United States,California,EMT/ Paramedic,UCLA
University of Antelope Valley,USA,United States,California,EMT/ Paramedic,UAV
Ventura College - School of Prehospital and Emergency Medicine,USA,United States,California,EMT/ Paramedic,
Victor Valley College,USA,United States,California,EMT/ Paramedic,VVC
Westmed College - San Jose,USA,United States,California,EMT/ Paramedic,
Los Angeles Southwest College,USA,United States,California,EMT/ Paramedic,LASC
Aims Community College,USA,United States,Colorado,EMT/ Paramedic,
Colorado Mountain College,USA,United States,Colorado,EMT/ Paramedic,
Community College of Aurora,USA,United States,Colorado,EMT/ Paramedic,
Denver Health Medical Center,USA,United States,Colorado,EMT/ Paramedic,
HCA HealthONE Swedish Medical Center,USA,United States,Colorado,EMT/ Paramedic,
Pikes Peak Community College,USA,United States,Colorado,EMT/ Paramedic,PPCC
Pueblo Community College,USA,United States,Colorado,EMT/ Paramedic,
St. Anthony Hospital,USA,United States,New York,EMT/ Paramedic,
Capital Community College,USA,United States,Connecticut,EMT/ Paramedic,
Goodwin College,USA,United States,Connecticut,EMT/ Paramedic,
Yale New Haven Hospital,USA,United States,Connecticut,EMT/ Paramedic,
Delaware Technical and Community College - Terry Campus,USA,United States,Delaware,EMT/ Paramedic,DTCC
American Medical Academy,USA,United States,Florida,EMT/ Paramedic,AMA
Broward College,USA,United States,Florida,EMT/ Paramedic,
City College Altamonte Springs,USA,United States,Florida,EMT/ Paramedic,
City College Ft. Lauderdale,USA,United States,Florida,EMT/ Paramedic,
City College Gainesville,USA,United States,Florida,EMT/ Paramedic,
City College Miami,USA,United States,Florida,EMT/ Paramedic,
College of Central Florida,USA,United States,Florida,EMT/ Paramedic,
Daytona State College,USA,United States,Florida,EMT/ Paramedic,
Eastern Florida State College,USA,United States,Florida,EMT/ Paramedic,
First Coast Technical College - St. Johns County School District,USA,United States,Florida,EMT/ Paramedic,FCTC
Florida Gateway College,USA,United States,Florida,EMT/ Paramedic,
Florida Southwestern State College,USA,United States,Florida,EMT/ Paramedic,
Florida State College at Jacksonville,USA,United States,Florida,EMT/ Paramedic,
Gulf Coast State College,USA,United States,Florida,EMT/ Paramedic,
Hillsborough Community College,USA,United States,Florida,EMT/ Paramedic,HCCFL
Indian River State College,USA,United States,Florida,EMT/ Paramedic,IRSC
Lake Technical College,USA,United States,Florida,EMT/ Paramedic,
Manatee Technical College,USA,United States,Florida,EMT/ Paramedic,
Miami Dade College,USA,United States,Florida,EMT/ Paramedic,
Northwest Florida State College,USA,United States,Florida,EMT/ Paramedic,
Orlando Medical Institute,USA,United States,Florida,EMT/ Paramedic,
Palm Beach State College,USA,United States,Florida,EMT/ Paramedic,
Pasco-Hernando State College,USA,United States,Florida,EMT/ Paramedic,PHSC
Pensacola State College,USA,United States,Florida,EMT/ Paramedic,
Polk State College,USA,United States,Florida,EMT/ Paramedic,
Santa Fe College,USA,United States,Florida,EMT/ Paramedic,
Seminole State College,USA,United States,Florida,EMT/ Paramedic,
South Florida State College,USA,United States,Florida,EMT/ Paramedic,
St Petersburg College,USA,United States,Florida,EMT/ Paramedic,
Suncoast Technical College,USA,United States,Florida,EMT/ Paramedic,
Tallahassee Community College,USA,United States,Florida,EMT/ Paramedic,TCC
Valencia College,USA,United States,Florida,EMT/ Paramedic,
Albany Technical College,USA,United States,Georgia,EMT/ Paramedic,
Athens Technical College,USA,United States,Georgia,EMT/ Paramedic,
Atlanta Technical College,USA,United States,Georgia,EMT/ Paramedic,
Central Georgia Technical College,USA,United States,Georgia,EMT/ Paramedic,
Chattahoochee Technical College- North Metro Campus Acworth,USA,United States,Georgia,EMT/ Paramedic,
Coastal Pines Technical College,USA,United States,Georgia,EMT/ Paramedic,
Darton State College,USA,United States,Georgia,EMT/ Paramedic,
Fortis College - Smyrna,USA,United States,Georgia,EMT/ Paramedic,
Georgia Northwestern Technical College-rome,USA,United States,Georgia,EMT/ Paramedic,
Georgia Piedmont Technical College,USA,United States,Georgia,EMT/ Paramedic,
Grady Health System,USA,United States,Georgia,EMT/ Paramedic,
Gwinnett County Fire and Emergency Services,USA,United States,Georgia,EMT/ Paramedic,
Gwinnett Technical College,USA,United States,Georgia,EMT/ Paramedic,
Henry County Fire Department,USA,United States,Georgia,EMT/ Paramedic,
Lanier Technical College - Oakwood,USA,United States,Georgia,EMT/ Paramedic,
Southeastern Technical College - Vidalia,USA,United States,Georgia,EMT/ Paramedic,
Southern Crescent Technical College,USA,United States,Georgia,EMT/ Paramedic,SCTC
Southern Regional Technical College - Thomasville,USA,United States,Georgia,EMT/ Paramedic,
West Georgia Regional Emergency Education Coalition,USA,United States,Georgia,EMT/ Paramedic,WGREEC
Wiregrass Georgia Technical College,USA,United States,Georgia,EMT/ Paramedic,
Kapi'olani Community College,USA,United States,Hawaii,EMT/ Paramedic,
Des Moines Area Community College-Ankeny Campus,USA,United States,Iowa,EMT/ Paramedic,DMACC
Eastern Iowa Community College,USA,United States,Iowa,EMT/ Paramedic,
Indian Hills Community College,USA,United States,Iowa,EMT/ Paramedic,
Iowa Central Community College,USA,United States,Iowa,EMT/ Paramedic,
Iowa Western Community College,USA,United States,Iowa,EMT/ Paramedic,IWCC
Kirkwood Community College,USA,United States,Iowa,EMT/ Paramedic,
Mercy College of Health Sciences,USA,United States,Iowa,EMT/ Paramedic,MCHS
Northeast Iowa Community College,USA,United States,Iowa,EMT/ Paramedic,NICC
Southeastern Community College,USA,United States,Iowa,EMT/ Paramedic,
University of Iowa Health Care,USA,United States,Iowa,EMT/ Paramedic,
Western Iowa Tech Community College,USA,United States,Iowa,EMT/ Paramedic,WITCC
Brigham Young University - Idaho,USA,United States,Idaho,EMT/ Paramedic,
College of Southern Idaho,USA,United States,Idaho,EMT/ Paramedic,CSI
College of Western Idaho,USA,United States,Idaho,EMT/ Paramedic,CWI
Idaho State University,USA,United States,Idaho,EMT/ Paramedic,ISU
Lewis-Clark State College,USA,United States,Idaho,EMT/ Paramedic,LCSC
"Advocate Bromenn Medical Center, Osf St Joseph Medical Center, and Mclean County Area Ems System Paramedic Training Program Consortium",USA,United States,Illinois,EMT/ Paramedic,CHEA
Advocate Christ Medical Center,USA,United States,Illinois,EMT/ Paramedic,
Advocate Condell Medical Center,USA,United States,Illinois,EMT/ Paramedic,
Advocate Good Samaritan Hospital,USA,United States,Illinois,EMT/ Paramedic,
Advocate Lutheran General Hospital,USA,United States,Illinois,EMT/ Paramedic,
Advocate Sherman Hospital,USA,United States,Illinois,EMT/ Paramedic,
Black Hawk College,USA,United States,Illinois,EMT/ Paramedic,BHC
Blessing Hospital,USA,United States,Illinois,EMT/ Paramedic,
Cadence Health at Central Dupage Hospital,USA,United States,Illinois,EMT/ Paramedic,
Edward Hospital,USA,United States,Illinois,EMT/ Paramedic,EEHealth
Illinois Central College,USA,United States,Illinois,EMT/ Paramedic,
Illinois Valley Community College,USA,United States,Illinois,EMT/ Paramedic,
Ingalls Memorial Hospital,USA,United States,Illinois,EMT/ Paramedic,
Kishwaukee College,USA,United States,Illinois,EMT/ Paramedic,
Lewis and Clark Community College,USA,United States,Illinois,EMT/ Paramedic,
Loyola University Medical Center,USA,United States,Illinois,EMT/ Paramedic,
Malcolm X College,USA,United States,Illinois,EMT/ Paramedic,
Morris Hospital and Healthcare Centers,USA,United States,Illinois,EMT/ Paramedic,
Northshore University Health System Highland Park Hospital,USA,United States,Illinois,EMT/ Paramedic,
OSF Saint Anthony Medical Center,USA,United States,Illinois,EMT/ Paramedic,
Parkland College,USA,United States,Illinois,EMT/ Paramedic,
AMITA Health Presence Saint Francis Hospital,USA,United States,Illinois,EMT/ Paramedic,
AMITA Health Presence Saint Joseph Hospital,USA,United States,Illinois,EMT/ Paramedic,
AMITA Health Presence St. Mary's Hospital,USA,United States,Illinois,EMT/ Paramedic,
Rend Lake College,USA,United States,Illinois,EMT/ Paramedic,RLC
Riverside Medical Center,USA,United States,New Jersey,EMT/ Paramedic,
Silver Cross Hospital,USA,United States,Illinois,EMT/ Paramedic,
Southwestern Illinois College,USA,United States,Illinois,EMT/ Paramedic,SWIC
Southwestern Illinois College,USA,United States,Illinois,EMT/ Paramedic,SWIC
Swedish American Hospital,USA,United States,Illinois,EMT/ Paramedic,
Vista Health System,USA,United States,Illinois,EMT/ Paramedic,
Waubonsee Community College,USA,United States,Illinois,EMT/ Paramedic,
Community Health Network,USA,United States,New York,EMT/ Paramedic,
Franciscan Health Crown Point,USA,United States,Indiana,EMT/ Paramedic,
Franciscan Health Indianapolis,USA,United States,Indiana,EMT/ Paramedic,
Franciscan Health Lafayette (frmly St Elizabeth Health),USA,United States,Indiana,EMT/ Paramedic,
Goshen Hospital,USA,United States,Indiana,EMT/ Paramedic,
Harrison County Hospital Paramedic Consortium,USA,United States,Indiana,EMT/ Paramedic,HCHEMS
Hendricks Regional Health,USA,United States,Indiana,EMT/ Paramedic,
Indiana University School of Medicine,USA,United States,Indiana,EMT/ Paramedic,
Ivy Tech Community College - Bloomington,USA,United States,Indiana,EMT/ Paramedic,
Ivy Tech Community College - Columbus,USA,United States,Indiana,EMT/ Paramedic,
Ivy Tech Community College - Evansville,USA,United States,Indiana,EMT/ Paramedic,
Ivy Tech Community College - Ft. Wayne,USA,United States,Indiana,EMT/ Paramedic,
Ivy Tech Community College - Kokomo,USA,United States,Indiana,EMT/ Paramedic,
Ivy Tech Community College - Madison,USA,United States,Indiana,EMT/ Paramedic,
Ivy Tech Community College - South Bend,USA,United States,Indiana,EMT/ Paramedic,
Ivy Tech Community College - Terre Haute,USA,United States,Indiana,EMT/ Paramedic,
St. Mary Medical Center,USA,United States,Indiana,EMT/ Paramedic,
St. Vincent's Indianapolis Hospital,USA,United States,Indiana,EMT/ Paramedic,
"The Methodist Hospitals, Inc.",USA,United States,Indiana,EMT/ Paramedic,
Vincennes University,USA,United States,Indiana,EMT/ Paramedic,VU
Barton County Community College,USA,United States,Kansas,EMT/ Paramedic,
Coffeyville Community College,USA,United States,Kansas,EMT/ Paramedic,
Cowley College,USA,United States,Kansas,EMT/ Paramedic,
Garden City Community College,USA,United States,Kansas,EMT/ Paramedic,GCCC
Hutchinson Community College,USA,United States,Kansas,EMT/ Paramedic,
Johnson County Community College,USA,United States,Kansas,EMT/ Paramedic,JCCC
Kansas City Kansas Community College,USA,United States,Kansas,EMT/ Paramedic,KCKCC
Ashland Community and Technical College,USA,United States,Kentucky,EMT/ Paramedic,
Eastern Kentucky University,USA,United States,Kentucky,EMT/ Paramedic,
Lexington Division of Fire and Emergency Services,USA,United States,Kentucky,EMT/ Paramedic,
Owensboro Community and Technical College,USA,United States,Kentucky,EMT/ Paramedic,OCTC
Bossier Parish Community College,USA,United States,Louisiana,EMT/ Paramedic,BPCC
Delgado Community College,USA,United States,Louisiana,EMT/ Paramedic,DCC
South Louisiana Community College,USA,United States,Louisiana,EMT/ Paramedic,SLCC
National Medical Education and Training Center/medtech College Consortia,USA,United States,Massachusetts,EMT/ Paramedic,NMETC
Pro EMS Center for Medics/Mount Auburn Hospital Consortium for Paramedic Education,USA,United States,Massachusetts,EMT/ Paramedic,
Springfield College,USA,United States,Massachusetts,EMT/ Paramedic,
Anne Arundel Community College,USA,United States,Maryland,EMT/ Paramedic,AACC
Cecil College,USA,United States,Maryland,EMT/ Paramedic,
Chesapeake College,USA,United States,Maryland,EMT/ Paramedic,
College of Southern Maryland,USA,United States,Maryland,EMT/ Paramedic,CSM
Community College of Baltimore County - Essex Campus,USA,United States,Maryland,EMT/ Paramedic,CCBC
Garrett College,USA,United States,Maryland,EMT/ Paramedic,
Hagerstown Community College,USA,United States,Maryland,EMT/ Paramedic,HCC
Howard Community College,USA,United States,Maryland,EMT/ Paramedic,
Howard County Department of Fire and Rescue,USA,United States,Maryland,EMT/ Paramedic,
Montgomery County Fire Rescue Training Academy,USA,United States,Maryland,EMT/ Paramedic,
Prince George's Community College,USA,United States,Maryland,EMT/ Paramedic,PGCC
University of Maryland Baltimore County,USA,United States,Maryland,EMT/ Paramedic,UMBC
Wor-Wic Community College,USA,United States,Maryland,EMT/ Paramedic,
Eastern Maine Community College,USA,United States,Maine,EMT/ Paramedic,EMCC
Kennebec Valley Community College,USA,United States,Maine,EMT/ Paramedic,KVCC
Northern Maine Community College,USA,United States,Maine,EMT/ Paramedic,NMCC
Southern Maine Community College,USA,United States,Maine,EMT/ Paramedic,SMCC
United Training Center,USA,United States,Maine,EMT/ Paramedic,
Baker College of Cadillac,USA,United States,Michigan,EMT/ Paramedic,
Baker College of Clinton Township,USA,United States,Michigan,EMT/ Paramedic,
Genesys Regional Medical Center,USA,United States,Michigan,EMT/ Paramedic,
Huron Valley Ambulance,USA,United States,Michigan,EMT/ Paramedic,HVA
Jackson College,USA,United States,Michigan,EMT/ Paramedic,JCCMI
Kalamazoo Valley Community College,USA,United States,Michigan,EMT/ Paramedic,
Kellogg Community College,USA,United States,Michigan,EMT/ Paramedic,
Lansing Community College,USA,United States,Michigan,EMT/ Paramedic,LCC
Life Support Training Institute at Botsford Hospital,USA,United States,Michigan,EMT/ Paramedic,LSTI
Macomb Community College,USA,United States,Michigan,EMT/ Paramedic,
Mid-Michigan Medical Center,USA,United States,Michigan,EMT/ Paramedic,
Wayne County Community College District,USA,United States,Michigan,EMT/ Paramedic,WCCCD
Century College,USA,United States,Minnesota,EMT/ Paramedic,
Hennepin County Medical Center,USA,United States,Minnesota,EMT/ Paramedic,
Inver Hills Community College,USA,United States,Minnesota,EMT/ Paramedic,
Mesabi Range College,USA,United States,Minnesota,EMT/ Paramedic,
Northland Community and Technical College,USA,United States,Minnesota,EMT/ Paramedic,
Ridgewater College,USA,United States,Minnesota,EMT/ Paramedic,
South Central College,USA,United States,Minnesota,EMT/ Paramedic,
St. Cloud Technical and Community College,USA,United States,Minnesota,EMT/ Paramedic,SCTCC
Cape Girardeau Career and Technology Center,USA,United States,Missouri,EMT/ Paramedic,
Crowder College,USA,United States,Missouri,EMT/ Paramedic,
East Central College,USA,United States,Missouri,EMT/ Paramedic,ECC
Grand River Technical School,USA,United States,Missouri,EMT/ Paramedic,GRTC
IHM Health Studies Center,USA,United States,Missouri,EMT/ Paramedic,
Mercy Hospital Springfield,USA,United States,Missouri,EMT/ Paramedic,
Metropolitan Community College,USA,United States,Nebraska,EMT/ Paramedic,
Mineral Area College,USA,United States,Missouri,EMT/ Paramedic,
Missouri Southern State University,USA,United States,Missouri,EMT/ Paramedic,
Ozarks Technical Community College,USA,United States,Missouri,EMT/ Paramedic,OTC
Pike-Lincoln Technical Center,USA,United States,Missouri,EMT/ Paramedic,PLTC
Respond Right EMS Academy/St. Charles Community College Consortia,USA,United States,Missouri,EMT/ Paramedic,
Rolla Technical Center,USA,United States,Missouri,EMT/ Paramedic,
South Howell County Ambulance District,USA,United States,Missouri,EMT/ Paramedic,SHC
St. Charles County Ambulance District,USA,United States,Missouri,EMT/ Paramedic,SCCAD
St. Louis Community College,USA,United States,Missouri,EMT/ Paramedic,SLCC
Three Rivers College,USA,United States,Missouri,EMT/ Paramedic,TRCC
University of Missouri Health Care EMS Institute,USA,United States,Missouri,EMT/ Paramedic,
University of Missouri - Kansas City School of Medicine,USA,United States,Missouri,EMT/ Paramedic,UMKC
East Mississippi Community College,USA,United States,Mississippi,EMT/ Paramedic,East MS
Hinds Community College - Jackson,USA,United States,Mississippi,EMT/ Paramedic,
Holmes Community College,USA,United States,Mississippi,EMT/ Paramedic,
Itawamba Community College,USA,United States,Mississippi,EMT/ Paramedic,ICCMS
Jones County Junior College,USA,United States,Mississippi,EMT/ Paramedic,JCJC
Meridian Community College,USA,United States,Mississippi,EMT/ Paramedic,
Mississippi Gulf Coast Community College,USA,United States,Mississippi,EMT/ Paramedic,
Northwest Mississippi Community College,USA,United States,Mississippi,EMT/ Paramedic,
Flathead Valley Community College,USA,United States,Montana,EMT/ Paramedic,FVCC
Great Falls College - Montana State University,USA,United States,Montana,EMT/ Paramedic,GFCMSU
Montana State University - Billings,USA,United States,Montana,EMT/ Paramedic,MSU
Asheville-Buncombe Technical Community College,USA,United States,North Carolina,EMT/ Paramedic,ABTech
Blue Ridge Community College,USA,United States,Virginia,EMT/ Paramedic,
Caldwell Community College & Technical Institute,USA,United States,North Carolina,EMT/ Paramedic,CCCTI
Catawba Valley Community College,USA,United States,North Carolina,EMT/ Paramedic,CCVC
Central Piedmont Community College/Carolinas Medical Center Consortium,USA,United States,North Carolina,EMT/ Paramedic,CPCC
Cleveland Community College,USA,United States,North Carolina,EMT/ Paramedic,
Durham Technical Community College,USA,United States,North Carolina,EMT/ Paramedic,
Fayetteville Technical Community College,USA,United States,North Carolina,EMT/ Paramedic,FTCC
Gaston College,USA,United States,North Carolina,EMT/ Paramedic,
Guilford Technical Community College,USA,United States,North Carolina,EMT/ Paramedic,GTCC
Joint Special Operations Medical Training Center,USA,United States,North Carolina,EMT/ Paramedic,JSOMTC
Lenoir Community College,USA,United States,North Carolina,EMT/ Paramedic,
Piedmont Community College,USA,United States,North Carolina,EMT/ Paramedic,
South Piedmont Community College,USA,United States,North Carolina,EMT/ Paramedic,SPCC
Southwestern Community College - Sylva,USA,United States,North Carolina,EMT/ Paramedic,
Western Carolina University,USA,United States,North Carolina,EMT/ Paramedic,WCU
Bismarck State College ,USA,United States,North Dakota,EMT/ Paramedic,
Dakota College at Bottineau,USA,United States,North Dakota,EMT/ Paramedic,
Emergency Training Associates/ Greater Minnesota Paramedic Consortium,USA,United States,Minnesota,EMT/ Paramedic,
Sanford Health EMS Education/North Dakota State College of Science,USA,United States,North Dakota,EMT/ Paramedic,
Central Community College,USA,United States,Nebraska,EMT/ Paramedic,CCCNEB
Creighton University,USA,United States,Nebraska,EMT/ Paramedic,
MccCook Community College/ Mid-Plains Community College,USA,United States,Nebraska,EMT/ Paramedic,MPCC
Metropolitan Community College -Omaha,USA,United States,Nebraska,EMT/ Paramedic,MCCNEB
Northeast Community College,USA,United States,Nebraska,EMT/ Paramedic,
Southeast Community College,USA,United States,Nebraska,EMT/ Paramedic,
New England EMS Institute,USA,United States,New Hampshire,EMT/ Paramedic,
NHTI - Concord's Community College,USA,United States,New Hampshire,EMT/ Paramedic,NHTI
Jersey City Medical Center EMS,USA,United States,New Jersey,EMT/ Paramedic,JCMC
MONOC/Ocean County College,USA,United States,New Jersey,EMT/ Paramedic,
Union County College,USA,United States,New Jersey,EMT/ Paramedic,UCC
"Virtua West Jersey Health System, Inc",USA,United States,New Jersey,EMT/ Paramedic,
Central New Mexico Community College,USA,United States,New Mexico,EMT/ Paramedic,CNM
Doña Ana Community College,USA,United States,New Mexico,EMT/ Paramedic,DACC
Eastern New Mexico University,USA,United States,New Mexico,EMT/ Paramedic,ENMU
San Juan College,USA,United States,New Mexico,EMT/ Paramedic,
University of New Mexico School of Medicine,USA,United States,New Mexico,EMT/ Paramedic,UNM
College of Southern Nevada,USA,United States,Nevada,EMT/ Paramedic,CSN
National College of Technical Instruction - Las Vegas,USA,United States,Nevada,EMT/ Paramedic,NCTI
REMSA,USA,United States,Nevada,EMT/ Paramedic,
Truckee Meadows Community College,USA,United States,Nevada,EMT/ Paramedic,TMCC
CUNY Borough of Manhattan Community College,USA,United States,New York,EMT/ Paramedic,BMCC
Dutchess Community College,USA,United States,New York,EMT/ Paramedic,
Erie Community College,USA,United States,New York,EMT/ Paramedic,
Faxton St. Luke's Healthcare Paramedic Program,USA,United States,New York,EMT/ Paramedic,
Hudson Valley Community College,USA,United States,New York,EMT/ Paramedic,
LaGuardia Community College,USA,United States,New York,EMT/ Paramedic,
Monroe Community College,USA,United States,New York,EMT/ Paramedic,
Nassau County Fire Police EMS Academy at NUMC,USA,United States,New York,EMT/ Paramedic,NCFPAEMS
New York Methodist Hospital,USA,United States,New York,EMT/ Paramedic,
Northwell Health Center for Learning and Innovation - Emergency Medical Institute,USA,United States,New York,EMT/ Paramedic,
St. John's University,USA,United States,New York,EMT/ Paramedic,
Suffolk County Community College,USA,United States,New York,EMT/ Paramedic,
SUNY Cobleskill,USA,United States,New York,EMT/ Paramedic,
Akron General Medical Center,USA,United States,Ohio,EMT/ Paramedic,
Butler Tech,USA,United States,Ohio,EMT/ Paramedic,
Central Ohio Technical College,USA,United States,Ohio,EMT/ Paramedic,
Cincinnati State Technical and Community College,USA,United States,Ohio,EMT/ Paramedic,
Clark State Community College,USA,United States,Ohio,EMT/ Paramedic,
Columbus State Community College,USA,United States,Ohio,EMT/ Paramedic,CSCC
Cuyahoga Community College,USA,United States,Ohio,EMT/ Paramedic,
Eastern Gateway Community College,USA,United States,Ohio,EMT/ Paramedic,EGCC
Four County Career Center,USA,United States,Ohio,EMT/ Paramedic,
Franklin County Firefighters/ Grant Medical Center EMS Education,USA,United States,Ohio,EMT/ Paramedic,
James A. Rhodes State College,USA,United States,Ohio,EMT/ Paramedic,
Lakeland Community College,USA,United States,Ohio,EMT/ Paramedic,
Life Care EMS Training Academy/ Lorain County CC Consortium,USA,United States,Ohio,EMT/ Paramedic,
Mercy College of Ohio,USA,United States,Ohio,EMT/ Paramedic,
Miami Valley Career Technology Center,USA,United States,Ohio,EMT/ Paramedic,MVCTC
Mid-East Career and Technology Center,USA,United States,Ohio,EMT/ Paramedic,
Owens Community College,USA,United States,Ohio,EMT/ Paramedic,
Parma Community General Hospital,USA,United States,Ohio,EMT/ Paramedic,
Shawnee State University,USA,United States,Ohio,EMT/ Paramedic,
Sinclair Community College,USA,United States,Ohio,EMT/ Paramedic,
Sinclair Community College,USA,United States,Ohio,EMT/ Paramedic,
Tri Rivers Career Center/Marion General Hospital,USA,United States,Ohio,EMT/ Paramedic,
UH Conneaut Medical Center,USA,United States,Ohio,EMT/ Paramedic,
University of Cincinnati Blue Ash College,USA,United States,Ohio,EMT/ Paramedic,UC Blue Ash
Vanguard-Sentinel Career & Technology Center,USA,United States,Ohio,EMT/ Paramedic,VSCC
Youngstown State University,USA,United States,Ohio,EMT/ Paramedic,YSU
Eastern Oklahoma County Technology Center,USA,United States,Oklahoma,EMT/ Paramedic,
Gordon Cooper Technology Center,USA,United States,Oklahoma,EMT/ Paramedic,GCTech
Great Plains Technology Center,USA,United States,Oklahoma,EMT/ Paramedic,
Kiamichi Technology Center,USA,United States,Oklahoma,EMT/ Paramedic,
Oklahoma City Community College,USA,United States,Oklahoma,EMT/ Paramedic,OCCC
Oklahoma State University - Oklahoma City,USA,United States,Oklahoma,EMT/ Paramedic,OSUKC
Redlands Community College,USA,United States,Oklahoma,EMT/ Paramedic,
Rogers State University,USA,United States,Oklahoma,EMT/ Paramedic,RSU
Tulsa Technology Center,USA,United States,Oklahoma,EMT/ Paramedic,Tulsa Tech
Central Oregon Community College,USA,United States,Oregon,EMT/ Paramedic,CCOC
Chemeketa Community College,USA,United States,Oregon,EMT/ Paramedic,
College of Emergency Services,USA,United States,Oregon,EMT/ Paramedic,
Lane Community College,USA,United States,Oregon,EMT/ Paramedic,
Oregon Health and Science University/ Oregon Institute of Technology,USA,United States,Oregon,EMT/ Paramedic,OIT
Portland Community College,USA,United States,Oregon,EMT/ Paramedic,PCC
Rogue Community College,USA,United States,Oregon,EMT/ Paramedic,
Southwestern Oregon Community College,USA,United States,Oregon,EMT/ Paramedic,SWOCC
Umpqua Community College,USA,United States,Oregon,EMT/ Paramedic,
All-State Career School,USA,United States,Pennsylvania,EMT/ Paramedic,
Center for Emergency Medicine of Western Pennsylvannia,USA,United States,Pennsylvania,EMT/ Paramedic,
Community College of Allegheny County - Boyce Campus,USA,United States,Pennsylvania,EMT/ Paramedic,CCAC
Conemaugh Memorial Medical Center,USA,United States,Pennsylvania,EMT/ Paramedic,
Delaware County Community College,USA,United States,Pennsylvania,EMT/ Paramedic,DCCC
Harrisburg Area Community College-harrisburg Campus,USA,United States,Pennsylvania,EMT/ Paramedic,HACC
Lackawanna College,USA,United States,Pennsylvania,EMT/ Paramedic,
Lehigh Valley Health Network,USA,United States,Pennsylvania,EMT/ Paramedic,LVHN
Luzerne County Community College,USA,United States,Pennsylvania,EMT/ Paramedic,
Montgomery County EMS Training Institute,USA,United States,Pennsylvania,EMT/ Paramedic,
Pennsylvania College of Health Sciences,USA,United States,Pennsylvania,EMT/ Paramedic,
Pennsylvania College of Technology,USA,United States,Pennsylvania,EMT/ Paramedic,PCT
Reading Hospital School of Health Sciences,USA,United States,Pennsylvania,EMT/ Paramedic,
Thomas Jefferson University Hospital - JeffSTAT EMS Education Center,USA,United States,Pennsylvania,EMT/ Paramedic,
Greenville Technical College,USA,United States,Pennsylvania,EMT/ Paramedic,GVLTEC
Horry Georgetown Technical College,USA,United States,South Carolina,EMT/ Paramedic,
Lowcountry Regional EMS Council,USA,United States,South Carolina,EMT/ Paramedic,
Pee Dee Regional EMS,USA,United States,South Carolina,EMT/ Paramedic,
SC Midlands Emergency Medical Service Management Association,USA,United States,South Carolina,EMT/ Paramedic,
Spartanburg Community College,USA,United States,South Carolina,EMT/ Paramedic,SCCSC
Trident Technical College,USA,United States,South Carolina,EMT/ Paramedic,
Avera Mckennan Hospital and University Health Center,USA,United States,South Carolina,EMT/ Paramedic,
Lake Area Technical Institute,USA,United States,South Dakota,EMT/ Paramedic,
Western Dakota Technical Institute,USA,United States,South Dakota,EMT/ Paramedic,WDT
Chattanooga State Community College,USA,United States,Tennessee,EMT/ Paramedic,
City of Memphis Division of Fire Services,USA,United States,Tennessee,EMT/ Paramedic,
Columbia State Community College,USA,United States,Tennessee,EMT/ Paramedic,
Dyersburg State Community College,USA,United States,Tennessee,EMT/ Paramedic,DSCC
Jackson State Community College,USA,United States,Tennessee,EMT/ Paramedic,JSCC
Northeast State Community College,USA,United States,Tennessee,EMT/ Paramedic,
Roane State Community College,USA,United States,Tennessee,EMT/ Paramedic,
Southwest Tennessee Community College,USA,United States,Tennessee,EMT/ Paramedic,
Volunteer State Community College,USA,United States,Tennessee,EMT/ Paramedic,
Walters State Community College,USA,United States,Tennessee,EMT/ Paramedic,WS
Amarillo College,USA,United States,Texas,EMT/ Paramedic,ACTX
Angelina College,USA,United States,Texas,EMT/ Paramedic,
Austin Community College,USA,United States,Texas,EMT/ Paramedic,
Blinn College,USA,United States,Texas,EMT/ Paramedic,
Brazosport College,USA,United States,Texas,EMT/ Paramedic,
Brookhaven College,USA,United States,Texas,EMT/ Paramedic,
Central Texas College,USA,United States,Texas,EMT/ Paramedic,CTCD
College of the Mainland,USA,United States,Texas,EMT/ Paramedic,COM
Collin County Community College District,USA,United States,Texas,EMT/ Paramedic,
East Texas Medical Center,USA,United States,Texas,EMT/ Paramedic,UT Health East Texas
El Centro College,USA,United States,Texas,EMT/ Paramedic,
El Paso Community College,USA,United States,Texas,EMT/ Paramedic,EPCC
EMTS Academy and St David's Round Rock Medical Center Paramedic Program Consortium,USA,United States,Texas,EMT/ Paramedic,
Galveston College,USA,United States,Texas,EMT/ Paramedic,GC
Grayson College,USA,United States,Texas,EMT/ Paramedic,
Hill College,USA,United States,Texas,EMT/ Paramedic,
Houston Community College System,USA,United States,Texas,EMT/ Paramedic,HCC
Howard College - San Angelo,USA,United States,Texas,EMT/ Paramedic,
Kilgore College,USA,United States,Texas,EMT/ Paramedic,
Lamar Institute of Technology,USA,United States,Texas,EMT/ Paramedic,LIT
Laredo Fire Department,USA,United States,Texas,EMT/ Paramedic,
Lone Star College - CyFair,USA,United States,Texas,EMT/ Paramedic,LSC-CyFair
Lone Star College - North Harris,USA,United States,Texas,EMT/ Paramedic,LSC North
McLennan Community College,USA,United States,Texas,EMT/ Paramedic,MC
Midland College,USA,United States,Texas,EMT/ Paramedic,
Navarro College,USA,United States,Texas,EMT/ Paramedic,
North Central Texas College,USA,United States,Texas,EMT/ Paramedic,NCTC
Northeast Texas Community College,USA,United States,Texas,EMT/ Paramedic,NTCC
Odessa College,USA,United States,Texas,EMT/ Paramedic,
Panola College,USA,United States,Texas,EMT/ Paramedic,
Paris Junior College,USA,United States,Texas,EMT/ Paramedic,
PERCOM/ Kilgore College Consortium,USA,United States,Texas,EMT/ Paramedic,
San Antonio College,USA,United States,Texas,EMT/ Paramedic,Alamo
San Jacinto College - Central,USA,United States,Texas,EMT/ Paramedic,SanJac
San Jacinto College North,USA,United States,Texas,EMT/ Paramedic,SanJac
South Plains College,USA,United States,Texas,EMT/ Paramedic,
South Texas College,USA,United States,Texas,EMT/ Paramedic,
Tarrant County College - Northeast Campus,USA,United States,Texas,EMT/ Paramedic,TCCD
Temple College,USA,United States,Texas,EMT/ Paramedic,
Texas Engineering Extension Service,USA,United States,Texas,EMT/ Paramedic,
Texas State Technical College - Abilene,USA,United States,Texas,EMT/ Paramedic,TSTC
Trinity Valley Community College,USA,United States,Texas,EMT/ Paramedic,TVCC
Tyler Junior College,USA,United States,Texas,EMT/ Paramedic,TJC
University of Texas Health Science Center at San Antonio,USA,United States,Texas,EMT/ Paramedic,UTHSCSA
Victoria College,USA,United States,Texas,EMT/ Paramedic,
Weatherford College,USA,United States,Texas,EMT/ Paramedic,WC
Wharton County Junior College,USA,United States,Texas,EMT/ Paramedic,WCJC
Dixie State University,USA,United States,Utah,EMT/ Paramedic,
Unified Fire Authority,USA,United States,Utah,EMT/ Paramedic,
Utah Valley University,USA,United States,Utah,EMT/ Paramedic,
Weber State University,USA,United States,Utah,EMT/ Paramedic,
Central Virginia Community College,USA,United States,Virginia,EMT/ Paramedic,
J Sargeant Reynolds Community College,USA,United States,Virginia,EMT/ Paramedic,
Jefferson College of Health Sciences,USA,United States,Virginia,EMT/ Paramedic,
Lord Fairfax Community College,USA,United States,Virginia,EMT/ Paramedic,LFCC
Loudoun County Department of Fire-Rescue,USA,United States,Virginia,EMT/ Paramedic,
Northern Virginia Community College,USA,United States,Virginia,EMT/ Paramedic,NVCC
Patrick Henry Community College,USA,United States,Virginia,EMT/ Paramedic,
Piedmont Virginia Community College,USA,United States,Virginia,EMT/ Paramedic,PVCC
Prince William County Dept of Fire & Rescue,USA,United States,Virginia,EMT/ Paramedic,
Southside Virginia Community College,USA,United States,Virginia,EMT/ Paramedic,
Southwest Virginia Community College,USA,United States,Virginia,EMT/ Paramedic,SWCC
Stafford County and Associates in Emergency Care Consortium,USA,United States,Virginia,EMT/ Paramedic,
Tidewater Community College,USA,United States,Virginia,EMT/ Paramedic,TCC
Virginia Commonwealth University School of Medicine,USA,United States,Virginia,EMT/ Paramedic,VCU
Central Washington University,USA,United States,Washington,EMT/ Paramedic,CWU
Columbia Basin College,USA,United States,Washington,EMT/ Paramedic,
St. Luke's Rehabilitation Institute,USA,United States,Washington,EMT/ Paramedic,
Tacoma Community College,USA,United States,Washington,EMT/ Paramedic,
Tacoma Fire Department,USA,United States,Washington,EMT/ Paramedic,
University of Washington/ Harborview Medical Center,USA,United States,Washington,EMT/ Paramedic,UW
Chippewa Valley Technical College,USA,United States,Wisconsin,EMT/ Paramedic,CVTC
Fox Valley Technical College,USA,United States,Wisconsin,EMT/ Paramedic,FVTC
Gateway Technical College,USA,United States,Wisconsin,EMT/ Paramedic,GTC
Lakeshore Technical College,USA,United States,Wisconsin,EMT/ Paramedic,LTC
Madison Area Technical College,USA,United States,Wisconsin,EMT/ Paramedic,
Mercy Health System,USA,United States,Illinois,EMT/ Paramedic,
Mid-state Technical College,USA,United States,Wisconsin,EMT/ Paramedic,MSTC
Milwaukee County Emergency Medical Services,USA,United States,Wisconsin,EMT/ Paramedic,
Moraine Park Technical College,USA,United States,Wisconsin,EMT/ Paramedic,
Northcentral Technical College,USA,United States,Wisconsin,EMT/ Paramedic,NTC
Northeast Wisconsin Technical College,USA,United States,Wisconsin,EMT/ Paramedic,NWTC
University of Wisconsin Hospitals & Clinics,USA,United States,Wisconsin,EMT/ Paramedic,
Waukesha County Technical College,USA,United States,Wisconsin,EMT/ Paramedic,WCTC
Western Technical College,USA,United States,Wisconsin,EMT/ Paramedic,
Wisconsin Indianhead Technical College - Rice Lake,USA,United States,Wisconsin,EMT/ Paramedic,WITC
Blue Ridge Community and Technical College,USA,United States,West Virginia,EMT/ Paramedic,
Mountwest Community and Technical College,USA,United States,West Virginia,EMT/ Paramedic,MCTC
New River Community and Technical College,USA,United States,West Virginia,EMT/ Paramedic,
Pierpont Community & Technical College,USA,United States,West Virginia,EMT/ Paramedic,
Southern West Virginia Community & Technical College,USA,United States,West Virginia,EMT/ Paramedic,
Casper College,USA,United States,Wyoming,EMT/ Paramedic,
Laramie County Community College,USA,United States,Wyoming,EMT/ Paramedic,LCCC
Maryland Fire and Rescue Institute,USA,United States,Wyoming,EMT/ Paramedic,MFRI
Barry University School of Podiatric Medicine,USA,United States,Florida,Podiatry,
California School of Podiatric Medicine at Samuel Merritt University,USA,United States,California,Podiatry,
Des Moines University College of Podiatric Medicine and Surgery,USA,United States,Iowa,Podiatry,DMU
Dr. William M. Scholl College of Podiatric Medicine at the Rosalind Franklin,USA,United States,Illinois,Podiatry,
Kent State University College of Podiatric Medicine,USA,United States,Ohio,Podiatry,
Midwestern University Arizona School of Podiatric Medicine,USA,United States,Arizona,Podiatry,
New York College of Podiatric Medicine,USA,United States,New York,Podiatry,NYCPM
Temple University School of Podiatric Medicine,USA,United States,Pennsylvania,Podiatry,
Western University of Health Sciences College of Podiatric Medicine,USA,United States,California,Podiatry,
Northern Illinois University,USA,United States,Illinois,Physiotherapy,NIU
Western Carolina University,USA,United States,North Carolina,Physiotherapy,WCU
William Carey University,USA,United States,Mississippi,Physiotherapy,
University of Central Florida,USA,United States,Florida,Physiotherapy,UCF
University of South Carolina,USA,United States,South Carolina,Physiotherapy,USC
Radford University,USA,United States,Virginia,Occupation Therapy,
Beth-El College of Nursing & Health Sciences,USA,United States,Colorado,Nursing,
Colorado State University-Pueblo,USA,United States,Colorado,Nursing,CSU
Denver School of Nursing,USA,United States,Colorado,Nursing,
"Regis University, Denver",USA,United States,Colorado,Nursing,
University of Colorado Denver College of Nursing,USA,United States,Colorado,Nursing,CU
"University of Northern Colorado, Greeley",USA,United States,Colorado,Nursing,UNCO
"Abington Memorial Hospital Dixon School of Nursing, Willow Grove",USA,United States,Pennsylvania,Nursing,
Drexel University College of Nursing and Health Professions Nursing Program,USA,United States,Pennsylvania,Nursing,
Gannon University Online Nursing Program,USA,United States,Pennsylvania,Nursing,
Holy Family University Nursing Program,USA,United States,Pennsylvania,Nursing,
Pennsylvania College of Health Sciences,USA,United States,Pennsylvania,Nursing,
Methodist Hospital School of Nursing,USA,United States,Tennessee,Nursing,
Mount Aloysius College,USA,United States,Pennsylvania,Nursing,
"Northeastern, Hospital School of Nursing Part of the Temple University Health System",USA,United States,Pennsylvania,Nursing,NEH
Ohio Valley General Hospital School of Nursing,USA,United States,Pennsylvania,Nursing,OVH
"Pennsylvania State University School of Nursing, Hershey and University Park",USA,United States,Pennsylvania,Nursing,Penn State
Pottsville Hospital School of Nursing,USA,United States,Pennsylvania,Nursing,LVHN
Roxborough Memorial Hospital School of Nursing,USA,United States,Pennsylvania,Nursing,
St. Luke's School of Nursing,USA,United States,Pennsylvania,Nursing,SLHN
"Thomas Jefferson University, Jefferson College of Health Professions Department of Nursing",USA,United States,Pennsylvania,Nursing,
University of Pennsylvania School of Nursing,USA,United States,Pennsylvania,Nursing,UPenn
University of Pittsburgh School of Nursing,USA,United States,Pennsylvania,Nursing,
UPMC Shadyside School of Nursing,USA,United States,Pennsylvania,Nursing,
Villanova University College of Nursing,USA,United States,Pennsylvania,Nursing,
Widener University Online Rn-BSn Chester,USA,United States,Pennsylvania,Nursing,
The University of Mount Olive,USA,United States,North Carolina,Nursing,UMO
Auburn University,USA,United States,Alabama,Nursing,
Auburn University- Auburn and Auburn University- Montgomery joint Master of Science in Nursing Program,USA,United States,Alabama,Nursing,
Auburn University Montgomery,USA,United States,Alabama,Nursing,
Auburn University-auburn and Auburn University-montgomery Joint Master of Science in Nursing Program,USA,United States,Alabama,Nursing,
Coastal Alabama Community College,USA,United States,Alabama,Nursing,
Jacksonville State University,USA,United States,Alabama,Nursing,JSU
Joint DNP Program University of Alabama,USA,United States,Alabama,Nursing,
Samford University,USA,United States,Alabama,Nursing,
Spring Hill College,USA,United States,Alabama,Nursing,SHC
University of Alabama at Birmingham,USA,United States,Alabama,Nursing,UAB
The University of Alabama in Huntsville,USA,United States,Alabama,Nursing,UAH
The University of Alabama,USA,United States,Alabama,Nursing,UA
University of Mobile,USA,United States,Alabama,Nursing,
University of North Alabama,USA,United States,Alabama,Nursing,UNA
University of South Alabama,USA,United States,Alabama,Nursing,USA
Arizona State University,USA,United States,Arizona,Nursing,ASU
Brookline College,USA,United States,Arizona,Nursing,
Grand Canyon University,USA,United States,Arizona,Nursing,GCU
Northern Arizona University,USA,United States,Arizona,Nursing,NAU
The University of Arizona,USA,United States,Arizona,Nursing,UA
University of Phoenix,USA,United States,Arizona,Nursing,
Henderson State University,USA,United States,Arkansas,Nursing,HSU
University of Arkansas,USA,United States,Arkansas,Nursing,UArk
University of Arkansas for Medical Sciences,USA,United States,Arkansas,Nursing,UAMS
University of Arkansas - Fort Smith,USA,United States,Arkansas,Nursing,UAFS
University of Central Arkansas,USA,United States,Arkansas,Nursing,UCA
American River College,USA,United States,California,Nursing,ARC
American University of Health Sciences,USA,United States,California,Nursing,AUHS
Azusa Pacific University,USA,United States,California,Nursing,APU
Biola University,USA,United States,California,Nursing,
Brandman University,USA,United States,California,Nursing,
Butte College,USA,United States,California,Nursing,
Cabrillo College,USA,United States,California,Nursing,
California Baptist University,USA,United States,California,Nursing,
"California State University, Bakersfield",USA,United States,California,Nursing,CSUB
"California State University, Channel Islands",USA,United States,California,Nursing,CSUCI
"California State University, Chico",USA,United States,California,Nursing,CSUChico
"California State University, Dominguez Hills",USA,United States,California,Nursing,CSUDH
"California State University, East Bay",USA,United States,California,Nursing,CSU East Bay
"California State University, Fresno",USA,United States,California,Nursing,CSU Fresno
"California State University, Fullerton",USA,United States,California,Nursing,CSUF
"California State University, Long Beach",USA,United States,California,Nursing,CSULB
"California State University, Los Angeles",USA,United States,California,Nursing,CSULA
"California State University, Monterey Bay",USA,United States,California,Nursing,CSUMB
"California State University, Northern California Consortium, Doctor of Nursing Practice",USA,United States,California,Nursing,CSU
"California State University, Northridge",USA,United States,California,Nursing,CSUN
"California State University, Sacremento",USA,United States,California,Nursing,CSUS
"California State University, San Bernardino",USA,United States,California,Nursing,CSUSB
"California State University, San Marcos",USA,United States,California,Nursing,CSUSM
"California State University, Stanislaus",USA,United States,California,Nursing,CASU Stan
California Nurses Educational Institute,USA,United States,California,Nursing,CNEI
Charles R. Drew University of Medicine and Science,USA,United States,California,Nursing,CDREWU
City College of San Francisco,USA,United States,California,Nursing,CCSF
College of the Redwoods,USA,United States,California,Nursing,
Concordia University Irvine,USA,United States,California,Nursing,CUI
Cuesta College,USA,United States,California,Nursing,
Dominican University of California,USA,United States,California,Nursing,
Fresno Pacific University,USA,United States,California,Nursing,
Holy Names University,USA,United States,California,Nursing,HNU
Loma Linda University,USA,United States,California,Nursing,LLU
Mendocino College,USA,United States,California,Nursing,
Merced College,USA,United States,California,Nursing,MCCD
Merritt College,USA,United States,California,Nursing,
"Mount St. Mary University, Los Angeles",USA,United States,California,Nursing,MSMU
National University,USA,United States,California,Nursing,NU
Pacific College,USA,United States,California,Nursing,
Pasadena City College,USA,United States,California,Nursing,
Point Loma Nazarene University,USA,United States,California,Nursing,
Samuel Merritt University,USA,United States,California,Nursing,
San Diego State University,USA,United States,California,Nursing,SDSU
San Francisco State University,USA,United States,California,Nursing,SFSU
San Jose State University,USA,United States,California,Nursing,SJSU
Shasta College,USA,United States,California,Nursing,
Shepherd University - Los Angeles,USA,United States,California,Nursing,
Sierra College,USA,United States,California,Nursing,
Simpson University,USA,United States,California,Nursing,
Southern California CSU DNP Consortium,USA,United States,California,Nursing,CSU
Stanbridge College,USA,United States,California,Nursing,
Touro University California,USA,United States,California,Nursing,TU
United States University,USA,United States,California,Nursing,
Unitek College,USA,United States,California,Nursing,
"University of California, Davis",USA,United States,California,Nursing,UC Davis
"University of California, Irvine",USA,United States,California,Nursing,UC Irvine
"University of California, Los Angeles",USA,United States,California,Nursing,UCLA
"University of California, San Francisco",USA,United States,California,Nursing,UCSF
University of San Diego,USA,United States,California,Nursing,UCSD
University of San Francisco,USA,United States,California,Nursing,UCSF
Vanguard University of Southern California,USA,United States,California,Nursing,
Victor Valley College,USA,United States,California,Nursing,VVC
West Coast University,USA,United States,California,Nursing,
Western University of Health Sciences,USA,United States,California,Nursing,
Yuba College,USA,United States,California,Nursing,YC
American Career College,USA,United States,California,Nursing,
Adams State University,USA,United States,Colorado,Nursing,
American Sentinel University,USA,United States,Colorado,Nursing,
Aspen University,USA,United States,Colorado,Nursing,
Colorado Christian University,USA,United States,Colorado,Nursing,CCU
Colorado Mesa University,USA,United States,Colorado,Nursing,CMU
Colorado Mountain College,USA,United States,Colorado,Nursing,CMC
Colorado Technical University,USA,United States,Colorado,Nursing,CTU
Regis University,USA,United States,Colorado,Nursing,
University of Colorado,USA,United States,Colorado,Nursing,CU
University of Colorado at Colorado Springs,USA,United States,Colorado,Nursing,UCCS
University of Northern Colorado,USA,United States,Colorado,Nursing,UNCO
Central Connecticut State University,USA,United States,Connecticut,Nursing,CCSU
Fairfield University,USA,United States,Connecticut,Nursing,
Goodwin University,USA,United States,Connecticut,Nursing,
Lincoln College of New England,USA,United States,Connecticut,Nursing,
Quinnipiac University,USA,United States,Connecticut,Nursing,QU
Sacred Heart University,USA,United States,Connecticut,Nursing,
Southern Connecticut State University,USA,United States,Connecticut,Nursing,
University of Connecticut,USA,United States,Connecticut,Nursing,UConn
University of Hartford,USA,United States,Connecticut,Nursing,
University of Saint Joseph,USA,United States,Connecticut,Nursing,USJ
Western Connecticut State University,USA,United States,Connecticut,Nursing,WCSU
Yale University,USA,United States,Connecticut,Nursing,
University of Delaware,USA,United States,Delaware,Nursing,UDEL
Wilmington University,USA,United States,Delaware,Nursing,Wilmu
The Catholic University of America,USA,United States,Washington D.C.,Nursing,CUA
George Washington University,USA,United States,Washington D.C.,Nursing,GW
Georgetown University,USA,United States,Washington D.C.,Nursing,
Howard University,USA,United States,Washington D.C.,Nursing,
Trinity Washington University,USA,United States,Washington D.C.,Nursing,
Barry University,USA,United States,Florida,Nursing,
Brewster Technical College,USA,United States,Florida,Nursing,
Broward College,USA,United States,Florida,Nursing,
ECPI University-Orlando,USA,United States,Florida,Nursing,
Florida Atlantic University,USA,United States,Florida,Nursing,FAU
Florida Gateway College,USA,United States,Florida,Nursing,FGC
Florida Gulf Coast University,USA,United States,Florida,Nursing,FGCU
Florida International University,USA,United States,Florida,Nursing,FIU
Florida National University,USA,United States,Florida,Nursing,FNU
Florida Southern College,USA,United States,Florida,Nursing,FSC
Florida State University,USA,United States,Florida,Nursing,FSU
Gulf Coast State College,USA,United States,Florida,Nursing,
"Herzing University, Orlando",USA,United States,Florida,Nursing,
Jacksonville University,USA,United States,Florida,Nursing,
Keiser University,USA,United States,Florida,Nursing,
Miami Dade College,USA,United States,Florida,Nursing,MDC
Northwest Florida State College,USA,United States,Florida,Nursing,NWFSC
Nova Southeastern University,USA,United States,Florida,Nursing,NSU
Okaloosa Technical College,USA,United States,Florida,Nursing,
Palm Beach Atlantic University,USA,United States,Florida,Nursing,PBA
Pasco-hernando State College,USA,United States,Florida,Nursing,PHSC
Pensacola Christian College,USA,United States,Florida,Nursing,PCCI
Pensacola State College,USA,United States,Florida,Nursing,PSC
Santa Fe College,USA,United States,Florida,Nursing,
Southern Technical College Fort Myers,USA,United States,Florida,Nursing,
Southeastern University,USA,United States,Florida,Nursing,SEU
St. Petersburg College,USA,United States,Florida,Nursing,
University of Central Florida,USA,United States,Florida,Nursing,UCF
University of Florida,USA,United States,Florida,Nursing,UFL
University of Miami,USA,United States,Florida,Nursing,UM
University of North Florida,USA,United States,Florida,Nursing,UNF
University of South Florida,USA,United States,Florida,Nursing,USF
University of St. Augustine Health Sciences,USA,United States,Florida,Nursing,USA
University of West Florida,USA,United States,Florida,Nursing,UWF
Armstrong State University,USA,United States,Georgia,Nursing,
Augusta University,USA,United States,Georgia,Nursing,
Berry College,USA,United States,Georgia,Nursing,
Brenau University,USA,United States,Georgia,Nursing,
Clayton State University,USA,United States,Georgia,Nursing,CSU
Columbus State University,USA,United States,Georgia,Nursing,CSU
Emory University,USA,United States,Georgia,Nursing,
Georgia College & State University,USA,United States,Georgia,Nursing,GCSU
Georgia Gwinnett College,USA,United States,Georgia,Nursing,GGC
Georgia Intercollegiate Consortium for Graduate Nursing Education,USA,United States,Georgia,Nursing,GICGNE
Georgia Southern University,USA,United States,Georgia,Nursing,
Georgia Southwestern State University,USA,United States,Georgia,Nursing,GSW
Georgia State University,USA,United States,Georgia,Nursing,GSU
"Herzing University, Atlanta",USA,United States,Georgia,Nursing,
Kennesaw State University,USA,United States,Georgia,Nursing,
Mercer University,USA,United States,Georgia,Nursing,
Shorter University,USA,United States,Georgia,Nursing,
South University,USA,United States,Georgia,Nursing,
Plymouth University,USA,United States,New Hampshire,Nursing,
Truett Mcconnell University,USA,United States,Georgia,Nursing,
University of West Georgia,USA,United States,Georgia,Nursing,UWG
Valdosta State University,USA,United States,Georgia,Nursing,
Wesleyan College,USA,United States,Georgia,Nursing,
Chaminade University of Honolulu,USA,United States,Hawaii,Nursing,
Hawaii Pacific University,USA,United States,Hawaii,Nursing,HPU
University of Hawaii at Manoa,USA,United States,Hawaii,Nursing,
University of Hawaii Hilo,USA,United States,Hawaii,Nursing,
Boise State University,USA,United States,Idaho,Nursing,
Brigham Young University - Idaho,USA,United States,Idaho,Nursing,
College of Southern Idaho,USA,United States,Idaho,Nursing,CSI
College of Western Idaho,USA,United States,Idaho,Nursing,CWI
Idaho State University,USA,United States,Idaho,Nursing,ISU
Lewis-Clark State College,USA,United States,Idaho,Nursing,LCSC
Northwest Nazarene University,USA,United States,Idaho,Nursing,NNU
North Idaho College,USA,United States,Idaho,Nursing,NIC
Aurora University,USA,United States,Idaho,Nursing,
Benedictine University,USA,United States,Illinois,Nursing,
Blessing-Rieman College of Nursing and Health Sciences,USA,United States,Illinois,Nursing,BRCN
Bradley University,USA,United States,Illinois,Nursing,
Chamberlain College of Nursing,USA,United States,Illinois,Nursing,
Depaul University,USA,United States,Illinois,Nursing,
Dominican University-illinois,USA,United States,Illinois,Nursing,
Eastern Illinois University,USA,United States,Illinois,Nursing,
Elmhurst College,USA,United States,Illinois,Nursing,
Illinois State University,USA,United States,Illinois,Nursing,ISU
Illinois Wesleyan University,USA,United States,Illinois,Nursing,IWU
John A. Logan College,USA,United States,Illinois,Nursing,JALC
Kaplan University,USA,United States,Iowa,Nursing,
Lakeview College of Nursing,USA,United States,Illinois,Nursing,
Lewis University,USA,United States,Illinois,Nursing,
Loyola University Chicago,USA,United States,Illinois,Nursing,LUC
MacMurray College,USA,United States,Illinois,Nursing,Mac
Mckendree University,USA,United States,Illinois,Nursing,
Methodist College,USA,United States,Illinois,Nursing,
Millikin University,USA,United States,Illinois,Nursing,
North Park University,USA,United States,Illinois,Nursing,NPU
Northern Illinois University,USA,United States,Illinois,Nursing,NIU
Olivet Nazarene University,USA,United States,Illinois,Nursing,
Resurrection University,USA,United States,Illinois,Nursing,
Rush University,USA,United States,Illinois,Nursing,
Saint Anthony College of Nursing,USA,United States,Illinois,Nursing,OSF
Saint Xavier University,USA,United States,Illinois,Nursing,SXU
Southern Illinois University Edwardsville,USA,United States,Illinois,Nursing,SIUE
Trinity Christian College,USA,United States,Illinois,Nursing,
Trinity College of Nursing and Health Sciences,USA,United States,Illinois,Nursing,
University of Illinois at Chicago,USA,United States,Illinois,Nursing,UIC
University of St. Francis,USA,United States,Illinois,Nursing,
Western Illinois University,USA,United States,Illinois,Nursing,WIU
Anderson University,USA,United States,Indiana,Nursing,
Ball State University,USA,United States,Indiana,Nursing,BSU
Goshen College,USA,United States,Indiana,Nursing,
Harrison College,USA,United States,Indiana,Nursing,
Huntington University,USA,United States,Indiana,Nursing,
Indiana University Kokomo,USA,United States,Indiana,Nursing,IUK
Indiana University South Bend,USA,United States,Indiana,Nursing,IUSB
Indiana University Southeast,USA,United States,Indiana,Nursing,IUSB
Indiana University - Prude University Columbus,USA,United States,Indiana,Nursing,IUPUC
Indiana University - Prude University Fort Wayne,USA,United States,Indiana,Nursing,
Indiana University - Prude University Indianapolis,USA,United States,Indiana,Nursing,
Indiana Wesleyan University,USA,United States,Indiana,Nursing,
Marian University,USA,United States,Indiana,Nursing,
Purdue University,USA,United States,Indiana,Nursing,
Saint Joseph's College,USA,United States,Indiana,Nursing,
Saint Mary-of-the-Woods College,USA,United States,Indiana,Nursing,SMWC
Saint Mary's College - Indiana,USA,United States,Indiana,Nursing,
University of Indianapolis,USA,United States,Indiana,Nursing,UIndy
University of Saint Francis,USA,United States,Indiana,Nursing,SF
University of Southern Indiana,USA,United States,Indiana,Nursing,USI
Valparaiso University,USA,United States,Indiana,Nursing,
Allen College,USA,United States,Iowa,Nursing,
Briar Cliff University,USA,United States,Iowa,Nursing,
Clarke University,USA,United States,Iowa,Nursing,
Coe College,USA,United States,Iowa,Nursing,
Dordt College,USA,United States,Iowa,Nursing,
Grand View University,USA,United States,Iowa,Nursing,
Luther College,USA,United States,Iowa,Nursing,
Mercy College of Health Sciences,USA,United States,Iowa,Nursing,MCHS
Morningside College,USA,United States,Iowa,Nursing,
Mount Mercy University,USA,United States,Iowa,Nursing,
Northwestern College,USA,United States,Iowa,Nursing,
St. Ambrose University,USA,United States,Iowa,Nursing,SAU
St. Luke College's - Unity Point Health,USA,United States,Iowa,Nursing,
University of Dubuque,USA,United States,Iowa,Nursing,DBQ
The University of Iowa,USA,United States,Iowa,Nursing,
Upper Iowa University,USA,United States,Iowa,Nursing,
Southeastern Community College,USA,United States,Iowa,Nursing,
William Penn University,USA,United States,Iowa,Nursing,WMPenn
Baker University,USA,United States,Kansas,Nursing,
Benedictine College,USA,United States,Kansas,Nursing,
Bethel College,USA,United States,Kansas,Nursing,
Fort Hays State University,USA,United States,Kansas,Nursing,FHSU
MidAmerica Nazarene University,USA,United States,Kansas,Nursing,MNU
Newman University,USA,United States,Kansas,Nursing,
Ottawa University,USA,United States,Kansas,Nursing,"OU, OUKS, OUAZ"
Pittsburg State University,USA,United States,Kansas,Nursing,
Southwestern College,USA,United States,Kansas,Nursing,SCKANS
Tabor College,USA,United States,Kansas,Nursing,
University of Kansas,USA,United States,Kansas,Nursing,UK
University of Saint Mary,USA,United States,Kansas,Nursing,
Washburn University of Topeka,USA,United States,Kansas,Nursing,
Wichita State University,USA,United States,Kansas,Nursing,
Wichita Technical College ,USA,United States,Kansas,Nursing,WSU
Beckfield College,USA,United States,Kentucky,Nursing,
Bellarmine University,USA,United States,Kentucky,Nursing,
Berea College,USA,United States,Kentucky,Nursing,
Eastern Kentucky University,USA,United States,Kentucky,Nursing,EKU
Galen College of Nursing,USA,United States,Kentucky,Nursing,
Kentucky Christian University,USA,United States,Kentucky,Nursing,KCU
Lindsey Wilson College,USA,United States,Kentucky,Nursing,
Morehead State University,USA,United States,Kentucky,Nursing,
Murray State University,USA,United States,Kentucky,Nursing,
Northern Kentucky University,USA,United States,Kentucky,Nursing,NKU
Spalding University,USA,United States,Kentucky,Nursing,
Sullivan University,USA,United States,Kentucky,Nursing,
Union College-Kentucky,USA,United States,Kentucky,Nursing,Union KY
University of Kentucky,USA,United States,Kentucky,Nursing,UKY
University of Louisville,USA,United States,Kentucky,Nursing,
University of the Cumberlands,USA,United States,Kentucky,Nursing,
Western Kentucky University,USA,United States,Kentucky,Nursing,WKU
Elizabethtown Community College,USA,United States,Kentucky,Nursing,ECTC
Intercollegiate Consortium for a Master of Science in Nursing,USA,United States,Louisiana,Nursing,ICMSN
Louisiana College,USA,United States,Louisiana,Nursing,
Louisiana State University Health Sciences Center,USA,United States,Louisiana,Nursing,LSU
Loyola University New Orleans,USA,United States,Louisiana,Nursing,
McNeese State University,USA,United States,Louisiana,Nursing,
Nicholls State University,USA,United States,Louisiana,Nursing,
Northwestern State University of Louisiana,USA,United States,Louisiana,Nursing,NSULA
Southeastern Louisiana University,USA,United States,Louisiana,Nursing,
Southern University and A&M College,USA,United States,Louisiana,Nursing,SUBR
The University of Louisiana at Lafayette,USA,United States,Louisiana,Nursing,
The University of Louisiana at Monroe,USA,United States,Louisiana,Nursing,
Husson University,USA,United States,Maine,Nursing,
Saint Joseph's College of Maine,USA,United States,Maine,Nursing,SJCME
University of Maine,USA,United States,Maine,Nursing,
University of Maine at Fort Kent,USA,United States,Maine,Nursing,UMFK
University of Southern Maine,USA,United States,Maine,Nursing,USM
Coppin State University,USA,United States,Maryland,Nursing,
Frostburg State University,USA,United States,Maryland,Nursing,
Hood College,USA,United States,Maryland,Nursing,
Johns Hopkins University,USA,United States,Maryland,Nursing,JHU
Morgan State University,USA,United States,Maryland,Nursing,
Salisbury University,USA,United States,Maryland,Nursing,
Stevenson University,USA,United States,Maryland,Nursing,
Towson University,USA,United States,Maryland,Nursing,
Uniformed Services University of the Health Sciences,USA,United States,Maryland,Nursing,USUHS
University of Maryland,USA,United States,Maryland,Nursing,UMD
University of Maryland University College,USA,United States,Maryland,Nursing,UMGC
Washington Adventist University,USA,United States,Maryland,Nursing,WAU
American International College,USA,United States,Massachusetts,Nursing,AIC
Boston College,USA,United States,Massachusetts,Nursing,BC
Curry College,USA,United States,Massachusetts,Nursing,
Elms College,USA,United States,Massachusetts,Nursing,
Emmanuel College Boston,USA,United States,Massachusetts,Nursing,
Fisher College,USA,United States,Massachusetts,Nursing,
Fitchburg State University,USA,United States,Massachusetts,Nursing,
Framingham State University,USA,United States,Massachusetts,Nursing,
Laboure College,USA,United States,Massachusetts,Nursing,
Massachusetts College of Pharmacy and Health Sciences ,USA,United States,Massachusetts,Nursing,MCPHS
MGH Institute of Health Professions,USA,United States,Massachusetts,Nursing,
Northeastern University,USA,United States,Massachusetts,Nursing,
Salem State University,USA,United States,Massachusetts,Nursing,
Simmons College,USA,United States,Massachusetts,Nursing,
University of Massachusetts Amherst,USA,United States,Massachusetts,Nursing,UMass
University of Massachusetts Boston,USA,United States,Massachusetts,Nursing,UMass
University of Massachusetts Dartmouth,USA,United States,Massachusetts,Nursing,UMass
University of Massachusetts Lowell,USA,United States,Massachusetts,Nursing,UMass
University of Massachusetts Medical School,USA,United States,Massachusetts,Nursing,UMass
Westfield State University,USA,United States,Massachusetts,Nursing,
Worcester State University,USA,United States,Massachusetts,Nursing,
Baker College,USA,United States,Michigan,Nursing,
Calvin College,USA,United States,Michigan,Nursing,
Davenport University,USA,United States,Michigan,Nursing,
Dorsey Schools - Saginaw Campus,USA,United States,Michigan,Nursing,
Eastern Michigan University,USA,United States,Michigan,Nursing,EMich
Finlandia University,USA,United States,Michigan,Nursing,
Grand Valley State University,USA,United States,Michigan,Nursing,GVSU
Hope College,USA,United States,Michigan,Nursing,
Lake Superior State University,USA,United States,Michigan,Nursing,LSSU
Madonna University,USA,United States,Michigan,Nursing,
Michigan State University,USA,United States,Michigan,Nursing,MSU
Northern Michigan University,USA,United States,Michigan,Nursing,NMU
Oakland University,USA,United States,Michigan,Nursing,
Rochester College,USA,United States,Michigan,Nursing,
Saginaw Valley State University,USA,United States,Michigan,Nursing,SVSU
Siena Heights University,USA,United States,Michigan,Nursing,
Spring Arbor University,USA,United States,Michigan,Nursing,SAU
University of Detroit Mercy,USA,United States,Michigan,Nursing,
University of Michigan - Ann Arbor,USA,United States,Michigan,Nursing,UMich
University of Michigan - Flint,USA,United States,Michigan,Nursing,
Wayne State University,USA,United States,Michigan,Nursing,
Western Michigan University,USA,United States,Michigan,Nursing,WMU
Augsburg College,USA,United States,Minnesota,Nursing,
Bemidji State University,USA,United States,Minnesota,Nursing,
Bethel University - Minnesota,USA,United States,Minnesota,Nursing,
Capella University,USA,United States,Minnesota,Nursing,
College of Saint Benedict,USA,United States,Minnesota,Nursing,
College of Saint Benedict/ Saint John's University,USA,United States,Minnesota,Nursing,CSBSJU
The College of St. Scholastica,USA,United States,Minnesota,Nursing,CSS
Concordia College - Moorhead,USA,United States,Minnesota,Nursing,
Concordia University Saint Paul,USA,United States,Minnesota,Nursing,CSP
Crown College,USA,United States,Minnesota,Nursing,
Globe University/Minnesota School of Business,USA,United States,Minnesota,Nursing,
Gustavus Adolphus College,USA,United States,Minnesota,Nursing,
"Herzing University, Minneapolis",USA,United States,Minnesota,Nursing,
Metropolitan State University,USA,United States,Minnesota,Nursing,
Minnesota State University Mankato,USA,United States,Minnesota,Nursing,
Minnesota State University Moorhead,USA,United States,Minnesota,Nursing,MSUM
Minnesota State Community and Technical College,USA,United States,Minnesota,Nursing,
Rasmussen College,USA,United States,Minnesota,Nursing,
Saint John's University,USA,United States,Minnesota,Nursing,CSBSJU
Saint Mary's University of Minnesota,USA,United States,Minnesota,Nursing,
Southwest Minnesota State University,USA,United States,Minnesota,Nursing,SMSU
St. Catherine University,USA,United States,Minnesota,Nursing,
St. Cloud State University,USA,United States,Minnesota,Nursing,
St. Olaf College,USA,United States,Minnesota,Nursing,
University of Minnesota,USA,United States,Minnesota,Nursing,
University of Northwestern- St. Paul,USA,United States,Minnesota,Nursing,UNWSP
Walden University,USA,United States,Minnesota,Nursing,
Winona State University,USA,United States,Minnesota,Nursing,
Belhaven University,USA,United States,Mississippi,Nursing,
Delta State University,USA,United States,Mississippi,Nursing,
Mississippi College,USA,United States,Mississippi,Nursing,MC
Mississippi University of Women,USA,United States,Mississippi,Nursing,MUW
University of Mississippi Medical Center,USA,United States,Mississippi,Nursing,UMC
The University of Southern Mississippi,USA,United States,Mississippi,Nursing,USM
William Carey University,USA,United States,Mississippi,Nursing,
Avila University,USA,United States,Mississippi,Nursing,
Barnes-Jewish College,USA,United States,Missouri,Nursing,
Central Methodist University,USA,United States,Missouri,Nursing,CMU
College of the Ozarks,USA,United States,Missouri,Nursing,
Columbia College,USA,United States,Missouri,Nursing,CCIS
Cox College,USA,United States,Missouri,Nursing,
Graceland University,USA,United States,Missouri,Nursing,
Hannibal-LaGrange University,USA,United States,Missouri,Nursing,HLG
Lindenwood University,USA,United States,Missouri,Nursing,
Maryville University of St. Louis,USA,United States,Missouri,Nursing,
Missouri State University,USA,United States,Missouri,Nursing,
Missouri Valley College,USA,United States,Missouri,Nursing,
Missouri Western State University,USA,United States,Missouri,Nursing,
Research College of Nursing,USA,United States,Missouri,Nursing,
Saint Louis University,USA,United States,Missouri,Nursing,SLU
Saint Luke's College of Health Sciences,USA,United States,Missouri,Nursing,
Southeast Missouri State University,USA,United States,Missouri,Nursing,SEMO
Truman State University,USA,United States,Missouri,Nursing,
University of Central Missouri,USA,United States,Missouri,Nursing,UCM
University of Central Missouri - Columbia,USA,United States,Missouri,Nursing,
University of Central Missouri - Kansas City,USA,United States,Missouri,Nursing,
University of Central Missouri - St. Louis,USA,United States,Missouri,Nursing,
William Jewell College,USA,United States,Missouri,Nursing,
Cass Career Center,USA,United States,Missouri,Nursing,
Carroll College - Montana,USA,United States,Montana,Nursing,
Montana State University,USA,United States,Montana,Nursing,MSU
Montana Tech of the University of Montana,USA,United States,Montana,Nursing,
University of Great Falls,USA,United States,Montana,Nursing,
Concordia University Nebraska,USA,United States,Nebraska,Nursing,CUNE
Creighton University,USA,United States,Nebraska,Nursing,
Doane University,USA,United States,Nebraska,Nursing,
Nebraska Methodist College,USA,United States,Nebraska,Nursing,
Nebraska Wesleyan University,USA,United States,Nebraska,Nursing,
Union College - Nebraska,USA,United States,Nebraska,Nursing,
University of Nebraska Medical Center,USA,United States,Nebraska,Nursing,UNMC
Nevada State College,USA,United States,Nevada,Nursing,
Touro University Nevada,USA,United States,Nevada,Nursing,NSC
University of Nevada Doctor of Nursing Practice Program,USA,United States,Nevada,Nursing,
"University of Neveda, Las Vegas",USA,United States,Nevada,Nursing,UNLV
"University of Nevada, Reno",USA,United States,Nevada,Nursing,UNR
Colby-Sawyer College,USA,United States,New Hampshire,Nursing,
Granite State College,USA,United States,New Hampshire,Nursing,
Keene State College,USA,United States,New Hampshire,Nursing,
Plymouth State University,USA,United States,New Hampshire,Nursing,
Saint Anselm College,USA,United States,New Hampshire,Nursing,
Southern New Hampshire University,USA,United States,New Hampshire,Nursing,SNHU
University of New Hampshire,USA,United States,New Hampshire,Nursing,UNH
Bloomfield College,USA,United States,New Jersey,Nursing,
Caldwell University,USA,United States,New Jersey,Nursing,
The College of New Jersey,USA,United States,New Jersey,Nursing,
Fairleigh Dickinson University,USA,United States,New Jersey,Nursing,FDU
Felician University,USA,United States,New Jersey,Nursing,
Georgian Court University,USA,United States,New Jersey,Nursing,
Monmouth University,USA,United States,New Jersey,Nursing,
Rider University,USA,United States,New Jersey,Nursing,
Rowan University,USA,United States,New Jersey,Nursing,
The State University of New Jersey-camden Rutgers,USA,United States,New Jersey,Nursing,
The State University of New Jersey-newark Rutgers,USA,United States,New Jersey,Nursing,
Saint Peter's University,USA,United States,New Jersey,Nursing,
Seton Hall University,USA,United States,New Jersey,Nursing,SHU
Stockton University,USA,United States,New Jersey,Nursing,
Thomas Edison State University,USA,United States,New Jersey,Nursing,TESU
William Paterson University of New Jersey,USA,United States,New Jersey,Nursing,WPUNJ
New Mexico Highlands University,USA,United States,New Mexico,Nursing,
New Mexico State University,USA,United States,New Mexico,Nursing,NMSU
Northern New Mexico College,USA,United States,New Mexico,Nursing,
University of New Mexico,USA,United States,New Mexico,Nursing,UNM
Western New Mexico University,USA,United States,New Mexico,Nursing,WNMU
Adelphi University,USA,United States,New York,Nursing,
Alfred State College SUNY College of Technology,USA,United States,New York,Nursing,
American University of Beirut - NY Office,USA,United States,New York,Nursing,AUB
Binghamton University,USA,United States,New York,Nursing,
The College at Brockport,USA,United States,New York,Nursing,
College of Mount Saint Vincent,USA,United States,New York,Nursing,
College of New Rochelle,USA,United States,New York,Nursing,CNR
Columbia University,USA,United States,New York,Nursing,
Concordia College New York,USA,United States,New York,Nursing,
CUNY School of Professional Studies,USA,United States,New York,Nursing,
Dominican College of Blauvelt,USA,United States,New York,Nursing,
D'Youville College,USA,United States,New York,Nursing,DYC
Farmingdale State College,USA,United States,New York,Nursing,
Hartwick College,USA,United States,New York,Nursing,
Helene Fuld College of Nursing,USA,United States,New York,Nursing,
Hunter College of the City University of New York,USA,United States,New York,Nursing,
Keuka College,USA,United States,New York,Nursing,
Le Moyne College,USA,United States,New York,Nursing,
Lebanese American University - New York,USA,United States,New York,Nursing,LAU
Lehman College - the City University of New York,USA,United States,New York,Nursing,
"Long Island University, Brooklyn Campus",USA,United States,New York,Nursing,
"Long Island University, C. W. Post Campus",USA,United States,New York,Nursing,
Mercy College,USA,United States,New York,Nursing,
Molloy College,USA,United States,New York,Nursing,
Monroe College,USA,United States,New York,Nursing,
Mount Saint Mary College,USA,United States,New York,Nursing,MSMC
Nazareth College,USA,United States,New York,Nursing,
New York Institute of Technology,USA,United States,New York,Nursing,NYIT
New York University,USA,United States,New York,Nursing,NYU
Niagara University,USA,United States,New York,Nursing,
Nyack College,USA,United States,New York,Nursing,
Pace University,USA,United States,New York,Nursing,
Phillips School of Nursing at Mount Sinai Beth Israel,USA,United States,New York,Nursing,
Plattsburgh State University of New York,USA,United States,New York,Nursing,
Roberts Wesleyan College,USA,United States,New York,Nursing,
The Sage Colleges,USA,United States,New York,Nursing,
St. Francis College,USA,United States,New York,Nursing,SFC
St. John Fisher College,USA,United States,New York,Nursing,
St. Paul's School of Nursing,USA,United States,New York,Nursing,
State University of New York Downstate Medical Center,USA,United States,New York,Nursing,SUNY
State University of New York Empire State College,USA,United States,New York,Nursing,SUNY
State University of New York Polytechnic Institute - Rome,USA,United States,New York,Nursing,SUNY Poly
State University of New York Upstate Medical University,USA,United States,New York,Nursing,SUNY
Stony Brook University,USA,United States,New York,Nursing,
Touro College,USA,United States,New York,Nursing,
"University at Buffalo, State University of New York",USA,United States,New York,Nursing,
University of Rochester,USA,United States,New York,Nursing,
Utica College,USA,United States,New York,Nursing,
Molloy University,USA,United States,New York,Nursing,
Asheville-Buncombe Technical Community College,USA,United States,North Carolina,Nursing,
Appalachian State University,USA,United States,North Carolina,Nursing,
Barton College,USA,United States,North Carolina,Nursing,
Cabarrus College of Health Sciences,USA,United States,North Carolina,Nursing,
Duke University,USA,United States,North Carolina,Nursing,
East Carolina University,USA,United States,North Carolina,Nursing,ECU
Fayetteville State University,USA,United States,North Carolina,Nursing,UNCFSU
Lees-McRae College,USA,United States,North Carolina,Nursing,
Lenoir-Rhyne University,USA,United States,North Carolina,Nursing,LR
Methodist University,USA,United States,North Carolina,Nursing,
Pfeiffer University,USA,United States,North Carolina,Nursing,
Queens University of Charlotte,USA,United States,North Carolina,Nursing,
South Piedmont Community College,USA,United States,North Carolina,Nursing,SPCC
University of North Carolina- Charlotte/Western Carolina University Dual DNP Program,USA,United States,North Carolina,Nursing,UNC/WCU
University of Mount Olive,USA,United States,North Carolina,Nursing,UMO
University of North Carolina at Chapel Hill,USA,United States,North Carolina,Nursing,UNC
The University of North Carolina at Charlotte,USA,United States,North Carolina,Nursing,
University of North Carolina at Greensboro,USA,United States,North Carolina,Nursing,UNCG
University of North Carolina at Pembroke,USA,United States,North Carolina,Nursing,UNCP
University of North Carolina at Wilmington,USA,United States,North Carolina,Nursing,UNCW
Western Carolina University - Cullowhee,USA,United States,North Carolina,Nursing,WCU
Winston-Salem State University,USA,United States,North Carolina,Nursing,
Mayville State University,USA,United States,North Dakota,Nursing,
North Dakota State University,USA,United States,North Dakota,Nursing,NDSU
University of Mary,USA,United States,North Dakota,Nursing,
University of North Dakota,USA,United States,North Dakota,Nursing,UND
Ashland University,USA,United States,Ohio,Nursing,
Aultman College of Nursing and Health Sciences,USA,United States,Ohio,Nursing,
Baldwin Wallace University,USA,United States,Ohio,Nursing,
Bowling Green State University,USA,United States,Ohio,Nursing,BGSU
Bryant & Stratton College - Parma,USA,United States,Ohio,Nursing,
Capital University,USA,United States,Ohio,Nursing,
Case Western Reserve University,USA,United States,Ohio,Nursing,
Cedarville University,USA,United States,Ohio,Nursing,
The Christ College of Nursing and Health Science,USA,United States,Ohio,Nursing,
Cleveland State University,USA,United States,Ohio,Nursing,CSUOhio
Defiance College,USA,United States,Ohio,Nursing,
Fortis College,USA,United States,Ohio,Nursing,
Franciscan University of Steubenville,USA,United States,Ohio,Nursing,
Franklin University,USA,United States,Ohio,Nursing,
Hiram College,USA,United States,Ohio,Nursing,
Hondros College of Nursing,USA,United States,Ohio,Nursing,
Lourdes University,USA,United States,Ohio,Nursing,
Malone University,USA,United States,Ohio,Nursing,
Mercy College of Ohio,USA,United States,Ohio,Nursing,
Miami University,USA,United States,Ohio,Nursing,
Miami Valley Career Technology Center,USA,United States,Ohio,Nursing,MVCTC
Mount Carmel College of Nursing,USA,United States,Ohio,Nursing,MCCN
Mount St. Joseph University,USA,United States,Ohio,Nursing,MSJ
Mount Vernon Nazarene University,USA,United States,Ohio,Nursing,MVNU
Muskingum University,USA,United States,Ohio,Nursing,
Notre Dame University,USA,United States,Ohio,Nursing,ND
Ohio Christian University,USA,United States,Ohio,Nursing,OCU
Ohio Northern University,USA,United States,Ohio,Nursing,ONH
The Ohio State University,USA,United States,Ohio,Nursing,Ohio State / OSU
Ohio University,USA,United States,Ohio,Nursing,
Otterbein University,USA,United States,Ohio,Nursing,
The University of Akron,USA,United States,Ohio,Nursing,
University of Cincinnati,USA,United States,Ohio,Nursing,UC
University of Mount Union,USA,United States,Ohio,Nursing,
University of Toledo,USA,United States,Ohio,Nursing,
University of Toledo Consortium,USA,United States,Ohio,Nursing,
Urbana University,USA,United States,Ohio,Nursing,
Ursuline College,USA,United States,Ohio,Nursing,
Walsh University,USA,United States,Ohio,Nursing,
Wittenberg University,USA,United States,Ohio,Nursing,
Wright State University,USA,United States,Ohio,Nursing,
Wright State University/University of Toledo DNP Program Consortium,USA,United States,Ohio,Nursing,
Xavier University,USA,United States,Ohio,Nursing,
Bacone College,USA,United States,Oklahoma,Nursing,
Oklahoma Baptist University,USA,United States,Oklahoma,Nursing,OBU
Oklahoma Christian University,USA,United States,Oklahoma,Nursing,OC
Oklahoma Wesleyan University,USA,United States,Oklahoma,Nursing,OKWU
Oral Roberts University,USA,United States,Oklahoma,Nursing,ORU
Southern Nazarene University,USA,United States,Oklahoma,Nursing,SNU
St. Gregory's University,USA,United States,Oklahoma,Nursing,
University of Central Oklahoma,USA,United States,Oklahoma,Nursing,UCO
The University of Oklahoma Health Sciences Center,USA,United States,Oklahoma,Nursing,OUHSC
Concordia University Portland,USA,United States,Oregon,Nursing,
George Fox University,USA,United States,Oregon,Nursing,
Lane Community College,USA,United States,Oregon,Nursing,
Linfield College,USA,United States,Oregon,Nursing,
Oregon Health & Science University,USA,United States,Oregon,Nursing,OHSU
University of Portland,USA,United States,Oregon,Nursing,UP
Oregon Health and Sciences,USA,United States,Oregon,Nursing,OHSU
Alvernia University,USA,United States,Pennslyvania,Nursing,
Bloomsburg University of Pennsylvania,USA,United States,Pennslyvania,Nursing,
California University of Pennsylvania,USA,United States,Pennslyvania,Nursing,CALU
Carlow University,USA,United States,Pennslyvania,Nursing,
Chatham University,USA,United States,Pennslyvania,Nursing,
DeSales University,USA,United States,Pennslyvania,Nursing,
Drexel University,USA,United States,Pennslyvania,Nursing,
Duquesne University,USA,United States,Pennslyvania,Nursing,
Eastern University,USA,United States,Pennslyvania,Nursing,
Edinboro University of Pennsylvania,USA,United States,Pennslyvania,Nursing,
Gannon University,USA,United States,Pennslyvania,Nursing,
Holy Family University,USA,United States,Pennslyvania,Nursing,
Immaculata University,USA,United States,Pennslyvania,Nursing,
Indiana University of Pennsylvania,USA,United States,Pennslyvania,Nursing,IUP
La Salle University,USA,United States,Pennslyvania,Nursing,
Lincoln University,USA,United States,Pennslyvania,Nursing,
Marywood University,USA,United States,Pennslyvania,Nursing,
Messiah College,USA,United States,Pennslyvania,Nursing,
Misericordia University,USA,United States,Pennslyvania,Nursing,MU
Moravian College,USA,United States,Pennslyvania,Nursing,
Pennsylvania College of Health Sciences,USA,United States,Pennslyvania,Nursing,
The Pennsylvania State University,USA,United States,Pennslyvania,Nursing,PSU
Robert Morris University,USA,United States,Pennslyvania,Nursing,RMU
Saint Francis University,USA,United States,Pennslyvania,Nursing,
Temple University,USA,United States,Pennslyvania,Nursing,
Thomas Jefferson University,USA,United States,Pennslyvania,Nursing,TJU
University of Pennsylvania,USA,United States,Pennslyvania,Nursing,
University of Pittsburgh,USA,United States,Pennslyvania,Nursing,
University of Scranton,USA,United States,Pennslyvania,Nursing,
Villanova University,USA,United States,Pennslyvania,Nursing,
Waynesburg University,USA,United States,Pennslyvania,Nursing,
West Chester University of Pennsylvania,USA,United States,Pennslyvania,Nursing,WCUPA
Widener University,USA,United States,Pennslyvania,Nursing,
Wilkes University,USA,United States,Pennslyvania,Nursing,
York College of Pennsylvania,USA,United States,Pennslyvania,Nursing,
Rhode Island College,USA,United States,Rhode Island,Nursing,
Salve Regina University,USA,United States,Rhode Island,Nursing,
University of Rhode Island,USA,United States,Rhode Island,Nursing,URI
Anderson University,USA,United States,South Carolina,Nursing,AU
Clemson University,USA,United States,South Carolina,Nursing,
Lander University,USA,United States,South Carolina,Nursing,
Medical University of South Carolina,USA,United States,South Carolina,Nursing,MUSC
Newberry College,USA,United States,South Carolina,Nursing,
University of South Carolina,USA,United States,South Carolina,Nursing,SC
University of South Carolina Aiken,USA,United States,South Carolina,Nursing,USC
University of South Carolina Beaufort,USA,United States,South Carolina,Nursing,USCB
University of South Carolina Upstate,USA,United States,South Carolina,Nursing,USC
Augusta University,USA,United States,South Dakota,Nursing,
Dakota Wesleyan University,USA,United States,South Dakota,Nursing,DWU
Mount Marty College,USA,United States,South Dakota,Nursing,
National American University,USA,United States,South Dakota,Nursing,NAU
Presentation College,USA,United States,South Dakota,Nursing,
South Dakota State University,USA,United States,South Dakota,Nursing,
University of Sioux Falls,USA,United States,South Dakota,Nursing,USF
The University of South Dakota,USA,United States,South Dakota,Nursing,USD
Baptist Memorial College of Health Sciences,USA,United States,Tennessee,Nursing,BCHS
Belmont University,USA,United States,Tennessee,Nursing,
Belmont University/ Trevecca Nazarene University Consortium,USA,United States,Tennessee,Nursing,
Bethel University - Tennessee,USA,United States,Tennessee,Nursing,
Carson-Newman University,USA,United States,Tennessee,Nursing,CN
Christian Brothers University,USA,United States,Tennessee,Nursing,CBU
Cumberland University,USA,United States,Tennessee,Nursing,
East Tennessee State University,USA,United States,Tennessee,Nursing,ETSU
Freed-Hardeman University,USA,United States,Tennessee,Nursing,FHU
King University,USA,United States,Tennessee,Nursing,
Lee University,USA,United States,Tennessee,Nursing,
Martin Methodist College,USA,United States,Tennessee,Nursing,
Middle Tennessee State University,USA,United States,Tennessee,Nursing,
Milligan College,USA,United States,Tennessee,Nursing,
Tennessee Technological University,USA,United States,Tennessee,Nursing,TTU
Tennessee Wesleyan University,USA,United States,Tennessee,Nursing,
Trevecca Nazarene University,USA,United States,Tennessee,Nursing,
Union University,USA,United States,Tennessee,Nursing,UU
University of Memphis,USA,United States,Tennessee,Nursing,
University of Tennessee at Chattanooga,USA,United States,Tennessee,Nursing,UTC
The University of Tennessee Health Sciences Center,USA,United States,Tennessee,Nursing,UTC
"University of Tennessee, Knoxville",USA,United States,Tennessee,Nursing,UTC
Vol State Community College,USA,United States,Tennessee,Nursing,
Vanderbilt University,USA,United States,Tennessee,Nursing,
Abilene Christian University,USA,United States,Texas,Nursing,ACU
Brazosport College,USA,United States,Texas,Nursing,
Angelo State University,USA,United States,Texas,Nursing,
Baylor Universtity,USA,United States,Texas,Nursing,
Concordia University Texas,USA,United States,Texas,Nursing,
Concorde Career College,USA,United States,Texas,Nursing,
East Texas Baptist University,USA,United States,Texas,Nursing,ETBU
Hardin-simmons University,USA,United States,Texas,Nursing,HSUTX
Hill College,USA,United States,Texas,Nursing,
McMurry University,USA,United States,Texas,Nursing,MCM
Midwestern State University,USA,United States,Texas,Nursing,MSU
Patty Hanks Shelton School of Nursing,USA,United States,Texas,Nursing,
Prairie View A&M University,USA,United States,Texas,Nursing,
Sam Houston State University,USA,United States,Texas,Nursing,SHSU
Schreiner University,USA,United States,Texas,Nursing,
Southwestern Adventist University,USA,United States,Texas,Nursing,SWAU
Tarleton University,USA,United States,Texas,Nursing,
Texas A&M University Health Science Center,USA,United States,Texas,Nursing,
Texas A&M University - Central Texas,USA,United States,Texas,Nursing,
Texas A&M University - Commerce,USA,United States,Texas,Nursing,
Texas A&M University - Corpus Christi,USA,United States,Texas,Nursing,
Texas A&M University - Texarkana,USA,United States,Texas,Nursing,
Texas Christian University,USA,United States,Texas,Nursing,TCU
Texas Lutheran University,USA,United States,Texas,Nursing,TLU
Texas State University,USA,United States,Texas,Nursing,TSU
Texas State Technical College,USA,United States,Texas,Nursing,TSTC
Texas Tech University Health Sciences Center,USA,United States,Texas,Nursing,
Texas Tech University Health Sciences Center - El Paso,USA,United States,Texas,Nursing,
Texas Woman's University,USA,United States,Texas,Nursing,
University of Houston,USA,United States,Texas,Nursing,UH
University of Mary Hardin-baylor,USA,United States,Texas,Nursing,
University of St. Thomas,USA,United States,Texas,Nursing,
University of Texas at Arlington,USA,United States,Texas,Nursing,UT
University of Texas at Austin,USA,United States,Texas,Nursing,UT
University of Texas at El Paso,USA,United States,Texas,Nursing,UT
University of Texas at Tyler,USA,United States,Texas,Nursing,UT
The University of Texas Health Science Center at Houston,USA,United States,Texas,Nursing,
University of Texas Health Science Center at San Antonio,USA,United States,Texas,Nursing,
University of Texas Medical Branch at Galveston,USA,United States,Texas,Nursing,
The University of Texas of the Permian Basin,USA,United States,Texas,Nursing,UTPB
University of Texas Rio Grande Valley,USA,United States,Texas,Nursing,
University of the Incarnate Word,USA,United States,Texas,Nursing,
West Texas A&M University,USA,United States,Texas,Nursing,
Houston Community College,USA,United States,Texas,Nursing,HCC
Vernon College,USA,United States,Texas,Nursing,
Midland College,USA,United States,Texas,Nursing,
Ameritech College,USA,United States,Utah,Nursing,
Brigham Young University,USA,United States,Utah,Nursing,BYU
Eagle Gate College,USA,United States,Utah,Nursing,
Provo College,USA,United States,Utah,Nursing,
Rocky Mountain University of Health Professions,USA,United States,Utah,Nursing,RM
Southern Utah University,USA,United States,Utah,Nursing,SUU
University of Utah,USA,United States,Utah,Nursing,
Western Governors University,USA,United States,Utah,Nursing,WGU
Westminster College,USA,United States,Utah,Nursing,
Castleton University,USA,United States,Vermont,Nursing,
Norwich University,USA,United States,Vermont,Nursing,
Southern Vermont College,USA,United States,Vermont,Nursing,
The University of Vermont,USA,United States,Vermont,Nursing,UVM
Averett University,USA,United States,Virginia,Nursing,
Bluefield College,USA,United States,Virginia,Nursing,
Bon Secours Memorial College of Nursing,USA,United States,Virginia,Nursing,
Bryant & Stratton College - Richmond,USA,United States,Virginia,Nursing,
Eastern Mennonite University,USA,United States,Virginia,Nursing,EMU
George Mason University,USA,United States,Virginia,Nursing,GMU
Hampton University,USA,United States,Virginia,Nursing,
James Madison University,USA,United States,Virginia,Nursing,JMU
Jefferson College of Health Sciences,USA,United States,Virginia,Nursing,
Liberty University,USA,United States,Virginia,Nursing,
Longwood University,USA,United States,Virginia,Nursing,
Lynchburg College,USA,United States,Virginia,Nursing,
Marymount University,USA,United States,Virginia,Nursing,
Old Dominion University,USA,United States,Virginia,Nursing,ODU
Radford University,USA,United States,Virginia,Nursing,
Sentara College of Health Sciences,USA,United States,Virginia,Nursing,
Shenandoah University,USA,United States,Virginia,Nursing,SU
Stratford University,USA,United States,Virginia,Nursing,
University of Mary Washington,USA,United States,Virginia,Nursing,UMW
University of Virginia,USA,United States,Virginia,Nursing,
The University of Virginia's College at Wise,USA,United States,Virginia,Nursing,UVA
Virginia Commonwealth University,USA,United States,Virginia,Nursing,VCU
Bellevue College,USA,United States,Washington,Nursing,
Edmonds Community College,USA,United States,Washington,Nursing,EdCC
Gonzaga University,USA,United States,Washington,Nursing,
Northwest University,USA,United States,Washington,Nursing,
Olympic College,USA,United States,Washington,Nursing,
Pacific Lutheran University,USA,United States,Washington,Nursing,PLU
Saint Martin's University,USA,United States,Washington ,Nursing,
Seattle Pacific University,USA,United States,Washington ,Nursing,SPU
Seattle University,USA,United States,Washington ,Nursing,
University of Washington,USA,United States,Washington ,Nursing,
Walla Walla University,USA,United States,Washington ,Nursing,WWU
Washington State University,USA,United States,Washington ,Nursing,WSU
Western Washington University,USA,United States,Washington ,Nursing,WWU
American Public University System,USA,United States,West Virginia,Nursing,APUS
Bluefield State College,USA,United States,West Virginia,Nursing,
Fairmont State University,USA,United States,West Virginia,Nursing,
Shepherd University,USA,United States,West Virginia,Nursing,
West Liberty University,USA,United States,West Virginia,Nursing,WLU
West Virginia Junior College,USA,United States,West Virginia,Nursing,WVJC
West Virginia University,USA,United States,West Virginia,Nursing,WVU
West Virginia Wesleyan College,USA,United States,West Virginia,Nursing,WVWC
Wheeling Jesuit University,USA,United States,West Virginia,Nursing,WJU
Alverno College,USA,United States,Wisconsin,Nursing,
Bellin College,USA,United States,Wisconsin,Nursing,
Bryant & Stratton College - Wauwatosa,USA,United States,Wisconsin,Nursing,
Cardinal Stritch University,USA,United States,Wisconsin,Nursing,
Carroll University,USA,United States,Wisconsin,Nursing,
Columbia College of Nursing,USA,United States,Wisconsin,Nursing,
Concordia University Wisconsin,USA,United States,Wisconsin,Nursing,CUW
Edgewood College,USA,United States,Wisconsin,Nursing,
"Herzing University, Kenosha & Brookfield",USA,United States,Wisconsin,Nursing,
"Herzing University, Milwaukee",USA,United States,Wisconsin,Nursing,
Maranatha Baptist University,USA,United States,Wisconsin,Nursing,MBU
Marian University of Fond Du Lac,USA,United States,Wisconsin,Nursing,
Marquette University,USA,United States,Wisconsin,Nursing,
Milwaukee School of Engineering,USA,United States,Wisconsin,Nursing,
Northeast Wisconsin Technical College,USA,United States,Wisconsin,Nursing,NWTC
Silver Lake College of the Holy Family,USA,United States,Wisconsin,Nursing,
University of Wisconsin - Eau Claire,USA,United States,Wisconsin,Nursing,UW-Eau
University of Wisconsin - Green Bay,USA,United States,Wisconsin,Nursing,UW-GB
University of Wisconsin - Madison,USA,United States,Wisconsin,Nursing,UW-Madison
University of Wisconsin - Milwaukee,USA,United States,Wisconsin,Nursing,UWM
University of Wisconsin - Stevens Point,USA,United States,Wisconsin,Nursing,UWSP
University of Wisconsin Oshkosh,USA,United States,Wisconsin,Nursing,UWOSH
Viterbo University,USA,United States,Wisconsin,Nursing,VU
Wisconsin Lutheran College,USA,United States,Wisconsin,Nursing,WLC
University of Wyoming,USA,United States,Wyoming,Nursing,UWYO
Alabama Southern Community College,USA,United States,Alabama,Nursing,
Bevill State Community College,USA,United States,Alabama,Nursing,
Bevill State Community College,USA,United States,Alabama,Nursing,
Bishop State Community College,USA,United States,Alabama,Nursing,
Bishop State Community College,USA,United States,Alabama,Nursing,
Calhoun Community College,USA,United States,Alabama,Nursing,
Calhoun Community College,USA,United States,Alabama,Nursing,
Central Alabama Community College,USA,United States,Alabama,Nursing,
Chattahoochee Valley Community College,USA,United States,Alabama,Nursing,CV
Chattahoochee Valley Community College,USA,United States,Alabama,Nursing,
Faulkner State Community College,USA,United States,Alabama,Nursing,
Faulkner State Community College,USA,United States,Alabama,Nursing,
Gadsden State Community College,USA,United States,Alabama,Nursing,
George C. Wallace Community College,USA,United States,Alabama,Nursing,
George Corley Wallace Community College - Selma,USA,United States,Alabama,Nursing,WCCS
Trenholm State Community College,USA,United States,Alabama,Nursing,
Jefferson State Community College,USA,United States,Alabama,Nursing,JSCC
Lawson State Community College,USA,United States,Alabama,Nursing,
Lurleen B. Wallace Community College,USA,United States,Alabama,Nursing,LBWCC
Northeast Alabama Community College,USA,United States,Alabama,Nursing,NACC
Northwest-Shoals Community College,USA,United States,Alabama,Nursing,
Oakwood University,USA,United States,Alabama,Nursing,
Shelton State Community College,USA,United States,Alabama,Nursing,
Snead State Community College,USA,United States,Alabama,Nursing,
Southern Union State Community College,USA,United States,Alabama,Nursing,SUSCC
Troy University,USA,United States,Alabama,Nursing,
Tuskegee University,USA,United States,Alabama,Nursing,
The University of West Alabama,USA,United States,Alabama,Nursing,UWA
Wallace State Community College,USA,United States,Alabama,Nursing,
Prospect Education - Charter College,USA,United States,Alaska,Nursing,
University of Alaska Anchorage,USA,United States,Alaska,Nursing,
Arizona Western College,USA,United States,Arizona,Nursing,
Brookline College - Phoenix,USA,United States,Arizona,Nursing,
Carrington College - Phoenix,USA,United States,Arizona,Nursing,
Central Arizona College,USA,United States,Arizona,Nursing,
Chandler-Gilbert Community College,USA,United States,Arizona,Nursing,CGC
Cochise College,USA,United States,Arizona,Nursing,
Arizona College,USA,United States,Arizona,Nursing,
Eastern Arizona College,USA,United States,Arizona,Nursing,EAC
Estrella Mountain Community College,USA,United States,Arizona,Nursing,
Gateway Community College,USA,United States,Arizona,Nursing,
Glendale Community College,USA,United States,Arizona,Nursing,
Mesa Community College,USA,United States,Arizona,Nursing,
Mohave Community College,USA,United States,Arizona,Nursing,
Northland Pioneer College,USA,United States,Arizona,Nursing,
Paradise Valley Community College,USA,United States,Arizona,Nursing,
Phoenix College,USA,United States,Arizona,Nursing,
Pima County Community College District,USA,United States,Arizona,Nursing,
Scottsdale Community College,USA,United States,Arizona,Nursing,
Yavapai College,USA,United States,Arizona,Nursing,YC
Arkansas State University,USA,United States,Arkansas,Nursing,
Arkansas Tech University,USA,United States,Arkansas,Nursing,ATU
Baptist Health College Little Rock,USA,United States,Arkansas,Nursing,BHCLR
East Arkansas Community College,USA,United States,Arkansas,Nursing,EACC
Harding University,USA,United States,Arkansas,Nursing,
National Park College,USA,United States,Arkansas,Nursing,
North Arkansas College,USA,United States,Arkansas,Nursing,
Phillips Community College of the University of Arkansas,USA,United States,Arkansas,Nursing,PCCUA
Southern Arkansas University,USA,United States,Arkansas,Nursing,
University of Arkansas at Little Rock,USA,United States,Arkansas,Nursing,UALR
University of Arkansas at Monticello,USA,United States,Arkansas,Nursing,UAMont
University of Arkansas Community College at Batesville,USA,United States,Arkansas,Nursing,UACCB
University of Arkansas - Fort Smith,USA,United States,Arkansas,Nursing,UAFS
University of Arkansas Community College Morrilton,USA,United States,Arkansas,Nursing,UACCM
Antelope Valley College,USA,United States,California,Nursing,AVC
Cerritos Community College,USA,United States,California,Nursing,
Chaffey College,USA,United States,California,Nursing,
College of the Canyons,USA,United States,California,Nursing,
Cypress College,USA,United States,California,Nursing,
El Camino College,USA,United States,California,Nursing,
Golden West College,USA,United States,California,Nursing,
Grossmont-Cuyamaca Community College District,USA,United States,California,Nursing,GCCCD
Long Beach City College,USA,United States,California,Nursing,LBCC
Los Angeles Harbor College,USA,United States,California,Nursing,LAHC
Los Angeles Valley College,USA,United States,California,Nursing,LAVC
Monterey Peninsula College,USA,United States,California,Nursing,MPC
Moorpark College,USA,United States,California,Nursing,
Mt. San Jacinto College,USA,United States,California,Nursing,
Ohlone College,USA,United States,California,Nursing,
Pacific Union College,USA,United States,California,Nursing,PUC
Palomar College,USA,United States,California,Nursing,
Riverside City College,USA,United States,California,Nursing,
Saddleback College,USA,United States,California,Nursing,
San Bernardino Valley College,USA,United States,California,Nursing,
San Diego City College,USA,United States,California,Nursing,SDCC
San Joaquin Delta College,USA,United States,California,Nursing,
San Jose/ Evergreen Community College District,USA,United States,California,Nursing,
Santa Ana College,USA,United States,California,Nursing,SAC
Santa Barbara City College,USA,United States,California,Nursing,SBCC
Santa Monica College,USA,United States,California,Nursing,SMC
Santa Rosa Junior College,USA,United States,California,Nursing,
Sonoma State University,USA,United States,California,Nursing,
Southwestern College,USA,United States,California,Nursing,SWCCD
Ventura County Community College District,USA,United States,California,Nursing,VCCCD
"University of California, San Francisco",USA,United States,California,Nursing,UCSF
Aims Community College,USA,United States,Colorado,Nursing,
American Sentinel University,USA,United States,Colorado,Nursing,
Arapahoe Community College,USA,United States,Colorado,Nursing,
Colorado Mesa University,USA,United States,Colorado,Nursing,
Colorado Mountain College,USA,United States,Colorado,Nursing,
Colorado Northwestern Community College,USA,United States,Colorado,Nursing,CNCC
Colorado State University - Pueblo,USA,United States,Colorado,Nursing,
Delta Montrose Technical College,USA,United States,Colorado,Nursing,
Denver Public Schools - Career Connect,USA,United States,Colorado,Nursing,DPS CareerConnect
Denver School of Nursing,USA,United States,Colorado,Nursing,
Front Range Community College - Boulder County Campus,USA,United States,Colorado,Nursing,FRCC
Front Range Community College - Larimer Campus,USA,United States,Colorado,Nursing,FRCC
Front Range Community College - Westminister Campus,USA,United States,Colorado,Nursing,FRCC
Lamar Community College,USA,United States,Colorado,Nursing,
Metropolitan State University of Denver,USA,United States,Colorado,Nursing,MSU
Morgan Community College,USA,United States,Colorado,Nursing,
Northeastern Junior College,USA,United States,Colorado,Nursing,NJC
Otero Junior College,USA,United States,Colorado,Nursing,OJC
Pikes Peak Community College,USA,United States,Colorado,Nursing,PPCC
Platt College,USA,United States,Colorado,Nursing,
Pueblo Community College,USA,United States,Colorado,Nursing,
Trinidad State Junior College,USA,United States,Colorado,Nursing,
Bridgeport Hospital - Bridgeport Hospital School of Nursing,USA,United States,Connecticut,Nursing,
Capital Community College,USA,United States,Connecticut,Nursing,
Gateway Community College,USA,United States,Connecticut,Nursing,
Goodwin College,USA,United States,Connecticut,Nursing,
Naugatuck Valley Community College,USA,United States,Connecticut,Nursing,NVCC
Northwestern Connecticut Community College,USA,United States,Connecticut,Nursing,NWCC
Norwalk Community College,USA,United States,Connecticut,Nursing,
St. Vincent's College,USA,United States,Connecticut,Nursing,
Three Rivers Community College,USA,United States,Connecticut,Nursing,TRCC
Beebe Medical Center,USA,United States,Delaware,Nursing,
Delaware State University,USA,United States,Delaware,Nursing,DESU
Delaware Technical Community College - Jack F. Owens,USA,United States,Delaware,Nursing,DTCC
Delaware Technical Community College - Stanton Campus,USA,United States,Delaware,Nursing,DTCC
Delaware Technical Community College - Terry Campus,USA,United States,Delaware,Nursing,DTCC
Polytech Adult Education,USA,United States,Delaware,Nursing,
Wesley College,USA,United States,Delaware,Nursing,
University of the District of Columbia,USA,United States,Washington D.C.,Nursing,UDC
AdventHealth University (frmly Adventist University of Health Sciences),USA,United States,Florida,Nursing,AHU/ADU
Bethune-Cookman University,USA,United States,Florida,Nursing,
Broward College,USA,United States,Florida,Nursing,
Broward County Public Schools - Career Technical Adult Community Education,USA,United States,Florida,Nursing,BC-CTACE
Chipola College,USA,United States,Florida,Nursing,
College of Central Florida,USA,United States,Florida,Nursing,
Daytona State College,USA,United States,Florida,Nursing,
Eastern Florida State,USA,United States,Florida,Nursing,
Everest University - Brandon,USA,United States,Florida,Nursing,
Florida Agricultural and Mechanical University,USA,United States,Florida,Nursing,FAMU
Florida Gateway College,USA,United States,Florida,Nursing,FGC
Florida Southwestern State College,USA,United States,Florida,Nursing,FSW
Florida State College at Jacksonville,USA,United States,Florida,Nursing,FSCJ
Galen College of Nursing - Tampa Campus,USA,United States,Florida,Nursing,
Gulf Coast State College,USA,United States,Florida,Nursing,
Herzing University - Orlando,USA,United States,Florida,Nursing,
Hillsborough Community College,USA,United States,Florida,Nursing,HCCFL
Indian River State College,USA,United States,Florida,Nursing,IRSC
Keiser University - Fort Lauderdale,USA,United States,Florida,Nursing,
Keriser University - Jacksonville,USA,United States,Florida,Nursing,
Keiser University - Lakeland,USA,United States,Florida,Nursing,
Keiser University - Melbourne,USA,United States,Florida,Nursing,
Keiser University - Miami,USA,United States,Florida,Nursing,
Keiser University - Orlando,USA,United States,Florida,Nursing,
Keiser University - Sarasota,USA,United States,Florida,Nursing,
Keiser University - Tallahassee,USA,United States,Florida,Nursing,
Keiser University - Tampa,USA,United States,Florida,Nursing,
Keiser Univeristy - West Palm Beach,USA,United States,Florida,Nursing,
Lake-sumter State College,USA,United States,Florida,Nursing,LSSC
"Mercy Hospital, a Campus of Plantation General Hospital",USA,United States,Florida,Nursing,
Miami Dade College,USA,United States,Florida,Nursing,MDC
Northwest Florida State College,USA,United States,Florida,Nursing,NWFSC
Palm Beach State College,USA,United States,Florida,Nursing,
Pasco-Hernando State College,USA,United States,Florida,Nursing,PHSC
Pensacola State College,USA,United States,Florida,Nursing,
Polk State College,USA,United States,Florida,Nursing,
Rasmussen College - Land O'Lakes/East Pasco,USA,United States,Florida,Nursing,
Rasmussen College - New Port Richey/West Pasco,USA,United States,Florida,Nursing,
Rasmussen College - Ocala,USA,United States,Florida,Nursing,
Saint Petersburg College,USA,United States,Florida,Nursing,
Santa Fe College,USA,United States,Florida,Nursing,
Seminole State College of Florida,USA,United States,Florida,Nursing,SSC
Southern Crescent Technical College,USA,United States,Florida,Nursing,STCT
South Florida State College,USA,United States,Florida,Nursing,
St. Johns River State College,USA,United States,Florida,Nursing,
"State College of Florida, Manatee - Sarasota",USA,United States,Florida,Nursing,
Tallahassee Community College,USA,United States,Florida,Nursing,TCC
University of Tampa,USA,United States,Florida,Nursing,UT
Valencia College,USA,United States,Florida,Nursing,
Abraham Baldwin Agricultural College,USA,United States,Georgia,Nursing,ABAC
Albany State University,USA,United States,Georgia,Nursing,
Athens Technical College,USA,United States,Georgia,Nursing,
Augusta Technical College,USA,United States,Georgia,Nursing,
Bainbridge State College,USA,United States,Georgia,Nursing,
Chattahoochee Technical College,USA,United States,Georgia,Nursing,
College of Coastal Georgia,USA,United States,Georgia,Nursing,CCGA
Columbus Technical College,USA,United States,Georgia,Nursing,
Dalton State College,USA,United States,Georgia,Nursing,DSC
Darton State College,USA,United States,Georgia,Nursing,
Georgia Highlands College,USA,United States,Georgia,Nursing,
Georgia Northwestern Technical College,USA,United States,Georgia,Nursing,GNTC
Georgia Perimeter College,USA,United States,Georgia,Nursing,
Georgia Southwestern State University,USA,United States,Georgia,Nursing,GSW
Gordon State College,USA,United States,Georgia,Nursing,
Gwinnett Technical College,USA,United States,Georgia,Nursing,
LaGrange College,USA,United States,Georgia,Nursing,
Middle Georgia State University,USA,United States,Georgia,Nursing,MGA
Piedmont College,USA,United States,Georgia,Nursing,
South Georgia State College,USA,United States,Georgia,Nursing,SGSC
Southern Regional Technical College,USA,United States,Georgia,Nursing,
Southeastern Technical College,USa,United States,Georgia,Nursing,STC
Thomas University,USA,United States,Georgia,Nursing,
University of North Georgia,USA,United States,Georgia,Nursing,UNG
West Georgia Technical College,USA,United States,Georgia,Nursing,
Georgia Piedmont Technical College,USA,United States,Georgia,Nursing,GPTC
Hawaii Community College,USA,United States,Hawaii,Nursing,
Kapi'olani Community College,USA,United States,Hawaii,Nursing,
University of Hawaii - Kauai Community College,USA,United States,Hawaii,Nursing,
University of Hawaii at Hilo,USA,United States,Hawaii,Nursing,
University of Hawaii Maui College,USA,United States,Hawaii,Nursing,
Black Hawk College,USA,United States,Illinois,Nursing,BHC
Capital Area Career Center,USA,United States,Illinois,Nursing,
Carl Sandburg College,USA,United States,Illinois,Nursing,
Chicago State University,USA,United States,Illinois,Nursing,CSU
City College of Chicago at Malcolm X College,USA,United States,Illinois,Nursing,
College of Dupage,USA,United States,Illinois,Nursing,COD
College of Lake County,USA,United States,Illinois,Nursing,
Danville Area Community College,USA,United States,Illinois,Nursing,DACC
Elgin Community College,USA,United States,Illinois,Nursing,ECC
Governors State University,USA,United States,Illinois,Nursing,
Graham Hospital Association,USA,United States,Illinois,Nursing,
Heartland Community College,USA,United States,Illinois,Nursing,
Illinois Central College,USA,United States,Illinois,Nursing,ICC
Illinois Eastern Community Colleges,USA,United States,Illinois,Nursing,IECC
Illinois Valley Community College,USA,United States,Illinois,Nursing,IVCC
Joliet Junior College,USA,United States,Illinois,Nursing,JJC
Kankakee Community College,USA,United States,Illinois,Nursing,KCC
Kaskaskia College,USA,United States,Illinois,Nursing,
Lake Land College,USA,United States,Illinois,Nursing,
Lewis & Clark Community College,USA,United States,Illinois,Nursing,LC
Lincoln Land Community College,USA,United States,Illinois,Nursing,LLCC
Moraine Valley Community College,USA,United States,Illinois,Nursing,
Morton College,USA,United States,Illinois,Nursing,
Oakton Community College,USA,United States,Illinois,Nursing,
Parkland College,USA,United States,Illinois,Nursing,
Prairie State College,USA,United States,Illinois,Nursing,
Richland Community College,USA,United States,Illinois,Nursing,
Rockford University,USA,United States,Illinois,Nursing,
St. Francis Medical Center College of Nursing,USA,United States,Illinois,Nursing,
Southwestern Illinois College,USA,United States,Illinois,Nursing,SWIC
St. John's College,USA,United States,Illinois,Nursing,
Trinity College of Nursing & Health Sciences,USA,United States,Illinois,Nursing,
Triton College,USA,United States,Illinois,Nursing,
Waubonsee Community College,USA,United States,Illinois,Nursing,
William Rainey Harper College,USA,United States,Illinois,Nursing,
Ambria College of Nursing,USA,United States,Illinois,Nursing,
Illinois Wesleyan University,USA,United States,Illinois,Nursing,IWU
Bethel College,USA,United States,Indiana,Nursing,
Bethel University,USA,United States,Indiana,Nursing,
Fortis College - Indianapolis,USA,United States,Indiana,Nursing,
Franciscan Health Lafayette,USA,United States,Indiana,Nursing,
Harrison College - Indianapolis East,USA,United States,Indiana,Nursing,
Indiana State University,USA,United States,Indiana,Nursing,ISU
Indiana University East,USA,United States,Indiana,Nursing,IUE
Indiana University Kokomo,USA,United States,Indiana,Nursing,IUK
Indiana University Northwest,USA,United States,Indiana,Nursing,IUN
Ivy Tech Community College,USA,United States,Indiana,Nursing,
Finger Lakes Community College,USA,United States,New York,Nursing,
Purdue University Calumet,USA,United States,Indiana,Nursing,PUC
Purdue University North Central,USA,United States,Indiana,Nursing,
Purdue University Northwest,USA,United States,Indiana,Nursing,PNW
University of Evansville,USA,United States,Indiana,Nursing,
University of Saint Francis,USA,United States,Indiana,Nursing,SF
Vincennes University,USA,United States,Indiana,Nursing,VU
Des Moines Area Community College,USA,United States,Iowa,Nursing,DMACC
Iowa Wesleyan College,USA,United States,Iowa,Nursing,
Kirkwood Community College,USA,United States,Iowa,Nursing,
Mercy College of Health Sciences,USA,United States,Iowa,Nursing,
North Iowa Area Community College,USA,United States,Iowa,Nursing,NIACC
St. Luke's College,USA,United States,Iowa,Nursing,
Western Iowa Tech Community College,USA,United States,Iowa,Nursing,
Barton County Community College,USA,United States,Kansas,Nursing,
Butler County Community College,USA,United States,Kansas,Nursing,
Cloud County Community College,USA,United States,Kansas,Nursing,
Colby Community College,USA,United States,Kansas,Nursing,
Dodge City Community College,USA,United States,Kansas,Nursing,
Emporia State University,USA,United States,Kansas,Nursing,
Fort Scott Community College,USA,United States,Kansas,Nursing,
Garden City Community College,USA,United States,Kansas,Nursing,GCCC
Hesston College,USA,United States,Kansas,Nursing,
Hutchinson Community College,USA,United States,Kansas,Nursing,
Johnson County Community College,USA,United States,Kansas,Nursing,JCCC
Kansas City Kansas Community College,USA,United States,Kansas,Nursing,KCKCC
Labette Community College,USA,United States,Kansas,Nursing,
Manhattan Area Technical College,USA,United States,Kansas,Nursing,
Neosho County Community College,USA,United States,Kansas,Nursing,
North Central Kansas Technical College,USA,United States,Kansas,Nursing,NCKTC
Seward County Community College,USA,United States,Kansas,Nursing,NCCC
Ashland Community & Technical College,USA,United States,Kentucky,Nursing,ACTC
Bluegrass Community & Technical College,USA,United States,Kentucky,Nursing,BCTC
Campbellsville University,USA,United States,Kentucky,Nursing,
Eastern Kentucky University,USA,United States,Kentucky,Nursing,EKU
Elizabethtown Community & Technical College,USA,United States,Kentucky,Nursing,ECTC
Frontier Nursing University,USA,United States,Kentucky,Nursing,
Galen College of Nursing - Louisville,USA,United States,Kentucky,Nursing,
Henderson Community College,USA,United States,Kentucky,Nursing,
Hopkinsville Community College,USA,United States,Kentucky,Nursing,
Jefferson Community & Technical College,USA,United States,Kentucky,Nursing,JCTC
Kentucky State University,USA,United States,Kentucky,Nursing,KYSU
Madisonville Community College,USA,United States,Kentucky,Nursing,KCTCS
Midway University,USA,United States,Kentucky,Nursing,
Morehead State University,USA,United States,Kentucky,Nursing,
Northern Kentucky University,USA,United States,Kentucky,Nursing,NKU
Somerset Community College,USA,United States,Kentucky,Nursing,SCC
Southeast Kentucky Community & Technical College,USA,United States,Kentucky,Nursing,KCTCS
Thomas More College,USA,United States,Kentucky,Nursing,
University of Pikeville,USA,United States,Kentucky,Nursing,
West Kentucky Community and Technical College,USA,United States,Kentucky,Nursing,WKCTC
Western Kentucky University,USA,United States,Kentucky,Nursing,WKU
Owensboro Community and Technical College,USA,United States,Kentucky,Nursing,OCTC
Baton Rouge Community College,USA,United States,Louisiana,Nursing,BRCC
Baton Rouge General Medical Center,USA,United States,Louisiana,Nursing,
Bossier Parish Community College,USA,United States,Louisiana,Nursing,BPCC
Delgado Community College - Charity School of Nursing,USA,United States,Louisiana,Nursing,DCC
Dillard University,USA,United States,Louisiana,Nursing,
Fletcher Technical Community College,USA,United States,Louisiana,Nursing,
Franciscan Missionaries of Our Lady University ,USA,United States,Louisiana,Nursing,Fran U
Grambling State University,USA,United States,Louisiana,Nursing,
Louisiana Delta Community College,USA,United States,Louisiana,Nursing,LDCC
Louisiana State University at Alexandria,USA,United States,Louisiana,Nursing,LSU
Louisiana State University at Eunice,USA,United States,Louisiana,Nursing,LSU
Louisiana State University Shreveport,USA,United States,Louisiana,Nursing,LSU
Louisiana State University,USA,United States,Louisiana,Nursing,LSU
Louisiana Tech University,USA,United States,Louisiana,Nursing,
Northwestern State University of Louisiana,USA,United States,Louisiana,Nursing,NSU
Southern University at Shreveport,USA,United States,Louisiana,Nursing,SUSLA
University of Holy Cross,USA,United States,Louisiana,Nursing,
Central Maine Community College,USA,United States,Maine,Nursing,CMCC
Eastern Maine Community College,USA,United States,Maine,Nursing,
Kennebec Valley Community College,USA,United States,Maine,Nursing,KVCC
Maine College of Health Professions,USA,United States,Maine,Nursing,MCHP
Northern Maine Community College,USA,United States,Maine,Nursing,MNMCC
Southern Maine Community College,USA,United States,Maine,Nursing,
University of Maine at Augusta,USA,United States,Maine,Nursing,UMA
University of New England,USA,United States,Maine,Nursing,UNE
Allegany College of Maryland,USA,United States,Maryland,Nursing,
Anne Arundel Community College,USA,United States,Maryland,Nursing,AACC
Baltimore City Community College,USA,United States,Maryland,Nursing,
Bowie State University,USA,United States,Maryland,Nursing,BSU
Cecil College,USA,United States,Maryland,Nursing,
Chesapeake College,USA,United States,Maryland,Nursing,
College of Southern Maryland,USA,United States,Maryland,Nursing,
The Community College of Baltimore County,USA,United States,Maryland,Nursing,CCBCMD
Frederick Community College,USA,United States,Maryland,Nursing,FCC
Hagerstown Community College,USA,United States,Maryland,Nursing,
Harford Community College,USA,United States,Maryland,Nursing,
Howard Community College,USA,United States,Maryland,Nursing,
Montgomery College - Takoma Park Campus,USA,United States,Maryland,Nursing,
Notre Dame of Maryland University,USA,United States,Maryland,Nursing,NDM
Prince George's Community College,USA,United States,Maryland,Nursing,PGCC
Anna Maria College,USA,United States,Massachusetts,Nursing,
Assabet Valley Regional Technical School,USA,United States,Massachusetts,Nursing,
Bay State College,USA,United States,Massachusetts,Nursing,
Becker College,USA,United States,Massachusetts,Nursing,
Berkshire Community College,USA,United States,Massachusetts,Nursing,
Blackstone Valley Regional Vocational Technical High School,USA,United States,Massachusetts,Nursing,
Bristol Community College,USA,United States,Massachusetts,Nursing,
Bunker Hill Community College,USA,United States,Massachusetts,Nursing,BHCC
Cape Cod Community College,USA,United States,Massachusetts,Nursing,
Endicott College,USA,United States,Massachusetts,Nursing,
Greenfield Community College,USA,United States,Massachusetts,Nursing,GCC
Holyoke Community College,USA,United States,Massachusetts,Nursing,HCC
Laboure College,USA,United States,Massachusetts,Nursing,
Lawrence Memorial/Regis College Collaborative,USA,United States,Massachusetts,Nursing,
Massachusetts Bay Community College,USA,United States,Massachusetts,Nursing,
Massasoit Community College,USA,United States,Massachusetts,Nursing,
Middlesex Community College,USA,United States,Massachusetts,Nursing,MCC
Mount Wachusett Community College,USA,United States,Massachusetts,Nursing,MWC
North Shore Community College,USA,United States,Massachusetts,Nursing,
Northern Essex Community College,USA,United States,Massachusetts,Nursing,NECC
Quincy College,USA,United States,Massachusetts,Nursing,QC
Quinsigamond Community College,USA,United States,Massachusetts,Nursing,QCC
Regis College,USA,United States,Massachusetts,Nursing,
Roxbury Community College,USA,United States,Massachusetts,Nursing,RCC
Signature Healthcare - Brockton Hospital Inc.,USA,United States,Massachusetts,Nursing,
Springfield Technical Community College,USA,United States,Massachusetts,Nursing,STCC
Andrews University,USA,United States,Michigan,Nursing,
Bay de Noc Community College,USA,United States,Michigan,Nursing,Bay College
Calvin College,USA,United States,Michigan,Nursing,
Kalamazoo Valley Community College,USA,United States,Michigan,Nursing,KVCC
Davenport University,USA,United States,Michigan,Nursing,
Delta College,USA,United States,Michigan,Nursing,
Ferris State University,USA,United States,Michigan,Nursing,
Grand Rapids Community College,USA,United States,Michigan,Nursing,
Henry Ford College,USA,United States,Michigan,Nursing,HFCC
Lake Michigan College,USA,United States,Michigan,Nursing,LMC
Lansing Community College,USA,United States,Michigan,Nursing,LCC
Macomb Community College,USA,United States,Michigan,Nursing,
Monroe County Community College,USA,United States,Michigan,Nursing,
Mott Community College,USA,United States,Michigan,Nursing,MCC
Muskegon Community College,USA,United States,Michigan,Nursing,MCC
Northwestern Michigan College,USA,United States,Michigan,Nursing,NMC
Oakland Community College,USA,United States,Michigan,Nursing,OCC
Schoolcraft College,USA,United States,Michigan,Nursing,
St. Clair County Community College,USA,United States,Michigan,Nursing,
Washtenaw Community College,USA,United States,Michigan,Nursing,
Anoka-Ramsey Community College,USA,United States,Minnesota,Nursing,
Century College,USA,United States,Minnesota,Nursing,
Hibbing Community College,USA,United States,Minnesota,Nursing,
Inver Hills Community College,USA,United States,Minnesota,Nursing,
Lake Superior College,USA,United States,Minnesota,Nursing,LSC
Minneapolis Community & Technical College,USA,United States,Minnesota,Nursing,
Minnesota State College - Southeast Technical,USA,United States,Minnesota,Nursing,
Minnesota West Community & Technical College,USA,United States,Minnesota,Nursing,
Normandale Community College,USA,United States,Minnesota,Nursing,
North Hennepin Community College,USA,United States,Minnesota,Nursing,NHCC
Northland Community and Technical College,USA,United States,Minnesota,Nursing,
Ridgewater College,USA,United States,Minnesota,Nursing,
Ridgewater Community College,USA,United States,Minnesota,Nursing,
Rochester Community & Technical College,USA,United States,Minnesota,Nursing,RCTC
Saint Cloud Technical and Community College,USA,United States,Minnesota,Nursing,SCTCC
Saint Paul College,USA,United States,Minnesota,Nursing,
St. Catherine University,USA,United States,Minnesota,Nursing,St Kate
Alcorn State University,USA,United States,Mississippi,Nursing,
Coahoma Community College,USA,United States,Mississippi,Nursing,
Copiah-Lincoln Community College,USA,United States,Mississippi,Nursing,
East Central Community College,USA,United States,Mississippi,Nursing,ECCC
East Mississippi Community College,USA,United States,Mississippi,Nursing,EMCC
Hinds Community College,USA,United States,Mississippi,Nursing,
Holmes Community College,USA,United States,Mississippi,Nursing,
Itawamba Community College,USA,United States,Mississippi,Nursing,ICCMS
Jones County Junior College,USA,United States,Mississippi,Nursing,JCJC
Meridian Community College,USA,United States,Mississippi,Nursing,
Mississippi Delta Community College,USA,United States,Mississippi,Nursing,
Mississippi Gulf Coast Community College,USA,United States,Mississippi,Nursing,MGCCC
Mississippi University for Women,USA,United States,Mississippi,Nursing,MUW
Northeast Mississippi Community College,USA,United States,Mississippi,Nursing,NEMCC
Northwest Mississippi Community College,USA,United States,Mississippi,Nursing,
Pearl River Community College,USA,United States,Mississippi,Nursing,PRCC
Southwest Mississippi Community College,USA,United States,Mississippi,Nursing,
Cox College,USA,United States,Missouri,Nursing,
Crowder College,USA,United States,Missouri,Nursing,
East Central College,USA,United States,Missouri,Nursing,
Hannibal-Lagrange University,USA,United States,Missouri,Nursing,
Lincoln University of Missouri,USA,United States,Missouri,Nursing,
Metropolitan Community College - Penn Valley,USA,United States,Missouri,Nursing,MCCKC
Missouri Southern State University - Joplin,USA,United States,Missouri,Nursing,MSSU
Missouri State University - West Plains,USA,United States,Missouri,Nursing,
Mineral Area College,USA,United States,Missouri,Nursing,
Moberly Area Community College,USA,United States,Missouri,Nursing,MACC
National American University - Kansas City-Zona Rosa,USA,United States,Missouri,Nursing,
Ozarks Technical Community College,USA,United States,Missouri,Nursing,OTC
Park University,USA,United States,Missouri,Nursing,
St. Charles Community College,USA,United States,Missouri,Nursing,SCC
Southeast Missouri Hospital,USA,United States,Missouri,Nursing,
Southwest Baptist University,USA,United States,Missouri,Nursing,
St. Louis Community College,USA,United States,Missouri,Nursing,
"Success Healthcare/St. Alexius Hospital, Inc.",USA,United States,Missouri,Nursing,
Three Rivers Community College,USA,United States,Missouri,Nursing,TRCC
Webster University,USA,United States,Montana,Nursing,
Helena College - University of Montana,USA,United States,Montana,Nursing,
Miles Community College,USA,United States,Montana,Nursing,
Missoula College - University of Montana,USA,United States,Montana,Nursing,
Montana State University - Northern,USA,United States,Montana,Nursing,MSU
Salish Kootenai College,USA,United States,Montana,Nursing,SKC
Bryan College of Health Sciences,USA,United States,Nebraska,Nursing,
Central Community College,USA,United States,Nebraska,Nursing,
Clarkson College,USA,United States,Nebraska,Nursing,
College of Saint Mary,USA,United States,Nebraska,Nursing,CSM
Metropolitan Community College,USA,United States,Nebraska,Nursing,
Midland University,USA,United States,Nebraska,Nursing,
Mid-Plains Community College,USA,United States,Nebraska,Nursing,
Northeast Community College,USA,United States,Nebraska,Nursing,
Southeast Community College,USA,United States,Nebraska,Nursing,
Western Nebraska Community College,USA,United States,Nebraska,Nursing,WNCC
Brightwood College,USA,United States,Nebraska,Nursing,
Carrington College - Reno,USA,United States,Nevada,Nursing,
College of Southern Nevada,USA,United States,Nevada,Nursing,
College of Southern Nevada,USA,United States,Nevada,Nursing,
Everest College - Henderson,USA,United States,Nevada,Nursing,
Great Basin College,USA,United States,Nevada,Nursing,GBCNV
Roseman University of Health Sciences - Henderson,USA,United States,Nevada,Nursing,
Truckee Meadows Community College,USA,United States,Nevada,Nursing,TMCC
Western Nevada College,USA,United States,Nevada,Nursing,WNC
Franklin Pierce University,USA,United States,New Hampshire,Nursing,
Great Bay Community College,USA,United States,New Hampshire,Nursing,GBCC
Manchester Community College,USA,United States,New Hampshire,Nursing,
Nashua Community College,USA,United States,New Hampshire,Nursing,
Nhti Concord's Community College,USA,United States,New Hampshire,Nursing,NHTI
"Premier Education Group, Lp - Salter School of Nursing",USA,United States,New Hampshire,Nursing,
River Valley Community College,USA,United States,New Hampshire,Nursing,
Rivier University,USA,United States,New Hampshire,Nursing,
St. Joseph School of Nursing,USA,United States,New Hampshire,Nursing,SJSON
Atlantic Cape Community College,USA,United States,New Jersey,Nursing,
Bergen Community College,USA,United States,New Jersey,Nursing,
Brookdale Community College,USA,United States,New Jersey,Nursing,
Hudson County Community College,USA,United States,New Jersey,Nursing,HCCC
Carepoint Health School of Nursing,USA,United States,New Jersey,Nursing,
College of Saint Elizabeth,USA,United States,New Jersey,Nursing,CSE
County College of Morris,USA,United States,New Jersey,Nursing,CCM
Cumberland County College,USA,United States,New Jersey,Nursing,NSCC
Essex County College,USA,United States,New Jersey,Nursing,
Holy Name Medical Center,USA,United States,New Jersey,Nursing,
"JFK Health System, Inc.",USA,United States,New Jersey,Nursing,
Kean University,USA,United States,New Jersey,Nursing,
Mercer County Community College,USA,United States,New Jersey,Nursing,MCCC
Middlesex County College,USA,United States,New Jersey,Nursing,
New Jersey City University,USA,United States,New Jersey,Nursing,NCJU
Ocean County College,USA,United States,New Jersey,Nursing,
Our Lady of Lourdes School of Nursing / Camden County College,USA,United States,New Jersey,Nursing,
Passaic County Community College,USA,United States,New Jersey,Nursing,PCCC
Ramapo College of New Jersey,USA,United States,New Jersey,Nursing,
Raritan Valley Community College,USA,United States,New Jersey,Nursing,
Rowan College at Burlington County,USA,United States,New Jersey,Nursing,
Rowan College at Gloucester County,USA,United States,New Jersey,Nursing,RCSJ
Salem Community College,USA,United States,New Jersey,Nursing,
Thomas Edison State University,USA,United States,New Jersey,Nursing,TESU
Trinitas Regional Medical Center,USA,United States,New Jersey,Nursing,
Trinity Health - St. Francis Medical Center,USA,United States,New Jersey,Nursing,
Union County College,USA,United States,New Jersey,Nursing,UCC
Warren County Community College,USA,United States,New Jersey,Nursing,
Albuquerque Public Schools - Career Technical Education,USA,United States,New Mexico,Nursing,APS-CTE
Brookline College - Albuquerque,USA,United States,New Mexico,Nursing,
Central New Mexico Community College,USA,United States,New Mexico,Nursing,
Clovis Community College,USA,United States,New Mexico,Nursing,
Doña Ana Community College,USA,United States,New Mexico,Nursing,DACC
Eastern New Mexico University,USA,United States,New Mexico,Nursing,ENMU
Eastern New Mexico University - Roswell,USA,United States,New Mexico,Nursing,ENMU
Luna Community College,USA,United States,New Mexico,Nursing,
New Mexico Junior College,USA,United States,New Mexico,Nursing,
New Mexico State University at Carlsbad,USA,United States,New Mexico,Nursing,NMSU
San Juan College,USA,United States,New Mexico,Nursing,
Santa Fe Community College,USA,United States,New Mexico,Nursing,SSFCC
University of New Mexico - Gallup,USA,United States,New Mexico,Nursing,UNM
University of New Mexico - Taos,USA,United States,New Mexico,Nursing,
Western New Mexico University,USA,United States,New Mexico,Nursing,WNMU
Adirondack Community College,USA,United States,New York,Nursing,
"Alfred State College, SUNY College of Technology",USA,United States,New York,Nursing,
Arnot Ogden Medical Center,USA,United States,New York,Nursing,
Beth Israel Medical Center,USA,United States,New York,Nursing,
Borough of Manhattan Community College - CUNY,USA,United States,New York,Nursing,
Bronx Community College - CUNY,USA,United States,New York,Nursing,
Cayuga Community College,USA,United States,New York,Nursing,
Clinton Community College,USA,United States,New York,Nursing,
College of Staten Island - CUNY,USA,United States,New York,Nursing,
Columbia-Greene Community College,USA,United States,New York,Nursing,
Corning Community College,USA,United States,New York,Nursing,CCC
Daemen College,USA,United States,New York,Nursing,
Dutchess Community College,USA,United States,New York,Nursing,
Ellis Medicine,USA,United States,New York,Nursing,
Elmira College,USA,United States,New York,Nursing,
Erie Community College,USA,United States,New York,Nursing,ECC
Excelsior College,USA,United States,New York,Nursing,
Finger Lakes Community College,USA,United States,New York,Nursing,FLCC
Finger Lakes Health - Geneva General Hospital,USA,United States,New York,Nursing,
Finger Lakes Health College of Nursing,USA,United States,New York,Nursing,FLHCON
Fulton-Montgomery Community College,USA,United States,New York,Nursing,FMCC
Genesee Community College,USA,United States,New York,Nursing,GCC
Helene Fuld College of Nursing,USA,United States,New York,Nursing,
Hudson Valley Community College,USA,United States,New York,Nursing,HVCC
Jamestown Community College,USA,United States,New York,Nursing,JCC
Jefferson Community College,USA,United States,New York,Nursing,
Kingsborough Community College of the City University of New York,USA,United States,New York,Nursing,KBCC
LaGuardia Community College - CUNY,USA,United States,New York,Nursing,
Manhattan Area Technical College,USA,United States,New York,Nursing,
Maria College,USA,United States,New York,Nursing,
Medgar Evers College - CUNY,USA,United States,New York,Nursing,
Mohawk Valley Community College,USA,United States,New York,Nursing,MVCC
Monroe Community College,USA,United States,New York,Nursing,
Montefiore New Rochelle Hospital,USA,United States,New York,Nursing,
Nassau Community College,USA,United States,New York,Nursing,NCC
New York City College of Technology,USA,United States,New York,Nursing,
Niagara County Community College,USA,United States,New York,Nursing,
Onondaga Community College,USA,United States,New York,Nursing,
Orange County Community College,USA,United States,New York,Nursing,
Pacific College of Oriental Medicine,USA,United States,New York,Nursing,
Pomeroy College of Nursing at Crouse Hospital,USA,United States,New York,Nursing,
Queensborough Community College of CUNY,USA,United States,New York,Nursing,
Rochester Regional Health Systems,USA,United States,New York,Nursing,
Rochester Educational Opportunity Center,USA,United States,New York,Nursing,
Rockland Community College,USA,United States,New York,Nursing,
Saint Joseph's College,USA,United States,New York,Nursing,
St. Elizabeth Medical Center,USA,United States,New York,Nursing,SEMC
St. John's Riverside Hospital,USA,United States,New York,Nursing,
St. Joseph College of Nursing,USA,United States,New York,Nursing,
St. Peter's Health Partners - Albany Memorial Hospital,USA,United States,New York,Nursing,
St. Peter's Health Partners - Samaritan Hospital,USA,United States,New York,Nursing,
Suffolk County Community College,USA,United States,New York,Nursing,SCCC
SUNY Broome Community College,USA,United States,New York,Nursing,
SUNY College of Technology at Canton,USA,United States,New York,Nursing,
SUNY College of Technology at Delhi,USA,United States,New York,Nursing,
SUNY College of Agriculture & Technology at Morrisville,USA,United States,New York,Nursing,
Swedish Institute College of Health Sciences,USA,United States,New York,Nursing,
Tompkins Cortland Community College,USA,United States,New York,Nursing,
Trocaire College,USA,United States,New York,Nursing,
Ulster County Community College,USA,United States,New York,Nursing,
Wagner College,USA,United States,New York,Nursing,
York College of CUNY,USA,United States,New York,Nursing,
Bismarck State College,USA,United States,North Dakota,Nursing,
Dickinson State University,USA,United States,North Dakota,Nursing,
Lake Region State College,USA,United States,North Dakota,Nursing,LRSC
Minot State University,USA,United States,North Dakota,Nursing,
North Dakota State College of Science,USA,United States,North Dakota,Nursing,NDSCS
United Tribes Technical College,USA,United States,North Dakota,Nursing,UTTC
University of Jamestown,USA,United States,North Dakota,Nursing,UJ
Cabarrus College of Health Sciences,USA,United States,North Carolina,Nursing,
Brunswick Community College,USA,United States,North Carolina,Nursing,NBCC
Cape Fear Community College,USA,United States,North Carolina,Nursing,CFCC
Carolinas College of Health Sciences,USA,United States,North Carolina,Nursing,
Carolinas Healthcare System,USA,United States,North Carolina,Nursing,
Carteret Community College,USA,United States,North Carolina,Nursing,
Catawba Valley Community College,USA,United States,North Carolina,Nursing,CVCC
Central Piedmont Community College,USA,United States,North Carolina,Nursing,CPCC
College of the Albemarle,USA,United States,North Carolina,Nursing,
Davidson County Community College,USA,United States,North Carolina,Nursing,
Duke Regional Hospital,USA,United States,North Carolina,Nursing,
Durham Technical Community College,USA,United States,North Carolina,Nursing,
Edgecombe Community College,USA,United States,North Carolina,Nursing,
Fayetteville Technical Community College,USA,United States,North Carolina,Nursing,FTCC
Forsyth Technical Community College,USA,United States,North Carolina,Nursing,
Gardner-Webb University,USA,United States,North Carolina,Nursing,
Gaston College,USA,United States,North Carolina,Nursing,
Mitchell Community College,USA,United States,North Carolina,Nursing,
North Carolina Agricultural & Technical State University,USA,United States,North Carolina,Nursing,NCAT
North Carolina Central University,USA,United States,North Carolina,Nursing,
Pitt Community College,USA,United States,North Carolina,Nursing,
Rockingham Community College,USA,United States,North Carolina,Nursing,
Rowan-Cabarrus Community College,USA,United States,North Carolina,Nursing,RCCC
Sampson Community College,USA,United States,North Carolina,Nursing,
Wake Technical Community College,USA,United States,North Carolina,Nursing,
Wayne Community College,USA,United States,North Carolina,Nursing,
Western Piedmont Community College,USA,United States,North Carolina,Nursing,WPCC
Lenoir-Rhyne University,USA,United States,North Carolina,Nursing,LR
Wingate University,USA,United States,North Carolina,Nursing,
Aultman College of Nursing and Health Sciences,USA,United States,Ohio,Nursing,
Bryant & Stratton College - Akron,USA,United States,Ohio,Nursing,
Bryant & Stratton College - East Lake / Parma,USA,United States,Ohio,Nursing,
Belmont College,USA,United States,Ohio,Nursing,
Central Ohio Technical College,USA,United States,Ohio,Nursing,COTC
Chamberlain College of Nursing - Columbus,USA,United States,Ohio,Nursing,
Christ College of Nursing and Health Sciences,USA,United States,Ohio,Nursing,
Cincinnati State Technical and Community College,USA,United States,Ohio,Nursing,
Clark State Community College,USA,United States,Ohio,Nursing,
Columbus State Community College,USA,United States,Ohio,Nursing,CSCC
Cuyahoga Community College,USA,United States,Ohio,Nursing,
Edison State Community College,USA,United States,Ohio,Nursing,
Firelands Regional Health System,USA,United States,Ohio,Nursing,
Fortis College - Centerville,USA,United States,Ohio,Nursing,
Galen College of Nursing - Cincinnati,USA,United States,Ohio,Nursing,
Good Samaritan College of Nursing & Health Science,USA,United States,Ohio,Nursing,
Herzing University - Akron Campus,USA,United States,Ohio,Nursing,
Hocking Technical College,USA,United States,Ohio,Nursing,
James A. Rhodes State College,USA,United States,Ohio,Nursing,
Kent State University,USA,United States,Ohio,Nursing,
Kettering College,USA,United States,Ohio,Nursing,KC
Lakeland Community College,USA,United States,Ohio,Nursing,
Lorain County Community College,USA,United States,Ohio,Nursing,
Marion Technical College,USA,United States,Ohio,Nursing,MTC
Mercy College of Ohio,USA,United States,Ohio,Nursing,
North Central State College,USA,United States,Ohio,Nursing,
Northwest State Community College,USA,United States,Ohio,Nursing,
Ohio University,USA,United States,Ohio,Nursing,
Ohio Valley College of Technology,USA,United States,Ohio,Nursing,OVCT
Owens Community College,USA,United States,Ohio,Nursing,
Salem City Schools,USA,United States,,Nursing,
Shawnee State University,USA,United States,Ohio,Nursing,SSU
Sinclair Community College,USA,United States,Ohio,Nursing,
Southern State Community College,USA,United States,Ohio,Nursing,SSCC
Stark State College,USA,United States,Ohio,Nursing,
Terra State Community College,USA,United States,Ohio,Nursing,
Trinity Health System,USA,United States,Ohio,Nursing,
University of Cincinnati - Blue Ash College,USA,United States,Ohio,Nursing,
University of Rio Grande,USA,United States,Ohio,Nursing,
Wayne County Career Center,USA,United States,Ohio,Nursing,
Youngstown State University,USA,United States,Ohio,Nursing,YSU
Carl Albert State College,USA,United States,Oklahoma,Nursing,
Connors State College,USA,United States,Oklahoma,Nursing,CSC
East Central University,USA,United States,Oklahoma,Nursing,
Eastern Oklahoma State College,USA,United States,Oklahoma,Nursing,EOSC
Francis Tuttle Technology Center,USA,United States,Oklahoma,Nursing,
Great Plains Technology Center,USA,United States,Oklahoma,Nursing,
Indian Capital Technology Center,USA,United States,Oklahoma,Nursing,
Langston University,USA,United States,Oklahoma,Nursing,
Meridian Technology Center,USA,United States,Oklahoma,Nursing,
Metro Technology Centers,USA,United States,Oklahoma,Nursing,
Mid-America Technology Center,USA,United States,Oklahoma,Nursing,
Moore Norman Technology Center,USA,United States,Oklahoma,Nursing,MNTC
Murray State College,USA,United States,Oklahoma,Nursing,
Northeastern Oklahoma A&M College,USA,United States,Oklahoma,Nursing,
Northeastern State University,USA,United States,Oklahoma,Nursing,NSUOK
Northern Oklahoma College,USA,United States,Oklahoma,Nursing,MOC
Northwestern Oklahoma State University,USA,United States,Oklahoma,Nursing,
Oklahoma City Community College,USA,United States,Oklahoma,Nursing,OCCC
Oklahoma City University,USA,United States,Oklahoma,Nursing,OKCU
Oklahoma Panhandle State University,USA,United States,Oklahoma,Nursing,OPSU
Oklahoma State University Institute of Technology - Okmulgee,USA,United States,Oklahoma,Nursing,OSUIT
Oklahoma State University - Oklahoma City,USA,United States,Oklahoma,Nursing,OSUOKC
Redlands Community College,USA,United States,Oklahoma,Nursing,
Rogers State University,USA,United States,Oklahoma,Nursing,
Rose State College,USA,United States,Oklahoma,Nursing,
Seminole State College,USA,United States,Oklahoma,Nursing,
Southern Oklahoma Technology Center,USA,United States,Oklahoma,Nursing,
Southwestern Oklahoma State University,USA,United States,Oklahoma,Nursing,
Tri County Technology Center,USA,United States,Oklahoma,Nursing,
Tulsa Tech,USA,United States,Oklahoma,Nursing,
Tulsa Community College,USA,United States,Oklahoma,Nursing,TCC
University of Tulsa,USA,United States,Oklahoma,Nursing,
Western Oklahoma State College,USA,United States,Oklahoma,Nursing,WOSC
Chemeketa Community College,USA,United States,Oklahoma,Nursing,
Portland Community College,USA,United States,Oregon,Nursing,PCC
Treasure Valley Community College,USA,United States,Oregon,Nursing,TVCC
Umpqua Community College,USA,United States,Oregon,Nursing,
Clackamas Community College,USA,United States,Oregon,Nursing,
Alle-Kiski Medical Center,USA,United States,Oregon,Nursing,AHN
Aria Health System,USA,United States,Pennsylvania,Nursing,
Bucks County Community College,USA,United States,Pennsylvania,Nursing,
Butler County Community College,USA,United States,Pennsylvania,Nursing,
Career Technology Center,USA,United States,Pennsylvania,Nursing,
Cedar Crest College,USA,United States,Pennsylvania,Nursing,
Central Pennsylvania Community College,USA,United States,Pennsylvania,Nursing,HACC
Central Susquehanna Intermediate Unit,USA,United States,Pennsylvania,Nursing,CSIU
Chester County Intermediate Unit,USA,United States,Pennsylvania,Nursing,CCIU
Clarion and Edinboro University of Pennsylvania,USA,United States,Pennsylvania,Nursing,
Clarion County Career Center,USA,United States,Pennsylvania,Nursing,
Clarion University of Pennsylvania,USA,United States,Pennsylvania,Nursing,
Clearfield County Career and Technology Center,USA,United States,Pennsylvania,Nursing,CCCTC
Community College of Allegheny County,USA,United States,Pennsylvania,Nursing,CCAC
Community College of Beaver County,USA,United States,Pennsylvania,Nursing,CCBC
Community College of Philadelphia,USA,United States,Pennsylvania,Nursing,CCP
Conemaugh Memorial Medical Center,USA,United States,Pennsylvania,Nursing,
Crawford County Career & Technical Center,USA,United States,Pennsylvania,Nursing,
Delaware County Community College,USA,United States,Pennsylvania,Nursing,DCCC
Delaware County Intermediate Unit #25,USA,United States,Pennsylvania,Nursing,DCIU
DeSales University,USA,United States,Pennsylvania,Nursing,
East Stroudsburg University of Pennsylvania,USA,United States,Pennsylvania,Nursing,ESU
Fayette County Career and Technical Institute,USA,United States,Pennsylvania,Nursing,
Franklin County Career and Technology Center,USA,United States,Pennsylvania,Nursing,
Geisinger-Lewistown Hospital,USA,United States,Pennsylvania,Nursing,
Greene County Career & Technology Center,USA,United States,Pennsylvania,Nursing,Greene CTC
Gwynedd-Mercy University,USA,United States,Pennsylvania,Nursing,
Harcum College,USA,United States,Pennsylvania,Nursing,
Harrisburg Area Community College,USA,United States,Pennsylvania,Nursing,HACC
Huntingdon County Career and Technology Center,USA,United States,Pennsylvania,Nursing,HCCTC
Jameson Health System,USA,United States,Pennsylvania,Nursing,UPMC
Jefferson County - DuBois AVTS,USA,United States,Pennsylvania,Nursing,
Jefferson Health - Abington Hospital,USA,United States,Pennsylvania,Nursing,
La Roche College,USA,United States,Pennsylvania,Nursing,
Lebanon College CTC,USA,United States,Pennsylvania,Nursing,
Lehigh Carbon Community College,USA,United States,Pennsylvania,Nursing,LCCC
Lenape Technical School,USA,United States,Pennsylvania,Nursing,
Lock Haven University of Pennsylvania,USA,United States,Pennsylvania,Nursing,
Luzerne County Community College,USA,United States,Pennsylvania,Nursing,LCCC
Mansfield University,USA,United States,Pennsylvania,Nursing,
Marywood University,USA,United States,Pennsylvania,Nursing,
Mercyhurst University,USA,United States,Pennsylvania,Nursing,
Mifflin County Academy of Science and Technology,USA,United States,Pennsylvania,Nursing,
Millersville University,USA,United States,Pennsylvania,Nursing,
Montgomery County Community College,USA,United States,Pennsylvania,Nursing,
Mount Aloysius College,USA,United States,Pennsylvania,Nursing,
Neumann University,USA,United States,Pennsylvania,Nursing,
Northampton Community College,USA,United States,Pennsylvania,Nursing,NCC
Northern Tier Career Center,USA,United States,Pennsylvania,Nursing,NTCC
Ohio Valley General Hospital,USA,United States,Pennsylvania,Nursing,
Pennsylvania College of Health Sciences,USA,United States,Pennsylvania,Nursing,
Pennsylvania College of Technology,USA,United States,Pennsylvania,Nursing,
Pennsylvania State University,USA,United States,Pennsylvania,Nursing,
Pittsburgh Technical Institute,USA,United States,Pennsylvania,Nursing,
Reading Area Community College,USA,United States,Pennsylvania,Nursing,RACC
Reading Hospital School of Health Sciences,USA,United States,Pennsylvania,Nursing,
Roxborough Memorial Hospital,USA,United States,Pennsylvania,Nursing,
Saint Luke's Hospital of Bethlehem,USA,United States,Pennsylvania,Nursing,SLHN
Sharon Regional Health System,USA,United States,Pennsylvania,Nursing,
Slippery Rock University,USA,United States,Pennsylvania,Nursing,SRU
University of Pittsburgh at Bradford,USA,United States,Pennsylvania,Nursing,
University of Pittsburgh at Titusville,USA,United States,Pennsylvania,Nursing,
UPMC Mercy,USA,United States,Pennsylvania,Nursing,
UPMC Presbyterian Shadyside,USA,United States,Pennsylvania,Nursing,
UPMC St. Margaret,USA,United States,Pennsylvania,Nursing,
Venango County Area Vocational Technical School,USA,United States,Pennsylvania,Nursing,
Washington Health System - Washington Hospital,USA,United States,Pennsylvania,Nursing,WHS
Western Pennsylvania Hospital,USA,United States,Pennsylvania,Nursing,
Westmoreland County Community College,USA,United States,Pennsylvania,Nursing,
Wilkes-Barre Area Career and Technical Center,USA,United States,Pennsylvania,Nursing,WBACTC
York County School of Technology,USA,United States,Pennsylvania,Nursing,
Community College of Rhode Island,USA,United States,Rhode Island,Nursing,CCRI
Lincoln Technical Institute,USA,United States,Rhode Island,Nursing,
New England Institute of Technology,USA,United States,Rhode Island,Nursing,NEIT
Our Lady of Fatima Hospital - CharterCARE Health Partners,USA,United States,Rhode Island,Nursing,
The Academy for Careers and Technology,USA,United States,South Carolina,Nursing,
Aiken Technical College,USA,United States,South Carolina,Nursing,ATC
Central Carolina Technical College,USA,United States,South Carolina,Nursing,CCTech
Charleston Southern University,USA,United States,South Carolina,Nursing,
Coastal Carolina University,USA,United States,South Carolina,Nursing,
Florence-Darlington Technical College,USA,United States,South Carolina,Nursing,FDTC
Francis Marion University,USA,United States,South Carolina,Nursing,
Greenville Technical College,USA,United States,South Carolina,Nursing,
Horry-georgetown Technical College,USA,United States,South Carolina,Nursing,HGTC
Midlands Technical College,USA,United States,South Carolina,Nursing,
Orangeburg-Calhoun Technical College,USA,United States,South Carolina,Nursing,
Piedmont Technical College,USA,United States,South Carolina,Nursing,PTC
Spartanburg Community College,USA,United States,South Carolina,Nursing,SCCSC
Technical College of the Lowcountry,USA,United States,South Carolina,Nursing,TCL
Tri-county Technical College,USA,United States,South Carolina,Nursing,TCTC
Trident Technical College,USA,United States,South Carolina,Nursing,
York Technical College/University of South Carolina Lancaster,USA,United States,South Carolina,Nursing,
Lake Area Technical Institute,USA,United States,South Dakota,Nursing,
Presentation College,USA,United States,South Dakota,Nursing,
Southeast Technical Institute,USA,United States,South Dakota,Nursing,
University of South Dakota,USA,United States,South Dakota,Nursing,USD
Aquinas College,USA,United States,Tennessee,Nursing,
Austin Peay State University,USA,United States,Tennessee,Nursing,
Chattanooga State Community College,USA,United States,Tennessee,Nursing,
Cleveland State Community College,USA,United States,Tennessee,Nursing,
Columbia State Community College,USA,United States,Tennessee,Nursing,
Dyersburg State Community College,USA,United States,Tennessee,Nursing,DSCC
Jackson State Community College,USA,United States,Tennessee,Nursing,JSCC
Lincoln Memorial University,USA,United States,Tennessee,Nursing,LMU
Lipscomb University,USA,United States,Tennessee,Nursing,
Motlow State Community College,USA,United States,Tennessee,Nursing,MSCC
Nashville State Community College,USA,United States,Tennessee,Nursing,NSCC
Northeast State Community College,USA,United States,Tennessee,Nursing,
Pellissippi State Community College,USA,United States,Tennessee,Nursing,
Roane State Community College,USA,United States,Tennessee,Nursing,
South College,USA,United States,Tennessee,Nursing,
Southern Adventist University,USA,United States,Tennessee,Nursing,
Southwest Tennessee Community College,USA,United States,Tennessee,Nursing,
Tennessee Board of Regents,USA,United States,Tennessee,Nursing,TBR
Tennessee State University,USA,United States,Tennessee,Nursing,
University of Tennessee at Martin,USA,United States,Tennessee,Nursing,UTM
Walters State Community College,USA,United States,Tennessee,Nursing,WS
Baptist College of Health Sciences,USA,United States,Tennessee,Nursing,BHCS
Alvin Community College,USA,United States,Texas,Nursing,ACC
Amarillo College,USA,United States,Texas,Nursing,
Austin Community College,USA,United States,Texas,Nursing,
Baptist Health System School of Health Professions,USA,United States,Texas,Nursing,BSHP
Blinn College,USA,United States,Texas,Nursing,
Brookhaven College,USA,United States,Texas,Nursing,
Central Texas College,USA,United States,Texas,Nursing,CTCD
College of the Mainland,USA,United States,Texas,Nursing,COM
Collin County Community College District,USA,United States,Texas,Nursing,
Covenant Health School of Nursing,USA,United States,Texas,Nursing,
Del Mar College,USA,United States,Texas,Nursing,
El Centro College,USA,United States,Texas,Nursing,
El Paso Community College,USA,United States,Texas,Nursing,EPCC
Galveston College,USA,United States,Texas,Nursing,GC
Grayson County College,USA,United States,Texas,Nursing,
Houston Baptist University,USA,United States,Texas,Nursing,HBU
Howard College,USA,United States,Texas,Nursing,
Kilgore College,USA,United States,Texas,Nursing,
Lamar University,USA,United States,Texas,Nursing,
Lamar State College Port Arthur,USA,United States,Texas,Nursing,
Laredo Community College,USA,United States,Texas,Nursing,
Lee College,USA,United States,Texas,Nursing,
Lone Star College - Cy Fair,USA,United States,Texas,Nursing,LSC-CyFair
Lone Star College - Kingwood,USA,United States,Texas,Nursing,LSC
Lone Star College - Montgomery,USA,United States,Texas,Nursing,LSC
Lone Star College - North Harris,USA,United States,Texas,Nursing,LSC
Lone Star College - Tomball,USA,United States,Texas,Nursing,LSC
Lubbock Christian University,USA,United States,Texas,Nursing,LCU
McLennan Community College,USA,United States,Texas,Nursing,
Navarro College,USA,United States,Texas,Nursing,
North Central Texas College,USA,United States,Texas,Nursing,NCTC
Northeast Texas Community College,USA,United States,Texas,Nursing,NTCC
Odessa College,USA,United States,Texas,Nursing,
Panola College,USA,United States,Texas,Nursing,
Paris Junior College,USA,United States,Texas,Nursing,
Prairie View A&M University,USA,United States,Texas,Nursing,
Sam Houston State University,USA,United States,Texas,Nursing,SHSU
San Antonio College,USA,United States,Texas,Nursing,SAC
San Jacinto College - Central Campus,USA,United States,Texas,Nursing,
San Jacinto College - South Campus,USA,United States,Texas,Nursing,
South Plains College,USA,United States,Texas,Nursing,
Stephen F. Austin State University,USA,United States,Texas,Nursing,SFASU
Tarrant County College,USA,United States,Texas,Nursing,
Temple College,USA,United States,Texas,Nursing,
Texarkana College,USA,United States,Texas,Nursing,
Texas A&M International University,USA,United States,Texas,Nursing,TAMIU
Texas Southmost College,USA,United States,Texas,Nursing,TSC
Trinity Valley Community College,USA,United States,Texas,Nursing,TVCC
Victoria College,USA,United States,Texas,Nursing,
Wayland Baptist University,USA,United States,Texas,Nursing,WBU
Weatherford College,USA,United States,Texas,Nursing,WC
Ameritech College of Healthcare,USA,United States,Utah,Nursing,
Bridgerland Applied Technology College,USA,United States,Utah,Nursing,
Davis Applied Technology College,USA,United States,Utah,Nursing,
Dixie State University,USA,United States,Utah,Nursing,
Fortis College - Salt Lake City,USA,United States,Utah,Nursing,
Mountainland Applied Technology College,USA,United States,Utah,Nursing,MTECH
Nightingale College,USA,United States,Utah,Nursing,
Ogden Weber Applied Technology College,USA,United States,Utah,Nursing,
Roseman University of Health Sciences - South Jordan,USA,United States,Utah,Nursing,
Salt Lake Community College,USA,United States,Utah,Nursing,SLCC
Snow College,USA,United States,Utah,Nursing,
Uintah Basin Applied Technology College,USA,United States,Utah,Nursing,UBTech
Utah State University - College of Eastern Utah,USA,United States,Utah,Nursing,USU
Utah Valley University,USA,United States,Utah,Nursing,UVU
Weber State University,USA,United States,Utah,Nursing,
Vermont Technical College,USA,United States,Vermont,Nursing,VTC
Blue Ridge Community College,USA,United States,Virginia,Nursing,
Bryant & Stratton College - Richmond,USA,United States,Virginia,Nursing,
"Centra Health, Inc.",USA,United States,Virginia,Nursing,
Dabney S. Lancaster Community College,USA,United States,Virginia,Nursing,DSLCC
ECPI University - Virginia Beach,USA,United States,Virginia,Nursing,
Germanna Community College - Locust Grove Campus,USA,United States,Virginia,Nursing,
Global Health College,USA,United States,Virginia,Nursing,
Henrico County - Henrico Career and Technology,USA,United States,Virginia,Nursing,Henrico CTE
J Sargeant Reynolds Community College,USA,United States,Virginia,Nursing,
John Tyler Community College,USA,United States,Virginia,Nursing,JTCC
Norfolk State University,USA,United States,Virginia,Nursing,NSU
Norfolk Technical Vocational Center,USA,United States,Virginia,Nursing,
Northern Virginia Community College,USA,United States,Virginia,Nursing,NVCC
Patrick Henry Community College,USA,United States,Virginia,Nursing,
Piedmont Virginia Community College,USA,United States,Virginia,Nursing,PVCC
Rappahannock Community College,USA,United States,Virginia,Nursing,
Riverside Health System,USA,United States,Virginia,Nursing,
Southside Regional Medical Center,USA,United States,Virginia,Nursing,
Southside Virginia Community College,USA,United States,Virginia,Nursing,
Thomas Nelson Community College,USA,United States,Virginia,Nursing,TNCC
Tidewater Community College,USA,United States,Virginia,Nursing,TCC
Tidewater Medical Training,USA,United States,Virginia,Nursing,
Virginia Appalachian Tricollege Nursing Program,USA,United States,Virginia,Nursing,VATNP
Virginia Beach City Public Schools - Career and Technology,USA,United States,Virginia,Nursing,VBCPS-CTE
Virginia Commonwealth University,USA,United States,Virginia,Nursing,
Wytheville Community College,USA,United States,Virginia,Nursing,WCC
Bellevue College,USA,United States,Washington,Nursing,
Big Bend Community College,USA,United States,Washington,Nursing,
Clark College,USA,United States,Washington,Nursing,
Columbia Basin College,USA,United States,Washington,Nursing,
Everett Community College,USA,United States,Washington,Nursing,EvCC
Grays Harbor College,USA,United States,Washington,Nursing,GHC
Highline Community College,USA,United States,Washington,Nursing,
Lake Washington Institute of Technology,USA,United States,Washington,Nursing,LWTech
Lower Columbia College,USA,United States,Washington,Nursing,
North Seattle College,USA,United States,Washington,Nursing,
Olympic College,USA,United States,Washington,Nursing,
Peninsula College,USA,United States,Washington,Nursing,
Pierce College Puyallup,USA,United States,Washington,Nursing,
Seattle Central College,USA,United States,Washington,Nursing,
Shoreline Community College,USA,United States,Washington,Nursing,
Skagit Valley College,USA,United States,Washington,Nursing,SVC
Spokane Community College,USA,United States,Washington,Nursing,SCC
Tacoma Community College,USA,United States,Washington,Nursing,
Walla Walla Community College,USA,United States,Washington,Nursing,WWCC
Wenatchee Valley College,USA,United States,Washington,Nursing,WVC
Whatcom Community College,USA,United States,Washington,Nursing,WCC
Yakima Valley Community College,USA,United States,Washington,Nursing,YVCC
Alderson Broaddus University,USA,United States,West Virginia,Nursing,AB
Blue Ridge Community and Technical College,USA,United States,West Virginia,Nursing,
Bluefield State College,USA,United States,West Virginia,Nursing,BSC
Bridgevalley Community College,USA,United States,West Virginia,Nursing,
Davis & Elkins College,USA,United States,West Virginia,Nursing,DEWV
Eastern West Virginia Community & Technical College,USA,United States,West Virginia,Nursing,
Fairmont State University,USA,United States,West Virginia,Nursing,
Marshall University,USA,United States,West Virginia,Nursing,
"Reynolds Memorial Hospital, Inc.",USA,United States,West Virginia,Nursing,WVU
Southern West Virginia Community and Technical College,USA,United States,West Virginia,Nursing,
St. Mary's Hospital and Marshall University,USA,United States,West Virginia,Nursing,
The University of Charleston,USA,United States,West Virginia,Nursing,UCWV
West Virginia Northern Community College,USA,United States,West Virginia,Nursing,WVNCC
West Virginia University at Parkersburg,USA,United States,West Virginia,Nursing,WVU
Blackhawk Technical College,USA,United States,Wisconsin,Nursing,
Bryant & Stratton College - Milwaukee West,USA,United States,Wisconsin,Nursing,
Cardinal Stritch University,USA,United States,Wisconsin,Nursing,
Chippewa Valley Technical College,USA,United States,Wisconsin,Nursing,CVTC
College of Menominee Nation,USA,United States,Wisconsin,Nursing,
Fox Valley Technical College,USA,United States,Wisconsin,Nursing,FVTC
Gateway Technical College,USA,United States,Wisconsin,Nursing,GTC
Herzing University - Madison,USA,United States,Wisconsin,Nursing,
Lakeshore Technical College,USA,United States,Wisconsin,Nursing,
Madison Area Technical College,USA,United States,Wisconsin,Nursing,
Mid-State Technical College,USA,United States,Wisconsin,Nursing,MSTC
Milwaukee Area Technical College,USA,United States,Wisconsin,Nursing,MATC
Moraine Park Technical College,USA,United States,Wisconsin,Nursing,
Nicolet Area Technical College,USA,United States,Wisconsin,Nursing,
Northcentral Technical College,USA,United States,Wisconsin,Nursing,NTC
Northeast Wisconsin Technical College,USA,United States,Wisconsin,Nursing,NWTC
Southwest Wisconsin Technical College,USA,United States,Wisconsin,Nursing,SWTC
Waukesha County Technical College,USA,United States,Wisconsin,Nursing,WCTC
Western Technical College,USA,United States,Wisconsin,Nursing,
Wisconsin Indianhead Technical College,USA,United States,Wisconsin,Nursing,
Casper College,USA,United States,Wyoming,Nursing,
Central Wyoming College,USA,United States,Wyoming,Nursing,
Laramie County Community College,USA,United States,Wyoming,Nursing,
Northern Wyoming Community College District,USA,United States,Wyoming,Nursing,NWCCD
Northwest College,USA,United States,Wyoming,Nursing,NWC
Western Wyoming Community College,USA,United States,Wyoming,Nursing,
Ashland Community & Technical College System,USA,United States,Kentucky,Nursing,
Big Sandy Community & Technical College System,USA,United States,Kentucky,Nursing,
Bluegrass Community & Technical College System,USA,United States,Kentucky,Nursing,BCTC
Elizabethtown Community & Technical College System,USA,United States,Kentucky,Nursing,
Gateway Community & Technical College System,USA,United States,Kentucky,Nursing,
Hazard Community & Technical College System,USA,United States,Kentucky,Nursing,
Henderson Community & Technical College System,USA,United States,Kentucky,Nursing,
Hopkinsville Community & Technical College System,USA,United States,Kentucky,Nursing,
Jefferson Community & Technical College System,USA,United States,Kentucky,Nursing,
Madisonville Community & Technical College System,USA,United States,Kentucky,Nursing,
Maysville Community & Technical College System,USA,United States,Kentucky,Nursing,
Owensboro Community & Technical College System,USA,United States,Kentucky,Nursing,
Somerset Community & Technical College System,USA,United States,Kentucky,Nursing,
Southcentral Kentucky Community & Technical College System,USA,United States,Kentucky,Nursing,
Southeast Kentucky Community & Technical College System,USA,United States,Kentucky,Nursing,
West Kentucky Community & Technical College System,USA,United States,Kentucky,Nursing,
Blue Ridge Community College,USA,United States,Virginia,Nursing,
Central Virginia Community College,USA,United States,Virginia,Nursing,
Dabney S. Lancaster Community College,USA,United States,Virginia,Nursing,
Danville Community College,USA,United States,Virginia,Nursing,
Eastern Shore Community College,USA,United States,Virginia,Nursing,ESCC
Germanna Community College,USA,United States,Virginia,Nursing,
J. Sargeant Reynolds Community College,USA,United States,Virginia,Nursing,
John Tyler Community College,USA,United States,Virginia,Nursing,JTCC
Lord Fairfax Community College,USA,United States,Virginia,Nursing,LFCC
Mountain Empire Community College,USA,United States,Virginia,Nursing,MECC
New River Community College,USA,United States,Virginia,Nursing,NR
Northern Virginia Community College,USA,United States,Virginia,Nursing,NVCC
Patrick Henry Community College,USA,United States,Virginia,Nursing,
Paul D. Camp Community College,USA,United States,Virginia,Nursing,PDC
Piedmont Virginia Community College,USA,United States,Virginia,Nursing,PVCC
Rappahannock Community College,USA,United States,Virginia,Nursing,RCC
Southside Virginia Community College,USA,United States,Virginia,Nursing,
Southwest Virginia Community College,USA,United States,Virginia,Nursing,
Thomas Nelson Community College,USA,United States,Virginia,Nursing,TNCC
Tidewater Community College,USA,United States,Virginia,Nursing,TCC
Virginia Highlands Community College,USA,United States,Virginia,Nursing,VHCC
Virginia Western Community College,USA,United States,Virginia,Nursing,VWCC
Wytheville Community College,USA,United States,Virginia,Nursing,WCC
Arapahoe Community College,USA,United States,Colorado,Nursing,
Colorado Northwestern Community College,USA,United States,Colorado,Nursing,
Community College of Aurora,USA,United States,Colorado,Nursing,
Community College of Denver,USA,United States,Colorado,Nursing,
Front Range Community College,USA,United States,Colorado,Nursing,FRCC
Lamar Community College,USA,United States,Colorado,Nursing,
Morgan Community College,USA,United States,Colorado,Nursing,
Northeastern Junior College,USA,United States,Colorado,Nursing,NJC
Otero Junior College,USA,United States,Colorado,Nursing,OJC
Pikes Peak Community College,USA,United States,Colorado,Nursing,
Pueblo Community College,USA,United States,Colorado,Nursing,
Red Rocks Community College,USA,United States,Colorado,Nursing,RRCC
Trinidad State Junior College,USA,United States,Colorado,Nursing,
Bob Jones University,USA,United States,South Carolina,Nursing,BJU
Massachusetts College of Pharmacy and Health Sciences,USA,United States,Massachusetts,Nursing,
Vance-Granville Community College,USA,United States,North Carolina,Nursing,VGCC
Tennessee Tech University,USA,United States,Tennessee,Nursing,
Galveston College,USA,United States,Texas,Nursing,
Porter & Chester Institute,USA,United States,Connecticut,Nursing,
State Fair Community College,USA,United States,Missouri,Nursing,SFCCMO
Kellogg Community College,USA,United States,Michigan,Nursing,
Morrisville State College,USA,United States,New York,Nursing,
University of Missouri,USA,United States,Missouri,Nursing,Mizzou
Odessa College,USA,United States,Texas,Nursing,
The University of Texas at Austin,USA,United States,Texas,Nursing,
Albany Technical College,USA,United States,Georgia,Nursing,
Schoolcraft Community College,USA,United States,Michigan,Nursing,
Texas A&M - Commerce,USA,United States,Texas,Nursing,
New Hampshire Technical Institute,USA,United States,New Hampshire,Nursing,NHTI
Harrisburg Area Community College,USA,United States,Pennsylvania,Nursing,HACC
Pittsburgh Technical College,USA,United States,Pennsylvania,Nursing,
College of San Mateo,USA,United States,California,Nursing,
Taylor College,USA,United States,Florida,Nursing,
T.C. Harran University,TUR,Turkey,,EMT/ Paramedic,
Auckland University of Technology,NZL,New Zealand,,Podiatry,
National University of Ireland Galway,IRL,Ireland,,Podiatry,NUIG
Birmingham Metropolitan College,GBR,United Kingdom,,Podiatry,
Cardiff Metropolitan University,GBR,United Kingdom,,Podiatry,
Glasgow Caledonian University,GBR,United Kingdom,,Podiatry,
New College Durham,GBR,United Kingdom,,Podiatry,
Queen Margaret University,GBR,United Kingdom,,Podiatry,
The University of Northampton,GBR,United Kingdom,,Podiatry,
University of Brighton,GBR,United Kingdom,,Podiatry,
University of East London,GBR,United Kingdom,,Podiatry,
University of Huddersfield,GBR,United Kingdom,,Podiatry,
University of Plymouth,GBR,United Kingdom,,Podiatry,
University of Salford,GBR,United Kingdom,,Podiatry,
University of Southampton,GBR,United Kingdom,,Podiatry,
University of Ulster,GBR,United Kingdom,,Podiatry,
University of Alberta Faculty of Medicine and Dentistry,CAN,Canada,Alberta,Physician,
University of Calgary Cumming School of Medicine,CAN,Canada,Alberta,Physician,
University of British Columbia Faculty of Medicine,CAN,Canada,British Columbia,Physician,
University of Manitoba College of Medicine,CAN,Canada,Manitoba,Physician,
Memorial University of Newfoundland Faculty of Medicine,CAN,Canada,Newfoundland and Labrador,Physician,
Dalhousie University Faculty of Medicine,CAN,Canada,Nova Scotia,Physician,
McMaster University Medical School,CAN,Canada,Ontario,Physician,
Northern Ontario School of Medicine,CAN,Canada,Ontario,Physician,
Queen's School of Medicine,CAN,Canada,Ontario,Physician,
"Schulich School of Medicine & Dentistry, Univeristy of Western Ontario",CAN,Canada,Ontario,Physician,
University of Ottawa Faculty of Medicine,CAN,Canada,Ontario,Physician,
University of Toronto Faculty of Medicine,CAN,Canada,Ontario,Physician,
Université Laval Faculté de Médecine,CAN,Canada,Quebec,Physician,
McGill University Faculty of Medicine,CAN,Canada,Quebec,Physician,
University de Montreal Facultie de Medecine,CAN,Canada,Quebec,Physician,
Université de Sherbrookefaculté De Médecine et des Sciences de la Santé,CAN,Canada,Quebec,Physician,
University of Saskatchewan College of Medicine,CAN,Canada,Saskatchewan,Physician,
McMaster University,CAN,Canada,Ontario,PA,Mac
The Consortium of PA Education ,CAN,Canada,Ontario,PA,
Canadian Forces Health Services Training Centre Program,CAN,Canada,Ontario,PA,
University of Manitoba,CAN,Canada,Manitoba,PA,
Canadian Forces Health Services Training Program,CAN,Canada,,PA,
University of Saskatchewan,CAN,Canada,Saskatchewan,Dentistry,
University of Alberta,CAN,Canada,Alberta,Dentistry,
University of British Columbia,CAN,Canada,British Columbia,Dentistry,
University of Manitoba,CAN,Canada,Manitoba,Dentistry,
University of Toronto,CAN,Canada,Ontario,Dentistry,
Western University,CAN,Canada,Ontario,Dentistry,UWO
McGill University,CAN,Canada,Quebec,Dentistry,
Université De Montréal,CAN,Canada,Quebec,Dentistry,
Université Laval,CAN,Canada,Quebec,Dentistry,
Dalhousie University,CAN,Canada,Nova Scotia,Dentistry,
Concordia University,CAN,Canada,Quebec,Psychology,
Dalhousie University,CAN,Canada,Nova Scotia,Psychology,
Lakehead University,CAN,Canada,Ontario,Psychology,
McGill University,CAN,Canada,Quebec,Psychology,
Oise - University of Toronto,CAN,Canada,Ontario,Psychology,
Queen's University,CAN,Canada,Ontario,Psychology,
Ryerson University,CAN,Canada,Ontario,Psychology,
Simon Fraser University,CAN,Canada,British Columbia,Psychology,
Université Laval,CAN,Canada,Quebec,Psychology,
Université de Montréal,CAN,Canada,Quebec,Psychology,
University of Alberta,CAN,Canada,Alberta,Psychology,
University of British Columbia,CAN,Canada,British Columbia,Psychology,UBC
University of Calgary,CAN,Canada,Alberta,Psychology,
University of Guelph,CAN,Canada,Ontario,Psychology,
University of Manitoba,CAN,Canada,Manitoba,Psychology,
University of New Brunswick,CAN,Canada,New Brunswick,Psychology,
University of Ottawa,CAN,Canada,Ontario,Psychology,
University of Regina,CAN,Canada,Saskatchewan,Psychology,
University of Saskatchewan,CAN,Canada,Saskatchewan,Psychology,USask
University of Victoria,CAN,Canada,British Columbia,Psychology,UVIc
University of Waterloo,CAN,Canada,Ontario,Psychology,
University of Western Ontario,CAN,Canada,Ontario,Psychology,UWO
University of Windsor,CAN,Canada,Ontario,Psychology,
York University,CAN,Canada,Ontario,Psychology,York U
University of Alberta,CAN,Canada,Alberta,Pharmacy,
University of British Columbia,CAN,Canada,British Columbia,Pharmacy,UBC
Dalhousie University,CAN,Canada,Nova Scotia,Pharmacy,
Université Laval,CAN,Canada,Quebec,Pharmacy,
University of Manitoba,CAN,Canada,Manitoba,Pharmacy,
Memorial University of Newfoundland,CAN,Canada,Newfoundland and Labrador,Pharmacy,
Université De Montréal,CAN,Canada,Quebec,Pharmacy,
University of Saskatchewan,CAN,Canada,Saskatchewan,Pharmacy,
University of Toronto,CAN,Canada,Ontario,Pharmacy,
University of Waterloo,CAN,Canada,Ontario,Pharmacy,
University of Waterloo,CAN,Canada,Ontario,Optometry,
Université De Montréal,CAN,Canada,Quebec,Optometry,
Emergency Services Academy,CAN,Canada,Ontario,EMT/ Paramedic,
Keyano College,CAN,Canada,Alberta,EMT/ Paramedic,
Medicine Hat College,CAN,Canada,Alberta,EMT/ Paramedic,
Northern Alberta Institute of Technology,CAN,Canada,Alberta,EMT/ Paramedic,
Northern Lakes College,CAN,Canada,Alberta,EMT/ Paramedic,
Portage College,CAN,Canada,Alberta,EMT/ Paramedic,
Professional Medical Associates,CAN,Canada,,EMT/ Paramedic,
Southern Alberta Institute of Technology,CAN,Canada,Alberta,EMT/ Paramedic,SAIT
British Columbia Emergency Health Services,CAN,Canada,British Columbia,EMT/ Paramedic,
Heartsafe Emergency Medical Solutions,CAN,Canada,Ontario,EMT/ Paramedic,
Justice Institute of British Columbia,CAN,Canada,British Columbia,EMT/ Paramedic,
Criti Care EMS,CAN,Canada,Manitoba,EMT/ Paramedic,
Manitoba Emergency Services College,CAN,Canada,Manitoba,EMT/ Paramedic,
Red River College,CAN,Canada,Manitoba,EMT/ Paramedic,
Winnipeg Fire Paramedic Service,CAN,Canada,Manitoba,EMT/ Paramedic,
Medavie Healthed,CAN,Canada,Manitoba,EMT/ Paramedic,
Oulton College,CAN,Canada,New Brunswick,EMT/ Paramedic,
College of the North Atlantic,CAN,Canada,Newfoundland and Labrador,EMT/ Paramedic,
Medavie Healthed,CAN,Canada,New Brunswick,EMT/ Paramedic,
Algonquin College of Applied Arts and Technology,CAN,Canada,Ontario,EMT/ Paramedic,
Cambrian College of Applied Arts and Technology,CAN,Canada,Ontario,EMT/ Paramedic,
CTS Canadian Career College,CAN,Canada,Ontario,EMT/ Paramedic,
Durham College,CAN,Canada,Ontario,EMT/ Paramedic,
Fanshawe College of Applied Arts and Technology,CAN,Canada,Ontario,EMT/ Paramedic,
Georgian College of Applied Arts and Technology,CAN,Canada,Ontario,EMT/ Paramedic,
Humber Institute of Technology and Advanced Learning,CAN,Canada,Ontario,EMT/ Paramedic,
La Cité Collégiale,CAN,Canada,Ontario,EMT/ Paramedic,
Lambton College of Applied Arts and Technology,CAN,Canada,Ontario,EMT/ Paramedic,
Niagara College of Applied Arts and Technology,CAN,Canada,Ontario,EMT/ Paramedic,
Ornge,CAN,Canada,Ontario,EMT/ Paramedic,
Toronto Paramedic Services,CAN,Canada,Ontario,EMT/ Paramedic,
Holland College,CAN,Canada,Prince Edward Island,EMT/ Paramedic,
Collège Ahuntsic,CAN,Canada,Quebec,EMT/ Paramedic,
Saskatchewan Polytechnic,CAN,Canada,Saskatchewan,EMT/ Paramedic,
Fleming College,CAN,Canada,Ontario,EMT/ Paramedic,
St. Lawrence College,CAN,Canada,Ontario,EMT/ Paramedic,
L'Université du Québec à Trois-Rivières,CAN,Canada,Quebec,Podiatry,
George Brown College,CAN,Canada,Ontario,Podiatry,
The Michener Institute of Applied Health Sciences,CAN,Canada,Ontario,Podiatry,
University of British Columbia,CAN,Canada,British Columbia,Physiotherapy,UBC
University of Alberta,CAN,Canada,Alberta,Physiotherapy,
University of Saskatchewan,CAN,Canada,Saskatchewan,Physiotherapy,
University of Manitoba,CAN,Canada,Manitoba,Physiotherapy,USask
Western University,CAN,Canada,Ontario,Physiotherapy,UWO
McMaster University,CAN,Canada,Ontario,Physiotherapy,Mac
University of Toronto,CAN,Canada,Ontario,Physiotherapy,U of T
Queen's University,CAN,Canada,Ontario,Physiotherapy,
Ottawa University / Université D'ottawa ,CAN,Canada,Ontario,Physiotherapy,Ottawa U
McGill University,CAN,Canada,Quebec,Physiotherapy,
Université De Montréal,CAN,Canada,Quebec,Physiotherapy,
Université De Sherbrooke,CAN,Canada,Quebec,Physiotherapy,
Université Laval,CAN,Canada,Quebec,Physiotherapy,
Université Du Québec a Chicoutimi,CAN,Canada,Quebec,Physiotherapy,
Dalhousie University,CAN,Canada,Nova Scotia,Physiotherapy,
McMaster University,CAN,Canada,Ontario,Occupation Therapy,
McGill University,CAN,Canada,Quebec,Occupation Therapy,
University of Toronto,CAN,Canada,Ontario,Occupation Therapy,
University of Western Ontario,CAN,Canada,Ontario,Occupation Therapy,
University of Sherbrooke,CAN,Canada,Quebec,Occupation Therapy,
Université De Montréal,CAN,Canada,Quebec,Occupation Therapy,
Queen's University,CAN,Canada,Ontario,Occupation Therapy,
University of Manitoba,CAN,Canada,Manitoba,Occupation Therapy,
University of Quebec - Trois-Rivières,CAN,Canada,Quebec,Occupation Therapy,
Université Laval,CAN,Canada,Quebec,Occupation Therapy,
University of British Columbia,CAN,Canada,British Columbia,Occupation Therapy,
Dalhousie University,CAN,Canada,Nova Scotia,Occupation Therapy,
University of Alberta,CAN,Canada,Alberta,Occupation Therapy,
University of Ottawa,CAN,Canada,Ontario,Occupation Therapy,
Brandon University Bachelor of Nursing Program,CAN,Canada,Manitoba,Nursing,
Université De Saint-boniface Baccalaureate Program,CAN,Canada,Manitoba,Nursing,
Red River College Bachelor of Nursing Program,CAN,Canada,Manitoba,Nursing,
University of Manitoba,CAN,Canada,Manitoba,Nursing,
Assiniboine Community College,CAN,Canada,Manitoba,Nursing,
Université De Saint-boniface,CAN,Canada,Manitoba,Nursing,
University College of the North,CAN,Canada,Manitoba,Nursing,UCN
Algonquin College,CAN,Canada,Ontario,Nursing,
Cambrian College,CAN,Canada,Ontario,Nursing,
Canadore College,CAN,Canada,Ontario,Nursing,
Centennial College,CAN,Canada,Ontario,Nursing,
Centennial College,CAN,Canada,Ontario,Nursing,
Collège Boréal,CAN,Canada,Ontario,Nursing,
Confederation College,CAN,Canada,Ontario,Nursing,
Conestoga College,CAN,Canada,Ontario,Nursing,
Durham College,CAN,Canada,Ontario,Nursing,
Fanshawe College,CAN,Canada,Ontario,Nursing,
Fleming College,CAN,Canada,Ontario,Nursing,
George Brown College,CAN,Canada,Ontario,Nursing,
Georgian College,CAN,Canada,Ontario,Nursing,
Humber College,CAN,Canada,Ontario,Nursing,
La Cité Collégiale,CAN,Canada,Ontario,Nursing,
Lambton College,CAN,Canada,Ontario,Nursing,
Loyalist College,CAN,Canada,Ontario,Nursing,
Mohawk College,CAN,Canada,Ontario,Nursing,
Niagara College,CAN,Canada,Ontario,Nursing,
Northern College,CAN,Canada,Ontario,Nursing,
Sault College,CAN,Canada,Ontario,Nursing,
Seneca College,CAN,Canada,Ontario,Nursing,
Sheridan College,CAN,Canada,Ontario,Nursing,
St. Clair College,CAN,Canada,Ontario,Nursing,
St. Lawrence College,CAN,Canada,Ontario,Nursing,
Western University,CAN,Canada,Ontario,Nursing,UWO
Brock University,CAN,Canada,Ontario,Nursing,
Lakehead University,CAN,Canada,Ontario,Nursing,
Laurentian University,CAN,Canada,Ontario,Nursing,
McMaster University,CAN,Canada,Ontario,Nursing,
Nipissing University,CAN,Canada,Ontario,Nursing,
Queens University,CAN,Canada,Ontario,Nursing,
Ryerson University,CAN,Canada,Ontario,Nursing,
Trent University,CAN,Canada,Ontario,Nursing,
University of Ontario Institute of Technology,CAN,Canada,Ontario,Nursing,UOIT
University of Ottawa,CAN,Canada,Ontario,Nursing,
University of Toronto,CAN,Canada,Ontario,Nursing,
University of Western Ontario,CAN,Canada,Ontario,Nursing,UWO
University of Windsor,CAN,Canada,Ontario,Nursing,
York University,CAN,Canada,Ontario,Nursing,
Centennial College,CAN,Canada,Ontario,Nursing,
George Brown College,CAN,Canada,Ontario,Nursing,
Georgian College,CAN,Canada,Ontario,Nursing,
Humber College,CAN,Canada,Ontario,Nursing,
Seneca College,CAN,Canada,Ontario,Nursing,
Cambrian College,CAN,Canada,Ontario,Nursing,
Canadore College,CAN,Canada,Ontario,Nursing,
Collège Boréal,CAN,Canada,Ontario,Nursing,
Confederation College,CAN,Canada,Ontario,Nursing,
Northern College,CAN,Canada,Ontario,Nursing,
Sault College,CAN,Canada,Ontario,Nursing,
Algonquin College,CAN,Canada,Ontario,Nursing,
Durham College (University of Ontario Institute of Technology),CAN,Canada,Ontario,Nursing,UOIT
Fleming College,CAN,Canada,Ontario,Nursing,
La Cité Collégiale,CAN,Canada,Ontario,Nursing,
Loyalist College,CAN,Canada,Ontario,Nursing,
St. Lawrence College,CAN,Canada,Ontario,Nursing,
Conestoga College,CAN,Canada,Ontario,Nursing,
Fanshawe College,CAN,Canada,Ontario,Nursing,
Lambton College,CAN,Canada,Ontario,Nursing,
Mohawk College,CAN,Canada,Ontario,Nursing,
St. Clair College ,CAN,Canada,Ontario,Nursing,
University of Prince Edward Island,CAN,Canada,Prince Edward Island,Nursing,
Campus Notre-dame-de-foy,CAN,Canada,Quebec,Nursing,
Cégep André-laurendeau,CAN,Canada,Quebec,Nursing,
Cégep Beauce-appalaches,CAN,Canada,Quebec,Nursing,
Cégep de Baie-comeau,CAN,Canada,Quebec,Nursing,
Cégep de Chicoutimi,CAN,Canada,Quebec,Nursing,
Cégep de Drummondville,CAN,Canada,Quebec,Nursing,
Cégep de Granby Haute-Yamaska,CAN,Canada,Quebec,Nursing,
Cégep de Jonquière,CAN,Canada,Quebec,Nursing,
Cégep de l'Abitibi-Témiscamingue,CAN,Canada,Quebec,Nursing,
Cégep de l'Outaouais,CAN,Canada,Quebec,Nursing,
Cégep de la Gaspésie et des Îles,CAN,Canada,Quebec,Nursing,
Cégep de la Pocatière,CAN,Canada,Quebec,Nursing,
Cégep de Lévis-Lauzon,CAN,Canada,Quebec,Nursing,
Cégep de Limoilou,CAN,Canada,Quebec,Nursing,
Cégep de Matane,CAN,Canada,Quebec,Nursing,
Cégep de Rimouski,CAN,Canada,Quebec,Nursing,
Cégep de Rivière-du-Loup,CAN,Canada,Quebec,Nursing,
Cégep de Saint-Félicien,CAN,Canada,Quebec,Nursing,
Cégep de Saint-hyacinthe,CAN,Canada,Quebec,Nursing,
Cégep de Saint-Jérôme,CAN,Canada,Quebec,Nursing,
Cégep de Saint-Laurent,CAN,Canada,Quebec,Nursing,
Cégep de Sainte-Foy,CAN,Canada,Quebec,Nursing,
Cégep de Sept-Îles,CAN,Canada,Quebec,Nursing,
Cégep de Sherbrooke,CAN,Canada,Quebec,Nursing,
Cégep de Sorel-Tracy,CAN,Canada,Quebec,Nursing,
Cégep de Trois-Rivières,CAN,Canada,Quebec,Nursing,
Cégep de Victoriaville,CAN,Canada,Quebec,Nursing,
Cégep du Vieux Montréal,CAN,Canada,Quebec,Nursing,
Cégep Gérald-Godin,CAN,Canada,Quebec,Nursing,
Cégep John Abbott,CAN,Canada,Quebec,Nursing,
Cégep Régional De Lanaudière,CAN,Canada,Quebec,Nursing,
Cégep Saint-ean-sur-Richelieu,CAN,Canada,Quebec,Nursing,
Champlain College - Campus Lennoxville,CAN,Canada,Quebec,Nursing,
Champlain College Saint-Lambert,CAN,Canada,Quebec,Nursing,
Collège d'Alma,CAN,Canada,Quebec,Nursing,
Collège Dawson,CAN,Canada,Quebec,Nursing,
Collège de Bois-de-Boulogne,CAN,Canada,Quebec,Nursing,
Collège de Maisonneuve,CAN,Canada,Quebec,Nursing,
Collège de Valleyfield,CAN,Canada,Quebec,Nursing,
Cégep Edouard Montpetit,CAN,Canada,Quebec,Nursing,
Cégep Garneau,CAN,Canada,Quebec,Nursing,
Collège Héritage,CAN,Canada,Quebec,Nursing,
Collège Lionel-Groulx,CAN,Canada,Quebec,Nursing,
Collège Montmorency,CAN,Canada,Quebec,Nursing,
Collège de Rosemont,CAN,Canada,Quebec,Nursing,
Collège Shawinigan,CAN,Canada,Quebec,Nursing,
Vanier College,CAN,Canada,Quebec,Nursing,
Laval University,CAN,Canada,Quebec,Nursing,
Montreal University,CAN,Canada,Quebec,Nursing,
McGill University,CAN,Canada,Quebec,Nursing,
Université du Québec à Chicoutimi ,CAN,Canada,Quebec,Nursing,
Université du Québec à Rimouski ,CAN,Canada,Quebec,Nursing,
Université du Québec à Trois-Rivières,CAN,Canada,Quebec,Nursing,
Université du Québec en Abitibi-Témiscamingue,CAN,Canada,Quebec,Nursing,
Université du Québec en Outaouais,CAN,Canada,Quebec,Nursing,
University of Sherbrooke,CAN,Canada,Quebec,Nursing,
Cape Breton University,CAN,Canada,Nova Scotia,Nursing,
Dalhousie University,CAN,Canada,Nova Scotia,Nursing,
St. Francis Xavier University,CAN,Canada,Nova Scotia,Nursing,
Nova Scotia Community College,CAN,Canada,Nova Scotia,Nursing,NSCC
Université de Moncton,CAN,Canada,New Brunswick,Nursing,
University of New Brunswick,CAN,Canada,New Brunswick,Nursing,
New Brunswick Community College,CAN,Canada,New Brunswick,Nursing,NBCC
Oulton College,CAN,Canada,New Brunswick,Nursing,
"Bathurst, Campbellton, ,dieppe, Edmundston, Peninsule Acdienne:

 Ccnb Network Site",CAN,Canada,,Nursing,
University of Regina,CAN,Canada,Saskatchewan,Nursing,
Saskatchewan Polytechnic,CAN,Canada,Saskatchewan,Nursing,
University of Saskatchewan,CAN,Canada,Saskatchewan,Nursing,USask
University of Saskatchewan & Siast,CAN,Canada,Saskatchewan,Nursing,
British Columbia Institute of Technology Baccalaureate Registered Nurse Program,CAN,Canada,Saskatchewan,Nursing,BCIT
Camosun College With University of Victoria,CAN,Canada,British Columbia,Nursing,
College of New Caledonia With University of Northern British Columbia,CAN,Canada,British Columbia,Nursing,
College of the Rockies With University of Victoria,CAN,Canada,British Columbia,Nursing,
Aurora College,CAN,Canada,Northwest Territories,Nursing,
Douglas College,CAN,Canada,British Columbia,Nursing,
Kwantlen Polytechnic University ,CAN,Canada,British Columbia,Nursing,KPU
Langara College Baccalaureate Registered Nurse Program,CAN,Canada,British Columbia,Nursing,
North Island College With Vancouver Island University,CAN,Canada,British Columbia,Nursing,
Northwest Community College With University of Northern British Columbia,CAN,Canada,British Columbia,Nursing,
Okanagan College With University of British Columbia,CAN,Canada,British Columbia,Nursing,
Selkirk College With University of Victoria,CAN,Canada,British Columbia,Nursing,
Thompson Rivers University,CAN,Canada,British Columbia,Nursing,
Thompson Rivers University - Open Learning,CAN,Canada,British Columbia,Nursing,
Trinity Western University,CAN,Canada,Ontario,Nursing,
University of British Columbia,CAN,Canada,British Columbia,Nursing,UBC
University of British Columbia-okanagan Baccalaureate Registered Nurse Program,CAN,Canada,British Columbia,Nursing,
University of Northern British Columbia With College of New Caledonia,CAN,Canada,British Columbia,Nursing,
University of Northern British Columbia With Northwest Community College,CAN,Canada,British Columbia,Nursing,
University of the Fraser Valley,CAN,Canada,British Columbia,Nursing,UFV
University of Victoria With Camosun College,CAN,Canada,British Columbia,Nursing,
University of Victoria With College of the Rockies,CAN,Canada,British Columbia,Nursing,
University of Victoria With Selkirk College,CAN,Canada,British Columbia,Nursing,
Vancouver Community College,CAN,Canada,British Columbia,Nursing,
Vancouver Island University,CAN,Canada,British Columbia,Nursing,
Vancouver Island University With North Island College,CAN,Canada,British Columbia,Nursing,
Canadian Health Care Academy,CAN,Canada,British Columbia,Nursing,
College of the Rockies,CAN,Canada,British Columbia,Nursing,
Discovery Community College,CAN,Canada,British Columbia,Nursing,
Sprott Shaw College,CAN,Canada,British Columbia,Nursing,SSCL
Vancouver Career College,CAN,Canada,British Columbia,Nursing,
Vancouver Community College,CAN,Canada,British Columbia,Nursing,
Camosun College,CAN,Canada,British Columbia,Nursing,
CDI College,CAN,Canada,Ontario,Nursing,
College of New Caledonia,CAN,Canada,British Columbia,Nursing,CNC
North Island College,CAN,Canada,British Columbia,Nursing,
Northern Lights College,CAN,Canada,British Columbia,Nursing,
Okanagan College,CAN,Canada,British Columbia,Nursing,
Stenberg College,CAN,Canada,British Columbia,Nursing,
Thompson Rivers University,CAN,Canada,British Columbia,Nursing,
University of the Fraser Valley,CAN,Canada,British Columbia,Nursing,
Vancouver Career College,CAN,Canada,British Columbia,Nursing,
Vancouver Island University,CAN,Canada,British Columbia,Nursing,
Nicola Valley Institute of Technology,CAN,Canada,British Columbia,Nursing,
Athabasca University,CAN,Canada,Alberta,Nursing,
Grande Prairie Regional College,CAN,Canada,Alberta,Nursing,GPRC
Keyano College,CAN,Canada,Alberta,Nursing,
Lethbridge College,CAN,Canada,Alberta,Nursing,
MacEwan University - Re-entry Rn,CAN,Canada,Alberta,Nursing,
MacEwan University - Re-entry Rn,CAN,Canada,Alberta,Nursing,
Medicine Hat College,CAN,Canada,Alberta,Nursing,
Mount Royal University,CAN,Canada,Alberta,Nursing,
Red Deer College,CAN,Canada,Alberta,Nursing,
University of Alberta,CAN,Canada,Alberta,Nursing,
University of Calgary,CAN,Canada,Alberta,Nursing,
University of Lethbridge,CAN,Canada,Alberta,Nursing,
Keyano College,CAN,Canada,Alberta,Nursing,
Northern Lakes College,CAN,Canada,Alberta,Nursing,
Portage College,CAN,Canada,Alberta,Nursing,
Norquest College,CAN,Canada,Alberta,Nursing,
Prairie College of Applied Arts and Technology,CAN,Canada,Alberta,Nursing,
Red Deer College,CAN,Canada,Alberta,Nursing,
Bow Valley College,CAN,Canada,Alberta,Nursing,
Columbia College,CAN,Canada,Ontario,Nursing,
Lethbridge College,CAN,Canada,Alberta,Nursing,
Medicine Hat College,CAN,Canada,Alberta,Nursing,
Memorial University of Newfoundland School of Nursing,CAN,Canada,Newfoundland and Labrador,Nursing,
Western Regional School of Nursing,CAN,Canada,Newfoundland and Labrador,Nursing,
Centre for Nursing Studies,CAN,Canada,Newfoundland and Labrador,Nursing,CNS
College of the North Atlantic,CAN,Canada,Newfoundland and Labrador,Nursing,
Edith Cowen University,AUS,Australia,,EMT/ Paramedic,
Australian Catholic Inuveristy,AUS,Australia,,EMT/ Paramedic,
Auckland University of Technology,AUS,Australia,,Podiatry,
Australasian College of Podiatric Surgeons,AUS,Australia,,Podiatry,
Central Queensland University,AUS,Australia,,Podiatry,
Charles Sturt University,AUS,Australia,,Podiatry,
La Trobe University,AUS,Australia,,Podiatry,
Queensland University of Technology,AUS,Australia,,Podiatry,
Southern Cross University,AUS,Australia,,Podiatry,
The University of Western Australia,AUS,Australia,,Podiatry,
University of Newcastle,AUS,Australia,,Podiatry,
University of South Australia,AUS,Australia,,Podiatry,
University of Western Sydney,AUS,Australia,,Podiatry,
